usablegc,usablevc,density,porosity,Ri,SSA,SPV,du,metalw,metala
0.2294,0.003505,1.525,0.040,2.22,632,0.026,289.000,19.449,3.704
0.1965,0.003082,1.566,0.020,1.77,529,0.013,289.000,19.449,3.704
1.3542,0.013027,0.949,0.300,5.70,3024,0.316,217.000,24.053,7.143
0.3773,0.004750,1.255,0.040,2.27,1002,0.032,233.000,15.330,2.439
0.4118,0.005179,1.253,0.040,2.41,1085,0.032,465.000,15.330,2.439
0.2030,0.003259,1.602,0.040,2.47,604,0.025,193.000,14.147,1.053
0.2606,0.004917,1.882,0.060,2.18,728,0.032,225.000,37.247,5.128
2.0374,0.014022,0.674,0.440,9.40,2735,0.652,181.000,21.872,2.500
0.2535,0.004854,1.910,0.040,2.14,713,0.021,225.000,37.450,5.128
0.2501,0.004854,1.936,0.040,2.12,647,0.021,225.000,37.582,5.128
0.2488,0.004922,1.973,0.040,2.10,705,0.020,225.000,38.133,5.128
0.2324,0.004736,2.033,0.040,2.07,656,0.020,225.000,39.117,5.128
0.2391,0.004930,2.057,0.040,2.06,609,0.019,225.000,39.370,5.128
0.2293,0.004821,2.098,0.020,2.05,656,0.010,225.000,40.189,5.128
0.2312,0.003119,1.347,0.080,2.17,776,0.059,249.000,18.550,3.371
0.1663,0.002409,1.447,0.020,2.13,429,0.014,373.000,14.999,2.920
0.4721,0.005779,1.219,0.120,3.43,1172,0.098,177.000,21.714,3.279
0.1257,0.002437,1.936,0.0001,1.92,321,0.0001,257.000,27.495,2.500
0.3632,0.004785,1.313,0.080,2.74,1453,0.061,161.000,31.020,5.556
0.6557,0.008484,1.286,0.120,4.13,1444,0.093,241.000,26.823,5.556
0.7096,0.008933,1.250,0.120,2.62,1384,0.096,217.000,19.386,3.704
0.1301,0.002332,1.791,0.060,2.52,482,0.034,177.000,25.122,3.030
0.0739,0.001157,1.566,0.060,1.70,458,0.038,289.000,19.982,5.556
1.0298,0.010590,1.018,0.140,3.24,2164,0.138,217.000,29.720,6.667
0.7346,0.008353,1.129,0.100,3.03,1830,0.089,241.000,13.503,2.381
0.8442,0.009915,1.165,0.220,3.56,1959,0.189,245.000,26.643,2.247
0.6141,0.007781,1.260,0.120,2.61,1736,0.095,153.000,11.036,1.149
0.6938,0.007330,1.050,0.100,2.45,2142,0.095,241.000,13.549,1.961
0.7485,0.008175,1.084,0.160,3.72,2020,0.148,165.000,22.251,2.143
2.3612,0.014131,0.585,0.460,6.58,4023,0.787,937.000,17.100,3.125
0.2447,0.004864,1.984,0.0001,1.98,308,0.0001,209.000,27.150,8.889
0.3116,0.003891,1.245,0.040,2.42,995,0.032,353.000,10.447,1.786
0.7491,0.008354,1.107,0.220,3.42,1717,0.199,189.000,23.738,2.299
0.1919,0.003428,1.783,0.080,2.59,577,0.045,169.000,30.054,6.250
1.2012,0.014501,1.193,0.340,4.08,1948,0.285,177.000,43.165,6.452
1.6198,0.018780,1.141,0.340,5.01,1684,0.298,177.000,46.118,6.897
0.1401,0.002300,1.640,0.040,1.96,349,0.024,241.000,23.138,4.255
0.1199,0.001981,1.650,0.040,1.87,366,0.024,241.000,23.138,4.255
0.1204,0.001980,1.644,0.040,1.97,347,0.024,241.000,23.138,4.255
0.1145,0.001895,1.653,0.040,1.99,359,0.024,241.000,23.138,4.255
0.1966,0.002887,1.466,0.040,2.27,771,0.027,241.000,23.138,4.255
2.0958,0.014915,0.697,0.420,5.47,3256,0.603,313.000,22.923,3.000
2.1309,0.014474,0.665,0.440,9.12,3781,0.662,769.000,21.354,4.167
1.6694,0.012764,0.752,0.260,9.02,2819,0.346,385.000,19.374,3.191
4.1932,0.015364,0.351,0.680,13.17,5108,1.936,1249.000,16.205,2.778
3.4495,0.015274,0.428,0.580,9.98,4463,1.356,697.000,23.255,4.959
2.0309,0.013275,0.641,0.460,5.17,3863,0.718,209.000,20.071,1.734
0.6446,0.008194,1.263,0.080,2.88,1469,0.063,229.000,18.591,3.571
0.5660,0.007287,1.281,0.100,2.86,1332,0.078,305.000,18.591,3.571
1.0537,0.010867,1.021,0.200,3.40,2524,0.196,257.000,22.263,2.632
0.1228,0.002688,2.187,0.040,2.87,260,0.018,237.000,30.076,6.731
0.1358,0.001672,1.230,0.0001,2.00,401,0.0001,193.000,22.719,3.030
0.6541,0.008149,1.238,0.060,2.34,1441,0.048,265.000,17.669,2.857
0.6287,0.007827,1.238,0.060,2.22,1419,0.048,265.000,16.599,2.857
0.6897,0.011373,1.638,0.140,2.77,1081,0.085,111.000,42.183,13.139
0.6853,0.011733,1.701,0.140,2.71,966,0.082,111.000,42.700,13.139
0.6699,0.011780,1.747,0.060,2.70,933,0.034,111.000,41.541,13.139
0.6786,0.011934,1.747,0.060,2.69,888,0.034,111.000,41.541,13.139
0.5363,0.006558,1.217,0.240,2.99,1574,0.197,385.000,22.294,1.770
0.4961,0.006420,1.288,0.140,2.97,1298,0.109,193.000,23.889,1.770
0.4756,0.006285,1.316,0.140,2.97,1267,0.106,193.000,24.713,1.770
0.2204,0.002861,1.296,0.020,2.35,799,0.015,321.000,12.028,1.818
2.9252,0.015401,0.511,0.560,11.01,4300,1.095,229.000,10.466,1.887
0.1042,0.002319,2.223,0.020,2.79,249,0.009,237.000,30.076,6.731
3.3333,0.014348,0.416,0.580,12.84,3345,1.393,3073.000,13.494,2.222
1.5269,0.011500,0.742,0.420,3.81,3693,0.566,145.000,16.339,2.655
2.5472,0.014235,0.545,0.400,7.72,4843,0.734,289.000,7.944,1.333
0.5063,0.005705,1.121,0.0001,2.09,1617,0.0001,181.000,10.188,1.639
0.2415,0.003787,1.565,0.040,2.20,552,0.026,321.000,20.277,3.704
0.2480,0.003943,1.587,0.080,2.20,578,0.050,321.000,20.277,3.704
1.4106,0.013094,0.915,0.420,4.80,2591,0.459,133.000,11.301,2.083
0.1890,0.002993,1.581,0.0001,2.23,439,0.0001,273.000,22.782,2.273
0.2780,0.004358,1.563,0.100,2.17,952,0.064,157.000,27.921,5.556
0.0957,0.001950,2.037,0.0001,1.69,478,0.0001,129.000,42.232,6.250
0.7468,0.008042,1.069,0.080,2.31,1899,0.075,305.000,13.466,2.041
0.6917,0.007079,1.017,0.100,3.67,1835,0.098,187.000,15.012,2.222
0.1628,0.002727,1.672,0.0001,1.89,648,0.0001,201.000,31.280,7.042
0.1462,0.001929,1.318,0.020,1.99,559,0.015,177.000,15.080,2.083
0.7428,0.008760,1.171,0.260,3.30,1964,0.222,361.000,27.230,2.222
0.7653,0.008906,1.155,0.240,3.34,1995,0.208,361.000,27.021,2.222
0.7504,0.008591,1.137,0.200,3.20,1937,0.176,361.000,25.487,2.222
0.7858,0.008836,1.116,0.260,3.34,2052,0.233,361.000,25.652,2.222
0.7367,0.008846,1.192,0.200,3.30,1937,0.168,361.000,27.913,2.222
0.7899,0.009088,1.142,0.240,3.33,2063,0.210,373.000,26.257,2.273
0.3039,0.004843,1.590,0.180,3.95,758,0.113,233.000,33.566,3.650
0.2161,0.003642,1.682,0.080,2.96,495,0.048,129.000,22.412,5.263
0.9312,0.009013,0.959,0.100,3.68,2315,0.104,165.000,12.270,2.143
0.9161,0.009080,0.983,0.180,2.99,2265,0.183,657.000,11.985,2.113
0.5724,0.006915,1.202,0.040,2.61,1476,0.033,211.000,15.061,2.703
3.0948,0.023887,0.748,0.320,3.17,3451,0.428,109.000,16.496,11.111
0.3653,0.006817,1.860,0.220,3.30,815,0.118,265.000,40.984,5.882
0.8246,0.010833,1.303,0.200,3.01,1796,0.153,145.000,34.908,8.333
0.0855,0.001336,1.562,0.040,2.17,413,0.026,289.000,22.667,1.493
0.4047,0.005437,1.339,0.040,2.72,1036,0.030,181.000,26.405,2.632
0.3838,0.008667,2.250,0.020,1.84,632,0.009,257.000,42.684,14.286
0.3497,0.005694,1.623,0.020,2.25,671,0.012,265.000,23.990,5.714
0.3509,0.006220,1.766,0.0001,1.93,575,0.0001,145.000,27.291,7.692
1.9589,0.012320,0.617,0.420,6.15,3358,0.681,253.000,16.780,2.459
2.1448,0.014071,0.642,0.360,6.24,3579,0.561,325.000,26.199,2.679
1.7345,0.013166,0.746,0.380,6.80,3195,0.509,277.000,28.688,3.093
0.9329,0.011208,1.190,0.220,4.16,2075,0.185,181.000,35.416,4.478
0.1942,0.003198,1.644,0.060,2.42,492,0.036,385.000,25.632,2.941
0.2862,0.004725,1.646,0.020,1.87,568,0.012,397.000,22.453,5.455
0.2207,0.002942,1.331,0.0001,1.88,760,0.0001,369.000,14.301,2.273
0.0880,0.001192,1.353,0.0001,1.77,488,0.0001,369.000,14.301,2.273
0.3518,0.004361,1.236,0.080,3.08,993,0.065,369.000,14.301,2.273
0.4977,0.006437,1.287,0.020,2.76,1303,0.016,201.000,19.595,3.333
1.4766,0.011918,0.795,0.320,4.63,3456,0.402,307.000,23.426,1.754
1.0827,0.010805,0.987,0.380,4.87,2439,0.385,193.000,26.194,5.839
0.1769,0.002225,1.256,0.040,2.54,926,0.032,289.000,11.358,1.538
0.2262,0.003815,1.683,0.080,2.62,678,0.048,289.000,33.634,3.704
0.2195,0.003742,1.702,0.020,2.61,697,0.012,289.000,34.158,3.704
0.2101,0.003755,1.784,0.020,2.56,654,0.011,289.000,36.125,3.704
0.1506,0.002080,1.380,0.040,2.36,469,0.029,261.000,12.237,2.041
0.3543,0.007494,2.108,0.020,2.13,559,0.009,1.000,34.064,8.333
0.2894,0.004742,1.634,0.080,2.21,988,0.049,121.000,28.797,2.273
0.1149,0.002471,2.148,0.020,1.90,427,0.009,193.000,40.273,5.882
0.4907,0.005861,1.188,0.020,3.55,1337,0.017,91.000,33.865,5.000
0.5168,0.006087,1.172,0.040,3.68,1377,0.034,91.000,33.865,5.000
0.4629,0.005506,1.184,0.020,3.59,1343,0.017,91.000,33.865,5.000
0.2447,0.005216,2.127,0.140,3.67,542,0.066,85.000,34.019,4.348
0.3767,0.005248,1.388,0.100,2.56,1335,0.072,249.000,26.887,2.994
0.2731,0.005433,1.984,0.040,3.56,620,0.020,193.000,40.045,5.618
0.1746,0.002394,1.369,0.0001,2.46,417,0.0001,187.000,10.121,1.562
0.8004,0.008627,1.069,0.180,3.45,2169,0.168,189.000,23.723,2.400
0.5469,0.006577,1.196,0.080,3.41,1378,0.067,189.000,22.808,2.206
0.5541,0.006615,1.187,0.140,3.41,1436,0.118,189.000,22.808,2.206
0.3569,0.004326,1.208,0.080,3.35,922,0.066,121.000,6.329,1.554
0.5549,0.007964,1.428,0.060,2.51,1328,0.042,129.000,29.657,5.882
0.1673,0.002699,1.611,0.060,2.60,438,0.037,349.000,29.001,3.226
0.1334,0.002672,2.001,0.0001,2.57,466,0.0001,235.000,31.363,4.762
0.3086,0.004448,1.438,0.060,2.49,977,0.042,305.000,19.840,2.083
0.2195,0.003030,1.378,0.020,2.29,559,0.015,305.000,11.485,2.083
0.7443,0.008569,1.143,0.260,4.74,1264,0.227,421.000,10.870,2.000
0.9514,0.008889,0.926,0.140,2.97,2239,0.151,305.000,12.731,1.818
0.6210,0.008136,1.302,0.060,2.52,1486,0.046,133.000,16.360,3.158
0.5021,0.007306,1.448,0.100,3.15,1363,0.069,277.000,33.864,3.333
1.5909,0.012805,0.792,0.320,5.66,3318,0.404,208.000,15.627,2.703
1.0315,0.009638,0.925,0.120,4.12,2342,0.130,369.000,14.692,2.326
5.4103,0.016185,0.283,0.720,9.79,4795,2.544,136.000,21.173,2.158
2.2925,0.014820,0.632,0.240,9.03,4076,0.380,433.000,19.516,3.846
2.2553,0.014358,0.622,0.220,9.10,4084,0.353,433.000,19.967,3.846
0.4662,0.007949,1.697,0.300,4.45,965,0.177,141.000,58.351,17.647
0.5269,0.007989,1.508,0.260,4.73,1146,0.172,121.000,58.351,17.647
0.6324,0.008339,1.311,0.120,2.39,1670,0.092,209.000,20.632,4.348
0.5294,0.006530,1.227,0.100,2.28,1459,0.081,201.000,19.712,3.846
0.3070,0.004575,1.486,0.100,1.86,1086,0.067,157.000,30.420,7.143
0.2099,0.004659,2.215,0.060,2.43,560,0.027,113.000,51.146,5.634
0.1647,0.002373,1.438,0.020,2.22,651,0.014,313.000,20.054,5.128
1.6822,0.012490,0.730,0.280,3.35,3949,0.383,117.000,20.061,1.587
1.6304,0.012328,0.744,0.280,3.34,3846,0.376,117.000,21.217,1.587
1.6235,0.012319,0.747,0.280,3.33,4075,0.375,117.000,21.395,1.587
1.6092,0.012360,0.756,0.280,3.33,4063,0.370,117.000,21.975,1.587
1.0308,0.010118,0.972,0.320,3.91,2561,0.329,131.000,24.724,2.222
0.7017,0.007430,1.052,0.200,3.42,1775,0.190,197.000,10.771,1.676
0.6981,0.007409,1.054,0.200,3.41,1786,0.190,197.000,10.771,1.676
0.6865,0.007447,1.078,0.180,3.44,1676,0.167,197.000,10.732,1.676
0.4762,0.007139,1.492,0.120,3.31,792,0.080,244.000,20.524,4.000
0.4944,0.007357,1.481,0.040,3.37,904,0.027,244.000,20.524,4.000
0.5406,0.007929,1.459,0.120,3.47,824,0.082,325.000,20.524,4.000
0.4048,0.005068,1.247,0.100,3.70,1411,0.080,73.000,29.741,4.636
0.7327,0.007823,1.060,0.200,5.51,1251,0.189,161.000,17.778,2.703
0.7797,0.008120,1.034,0.120,5.69,1296,0.116,161.000,17.778,2.703
0.7214,0.007560,1.041,0.220,5.52,1313,0.211,161.000,17.778,2.703
0.7434,0.007767,1.038,0.340,5.61,1235,0.328,161.000,17.778,2.703
0.4327,0.006399,1.472,0.080,2.26,979,0.054,109.000,29.259,7.692
0.5681,0.009087,1.591,0.080,2.18,836,0.050,109.000,30.299,7.692
0.5804,0.009255,1.585,0.080,2.18,849,0.050,109.000,30.299,7.692
0.5880,0.009299,1.572,0.080,2.19,881,0.051,109.000,30.299,7.692
0.1978,0.003128,1.579,0.040,2.91,464,0.025,289.000,24.428,4.839
0.3350,0.005318,1.582,0.080,2.24,876,0.051,109.000,32.625,7.692
1.5628,0.011759,0.741,0.320,3.46,4115,0.432,117.000,21.485,1.515
0.0733,0.001601,2.182,0.040,2.44,287,0.018,33.000,29.656,8.108
0.4250,0.006367,1.492,0.080,2.24,922,0.054,109.000,29.259,7.692
0.4233,0.006313,1.485,0.080,2.25,934,0.054,109.000,29.259,7.692
0.3427,0.004020,1.170,0.080,2.41,1125,0.068,305.000,12.072,1.639
0.1864,0.003185,1.706,0.0001,1.99,468,0.0001,229.000,24.304,5.128
0.3953,0.005713,1.440,0.060,2.56,1140,0.042,161.000,23.670,4.878
0.2823,0.003687,1.303,0.060,2.36,779,0.046,281.000,15.634,2.290
0.4742,0.005910,1.240,0.040,2.25,1213,0.032,109.000,15.255,7.692
0.5053,0.006299,1.240,0.040,2.25,1211,0.032,109.000,15.255,7.692
0.4899,0.006094,1.238,0.040,2.25,1221,0.032,109.000,15.255,7.692
0.4966,0.006592,1.322,0.140,4.99,945,0.106,355.000,24.632,3.462
0.9465,0.009204,0.963,0.240,4.59,1821,0.249,225.000,20.328,3.797
0.6451,0.007075,1.090,0.280,3.66,1612,0.257,241.000,18.492,3.093
0.1926,0.003079,1.596,0.060,2.11,760,0.038,257.000,27.677,3.030
0.4788,0.007650,1.591,0.060,2.55,1209,0.038,193.000,29.994,5.263
0.7570,0.010939,1.434,0.100,3.46,1409,0.070,145.000,31.302,5.556
0.5012,0.006434,1.278,0.200,2.96,1503,0.157,193.000,23.331,3.883
3.1413,0.015136,0.467,0.580,7.22,4955,1.242,249.000,19.925,3.659
2.4005,0.014703,0.598,0.480,6.93,4353,0.803,190.000,19.946,3.704
2.2445,0.014129,0.616,0.380,5.69,4592,0.617,337.000,19.946,3.704
2.0226,0.014040,0.680,0.460,4.13,3843,0.676,181.000,20.060,3.704
0.7548,0.008962,1.179,0.080,2.94,2195,0.068,497.000,27.984,2.439
0.7980,0.009489,1.180,0.200,3.01,2218,0.169,497.000,28.895,2.439
0.7397,0.008300,1.114,0.080,3.01,2225,0.072,249.000,26.209,2.439
0.9719,0.010039,1.023,0.260,3.29,2493,0.254,157.000,24.547,1.961
1.0339,0.010695,1.024,0.180,3.31,2519,0.176,157.000,25.386,1.961
1.0677,0.010178,0.943,0.140,3.55,2741,0.148,157.000,22.921,1.961
0.6852,0.008508,1.233,0.140,2.55,2001,0.114,185.000,30.599,3.226
0.1347,0.002028,1.503,0.0001,2.09,393,0.0001,244.000,20.022,1.852
0.6265,0.007065,1.121,0.140,4.26,1398,0.125,97.000,17.842,2.857
0.6983,0.007784,1.107,0.140,3.45,1574,0.126,241.000,14.808,2.439
0.4024,0.005782,1.431,0.060,2.49,1168,0.042,241.000,33.027,6.667
0.4328,0.005068,1.166,0.040,2.58,1369,0.034,337.000,17.492,1.493
0.3628,0.005510,1.514,0.080,1.80,791,0.053,145.000,24.196,4.167
0.3325,0.005049,1.514,0.080,1.83,859,0.053,145.000,24.196,4.167
0.2964,0.004289,1.443,0.120,2.90,910,0.083,253.000,23.130,2.469
0.4024,0.004986,1.234,0.0001,2.01,1653,0.0001,289.000,15.449,4.000
0.3637,0.004525,1.240,0.020,2.01,1677,0.016,289.000,15.449,4.000
0.3700,0.004630,1.247,0.020,2.01,1637,0.016,289.000,15.449,4.000
0.2046,0.002781,1.357,0.060,1.87,1108,0.044,289.000,15.449,4.000
0.3390,0.004304,1.266,0.060,2.05,1462,0.047,433.000,15.449,4.000
1.2791,0.011471,0.886,0.440,5.29,2356,0.497,157.000,24.752,1.923
1.0739,0.010687,0.985,0.380,4.30,2301,0.386,157.000,24.752,1.923
1.0650,0.010344,0.961,0.140,3.57,2834,0.146,193.000,23.014,4.478
1.0541,0.018480,1.735,0.180,3.54,1353,0.104,153.000,66.381,14.706
0.1807,0.002440,1.348,0.020,2.11,602,0.015,313.000,10.931,1.818
0.0693,0.002054,2.963,0.040,2.85,221,0.013,161.000,60.857,7.778
0.5672,0.006499,1.140,0.180,3.92,1248,0.158,225.000,22.932,2.326
0.3946,0.006330,1.598,0.100,3.05,730,0.063,169.000,36.745,7.895
0.3290,0.004928,1.494,0.060,2.12,810,0.040,289.000,20.657,3.704
0.3310,0.005016,1.511,0.040,2.11,693,0.026,289.000,20.657,3.704
0.3222,0.004919,1.522,0.020,2.09,773,0.013,289.000,20.657,3.704
0.3262,0.004915,1.503,0.080,2.11,786,0.053,289.000,20.657,3.704
0.3262,0.004859,1.486,0.080,2.12,780,0.054,289.000,20.657,3.704
0.1667,0.003176,1.902,0.040,1.99,312,0.021,257.000,41.497,5.000
0.1655,0.003155,1.904,0.0001,2.03,384,0.0001,325.000,27.976,8.108
0.8421,0.008751,1.031,0.180,3.15,2259,0.175,161.000,17.512,3.125
1.2470,0.012109,0.959,0.220,3.10,2830,0.229,321.000,19.645,3.846
1.6101,0.012050,0.737,0.340,5.82,2852,0.462,157.000,15.166,2.419
0.2796,0.003647,1.301,0.080,2.29,1267,0.062,177.000,24.162,1.796
0.5365,0.006790,1.259,0.120,3.35,1392,0.095,175.000,19.398,3.571
0.4302,0.006602,1.528,0.040,2.56,673,0.026,181.000,29.204,6.250
0.8796,0.009059,1.021,0.260,5.51,1808,0.255,85.000,35.479,6.557
0.7575,0.007875,1.032,0.200,5.09,1653,0.194,85.000,35.479,6.557
0.6060,0.006216,1.020,0.140,4.70,1642,0.137,61.000,35.771,5.063
0.5826,0.005964,1.018,0.160,4.70,1700,0.157,61.000,35.771,5.063
0.3832,0.005689,1.479,0.180,4.34,892,0.122,49.000,34.378,5.618
0.2373,0.004134,1.739,0.0001,2.55,526,0.0001,289.000,27.616,9.091
0.1735,0.003377,1.943,0.040,2.49,361,0.021,193.000,31.226,9.091
1.2500,0.012801,1.011,0.320,6.35,1489,0.316,154.000,23.838,5.263
2.0563,0.017028,0.811,0.300,6.00,3230,0.370,105.000,25.875,4.412
1.0611,0.013152,1.226,0.340,3.30,1755,0.277,125.000,25.699,3.867
0.2178,0.003150,1.443,0.0001,3.87,541,0.0001,433.000,16.741,2.941
0.8274,0.008592,1.030,0.080,2.74,2227,0.078,289.000,8.590,1.471
0.6575,0.008376,1.266,0.040,3.47,1801,0.032,433.000,29.929,2.500
0.6925,0.008167,1.172,0.240,2.59,1926,0.205,241.000,22.985,4.167
0.1227,0.002914,2.373,0.040,2.00,284,0.017,385.000,39.851,5.000
0.1194,0.002797,2.340,0.020,2.01,262,0.009,385.000,39.532,5.000
1.5642,0.012952,0.815,0.460,3.88,3272,0.564,181.000,18.265,3.448
0.2380,0.003625,1.520,0.100,3.34,911,0.066,165.000,36.275,4.626
0.2201,0.003534,1.602,0.060,2.21,662,0.037,265.000,20.807,12.500
0.2293,0.003948,1.718,0.020,2.20,592,0.012,221.000,25.919,5.556
0.6985,0.008158,1.160,0.140,3.42,1721,0.121,369.000,18.817,3.333
1.4606,0.011828,0.798,0.460,3.85,3101,0.576,137.000,21.932,2.326
0.4838,0.007161,1.473,0.220,3.32,1010,0.149,297.000,27.564,3.297
0.1509,0.002287,1.514,0.0001,1.79,465,0.0001,301.000,16.732,3.030
0.1439,0.002179,1.512,0.040,1.81,410,0.026,301.000,16.732,3.030
0.1401,0.002079,1.482,0.0001,1.87,504,0.0001,301.000,16.789,3.030
0.1265,0.001844,1.457,0.0001,1.90,489,0.0001,301.000,16.789,3.030
0.1270,0.001886,1.484,0.060,1.91,514,0.040,301.000,16.789,3.030
0.8291,0.009721,1.163,0.120,5.08,1587,0.103,145.000,17.655,3.659
0.1745,0.002875,1.645,0.040,1.98,445,0.024,257.000,19.199,4.225
4.1583,0.015508,0.358,0.600,10.08,5192,1.678,157.000,17.192,2.941
4.1699,0.015461,0.355,0.620,10.12,5141,1.744,157.000,17.192,2.941
11.1405,0.016354,0.131,0.820,18.91,6037,6.282,1009.000,12.181,1.852
4.2265,0.015236,0.345,0.800,13.62,4927,2.316,505.000,12.134,1.923
1.3825,0.010737,0.766,0.360,6.12,2497,0.470,145.000,13.823,2.419
0.6385,0.007899,1.230,0.140,4.12,1402,0.114,401.000,16.529,2.970
0.2563,0.003499,1.362,0.020,2.13,683,0.015,217.000,14.994,2.632
0.3164,0.005163,1.627,0.080,3.04,955,0.049,233.000,36.731,9.000
0.3422,0.005583,1.626,0.080,2.34,993,0.049,225.000,37.514,8.772
0.2751,0.004387,1.591,0.040,2.56,714,0.025,213.000,33.276,6.716
0.5986,0.006523,1.084,0.120,3.93,1556,0.111,289.000,13.383,2.000
0.7124,0.009427,1.315,0.100,2.38,1235,0.076,313.000,15.413,2.857
0.7256,0.009260,1.267,0.140,3.18,1265,0.110,289.000,17.696,3.226
0.9179,0.009404,1.015,0.160,2.90,2698,0.158,185.000,20.581,3.797
0.9185,0.009931,1.072,0.120,2.76,2332,0.112,185.000,20.581,3.797
0.7824,0.010738,1.362,0.180,2.42,1837,0.132,313.000,42.590,5.714
3.1912,0.016045,0.487,0.520,16.01,3397,1.068,226.000,25.801,4.124
0.3134,0.003868,1.231,0.080,2.15,954,0.065,247.000,13.194,2.000
1.1226,0.011978,1.055,0.340,4.94,2208,0.322,121.000,36.526,8.537
0.0979,0.001378,1.407,0.0001,3.18,521,0.0001,271.000,15.117,2.410
0.0959,0.001348,1.406,0.0001,2.42,552,0.0001,271.000,15.117,2.410
0.9247,0.010371,1.111,0.180,2.82,2312,0.162,177.000,30.348,6.250
0.3923,0.005070,1.288,0.020,3.60,958,0.016,235.000,19.452,2.857
0.1438,0.002059,1.430,0.020,2.11,567,0.014,241.000,12.513,2.410
0.5483,0.006617,1.201,0.140,2.79,1484,0.117,241.000,16.132,3.030
0.5503,0.006742,1.219,0.120,2.96,1255,0.098,229.000,14.696,2.941
0.4255,0.006149,1.439,0.040,2.12,1378,0.028,181.000,30.924,6.122
0.4281,0.006293,1.464,0.040,2.04,1209,0.027,181.000,30.924,6.122
0.7034,0.007398,1.045,0.180,4.92,1470,0.172,91.000,22.585,3.448
0.6779,0.007224,1.059,0.240,4.83,1525,0.227,91.000,22.585,3.448
0.7458,0.007607,1.013,0.280,5.10,1444,0.276,73.000,23.356,3.846
0.6839,0.007033,1.021,0.240,5.02,1431,0.235,73.000,23.356,3.846
0.4206,0.004703,1.114,0.120,4.07,1318,0.108,91.000,21.542,3.125
0.6472,0.006894,1.059,0.240,4.83,1494,0.227,91.000,22.585,3.448
0.6816,0.007999,1.166,0.240,5.15,1481,0.206,73.000,20.155,3.846
0.7233,0.007516,1.032,0.220,4.95,1434,0.213,73.000,23.356,3.846
0.3728,0.004507,1.205,0.100,3.86,961,0.083,91.000,19.721,2.632
0.5768,0.006516,1.124,0.200,4.81,1057,0.178,91.000,20.591,2.857
0.2574,0.003526,1.367,0.060,2.21,847,0.044,217.000,33.809,5.769
0.4422,0.005638,1.270,0.100,2.89,1192,0.079,217.000,33.809,5.769
0.4001,0.005243,1.306,0.080,2.63,1015,0.061,217.000,33.809,5.769
0.3405,0.004614,1.351,0.080,2.42,896,0.059,217.000,33.809,5.769
0.3714,0.004952,1.329,0.080,2.55,954,0.060,217.000,33.809,5.769
0.4305,0.006236,1.443,0.040,3.77,727,0.028,249.000,22.606,4.082
0.5267,0.005694,1.076,0.160,5.27,1163,0.149,329.000,17.669,2.941
0.8481,0.008855,1.036,0.140,3.48,1712,0.135,305.000,12.633,1.961
0.8838,0.009330,1.047,0.300,3.37,1758,0.287,305.000,11.490,1.961
0.3899,0.006565,1.677,0.120,3.19,906,0.072,257.000,35.935,3.704
0.3936,0.006502,1.646,0.120,3.22,942,0.073,257.000,35.085,3.704
0.9083,0.010225,1.116,0.220,5.79,2300,0.197,248.500,34.034,8.642
0.3219,0.004833,1.497,0.080,2.64,832,0.053,353.000,28.371,5.556
0.3245,0.004910,1.508,0.020,2.63,870,0.013,353.000,28.371,5.556
0.4364,0.006077,1.387,0.140,2.69,1439,0.101,401.000,28.934,2.222
0.3711,0.005231,1.405,0.020,2.33,1411,0.014,401.000,28.479,2.222
0.3391,0.004743,1.394,0.020,2.20,1169,0.014,401.000,27.575,2.222
0.2398,0.003432,1.428,0.020,2.27,736,0.014,401.000,23.599,1.786
0.2455,0.003464,1.408,0.080,2.32,792,0.057,201.000,23.497,1.786
0.2625,0.003702,1.407,0.060,2.31,779,0.043,201.000,23.342,1.786
1.4370,0.012944,0.888,0.440,8.09,2473,0.496,214.000,34.766,5.479
0.7768,0.008231,1.052,0.260,3.47,1957,0.247,185.000,19.155,2.521
1.0534,0.009823,0.923,0.280,3.72,2435,0.303,189.000,18.771,2.439
0.6982,0.007984,1.136,0.120,3.87,1570,0.106,241.000,15.564,3.333
0.5296,0.005960,1.120,0.140,3.24,1359,0.125,183.000,12.969,2.389
0.2189,0.003275,1.494,0.060,2.34,508,0.040,241.000,21.076,4.412
0.2218,0.003301,1.486,0.060,2.36,517,0.040,241.000,21.076,4.412
0.1863,0.002776,1.488,0.0001,2.10,528,0.0001,253.000,20.939,4.380
0.6803,0.007462,1.090,0.140,3.45,1531,0.128,233.000,14.063,2.381
0.5675,0.007325,1.284,0.060,2.72,1187,0.047,185.000,18.262,4.000
0.4805,0.006073,1.258,0.080,2.73,1276,0.064,185.000,18.323,4.000
1.1905,0.011803,0.980,0.200,3.09,3080,0.204,185.000,22.408,4.478
0.1430,0.002024,1.414,0.0001,2.14,449,0.0001,281.000,12.185,1.818
0.6146,0.007294,1.180,0.060,2.81,1636,0.051,193.000,22.152,4.000
0.3042,0.006559,2.150,0.060,1.99,400,0.028,190.000,61.091,14.815
0.1108,0.001464,1.320,0.020,1.92,544,0.015,181.000,12.439,1.695
0.2979,0.004755,1.592,0.040,2.19,820,0.025,209.000,25.108,5.556
3.7616,0.015957,0.408,0.620,9.86,4641,1.518,337.000,22.337,4.396
1.9972,0.015023,0.737,0.300,7.38,3265,0.407,241.000,25.883,5.063
2.4892,0.014312,0.561,0.580,6.07,3977,1.035,97.000,32.378,2.479
0.2597,0.005136,1.972,0.060,3.13,664,0.030,1.000,54.242,9.091
2.4378,0.014528,0.582,0.480,5.99,4326,0.825,307.000,20.506,2.041
0.4561,0.006364,1.389,0.040,2.24,1168,0.029,165.000,17.001,3.571
0.2809,0.006470,2.297,0.020,3.78,532,0.009,49.000,47.538,3.846
0.1953,0.003593,1.837,0.100,2.24,693,0.054,73.000,37.678,4.545
0.1288,0.002576,1.997,0.040,2.22,459,0.020,37.000,37.521,4.255
0.5405,0.007771,1.430,0.240,4.23,1224,0.168,249.000,36.954,2.326
1.6442,0.013392,0.801,0.400,4.95,3708,0.499,769.000,25.428,5.738
4.9253,0.017311,0.334,0.680,8.92,4396,2.034,217.000,37.591,6.818
0.4362,0.008048,1.837,0.100,2.44,849,0.054,225.000,44.041,11.111
1.6495,0.011795,0.704,0.260,7.84,3370,0.370,313.000,18.108,3.333
0.1479,0.002771,1.871,0.0001,1.91,380,0.0001,289.000,39.086,5.556
0.8641,0.008172,0.938,0.220,3.90,2234,0.235,112.000,17.588,1.928
0.1756,0.002445,1.390,0.060,2.75,590,0.043,169.000,6.257,0.571
1.7785,0.011174,0.617,0.380,5.27,3586,0.616,139.000,12.439,1.594
1.0913,0.011545,1.047,0.160,3.55,2119,0.153,253.000,21.282,2.609
1.0888,0.011670,1.061,0.180,3.53,2055,0.170,253.000,21.282,2.609
1.0321,0.011415,1.095,0.160,3.38,1958,0.146,253.000,21.282,2.609
1.0447,0.011300,1.071,0.160,3.40,2038,0.149,253.000,21.282,2.609
1.0441,0.011349,1.076,0.180,3.42,1905,0.167,253.000,21.282,2.609
1.2180,0.011498,0.933,0.220,4.00,2256,0.236,307.000,19.058,2.256
0.5241,0.007741,1.469,0.100,2.77,1273,0.068,117.000,29.787,2.532
0.3989,0.005974,1.492,0.100,2.15,1220,0.067,257.000,27.204,5.263
0.9907,0.009562,0.956,0.240,3.22,2180,0.251,337.000,10.429,1.754
2.6530,0.014208,0.522,0.520,10.66,4117,0.997,457.000,13.530,2.174
2.5278,0.013729,0.530,0.480,10.55,4030,0.906,457.000,13.867,2.174
2.7858,0.013992,0.489,0.480,10.94,4306,0.983,457.000,11.916,2.174
3.4674,0.017148,0.478,0.560,11.96,3582,1.173,457.000,31.457,5.085
0.7188,0.008028,1.109,0.180,3.58,1962,0.162,273.000,20.733,3.955
0.1133,0.003160,2.786,0.020,2.48,285,0.007,25.000,58.930,7.353
3.2490,0.015434,0.460,0.480,9.31,4583,1.044,373.000,22.453,4.348
0.7213,0.008527,1.174,0.160,3.26,1960,0.136,185.000,25.160,5.128
0.5040,0.006718,1.327,0.120,2.67,1374,0.090,145.000,22.195,4.444
0.5457,0.006398,1.166,0.040,2.38,1503,0.034,313.000,27.481,5.495
0.1745,0.002809,1.608,0.100,2.19,564,0.062,401.000,39.669,10.204
0.1809,0.003085,1.703,0.0001,2.03,643,0.0001,333.000,21.018,2.174
0.4357,0.006246,1.428,0.060,2.78,1035,0.042,369.000,21.691,1.739
0.4213,0.006243,1.476,0.140,2.69,1026,0.095,369.000,22.462,1.739
0.4007,0.005969,1.484,0.040,2.68,924,0.027,369.000,22.851,1.739
0.4043,0.005938,1.463,0.140,2.69,1074,0.096,369.000,22.278,1.739
0.1927,0.002480,1.285,0.020,2.76,508,0.016,337.000,12.385,2.020
0.1631,0.002211,1.354,0.020,2.14,491,0.015,433.000,15.136,1.266
0.4785,0.006555,1.364,0.100,3.20,1234,0.073,289.000,27.710,6.195
0.5541,0.007826,1.405,0.180,3.18,1113,0.128,289.000,27.628,6.195
0.1329,0.002165,1.627,0.0001,1.91,381,0.0001,385.000,23.954,4.895
0.1479,0.002118,1.430,0.040,1.99,658,0.028,109.000,17.658,3.279
0.2899,0.004128,1.420,0.020,2.19,943,0.014,289.000,19.931,3.704
0.2578,0.003953,1.529,0.0001,2.43,808,0.0001,233.000,26.282,1.923
0.2238,0.003737,1.666,0.060,2.87,700,0.036,321.000,16.678,4.082
0.2570,0.004408,1.711,0.040,2.67,532,0.023,161.000,28.169,3.488
1.9252,0.015231,0.776,0.420,7.78,2500,0.541,865.000,25.663,5.263
0.5118,0.007129,1.386,0.060,3.27,1232,0.043,481.000,23.395,5.263
0.4521,0.005600,1.234,0.080,2.68,1197,0.065,233.000,13.577,2.273
0.5250,0.005998,1.137,0.120,2.62,1407,0.106,305.000,10.503,1.653
0.2977,0.003600,1.206,0.0001,3.11,959,0.0001,331.000,11.240,1.863
0.2532,0.003020,1.190,0.0001,3.10,926,0.0001,331.000,11.281,1.863
0.4687,0.008478,1.801,0.040,1.73,1550,0.022,217.000,39.482,7.692
0.5966,0.009057,1.509,0.260,6.07,1090,0.172,961.000,47.867,5.325
0.1617,0.002898,1.790,0.040,2.56,396,0.022,421.000,31.178,2.740
0.1552,0.002779,1.787,0.0001,2.52,420,0.0001,421.000,31.308,2.740
0.4068,0.004860,1.190,0.160,3.12,1058,0.134,329.000,11.604,0.971
0.5406,0.006327,1.164,0.060,3.73,1514,0.052,91.000,33.865,5.000
0.5876,0.006893,1.167,0.180,3.13,1495,0.154,121.000,33.865,5.000
0.4716,0.005608,1.184,0.200,3.55,1418,0.169,91.000,33.865,5.000
0.2840,0.003500,1.229,0.0001,3.16,965,0.0001,330.000,12.432,1.895
0.9128,0.010886,1.182,0.280,6.72,1216,0.237,273.000,33.387,2.963
1.0376,0.011651,1.111,0.220,3.88,2263,0.198,209.000,21.903,4.651
0.5235,0.007015,1.334,0.060,2.26,896,0.045,271.000,20.609,3.636
0.4118,0.004821,1.166,0.160,3.17,1283,0.137,177.000,15.658,2.128
0.1084,0.001914,1.764,0.040,1.86,526,0.023,193.000,32.462,6.897
0.1411,0.002310,1.635,0.060,1.88,808,0.037,65.000,36.887,7.937
0.3014,0.004106,1.358,0.0001,2.14,1132,0.0001,289.000,16.743,2.778
1.7776,0.011853,0.655,0.540,5.63,2847,0.824,161.000,11.321,1.818
0.3104,0.004624,1.485,0.060,2.96,720,0.040,161.000,24.334,2.000
1.3981,0.013732,0.969,0.400,6.59,1657,0.413,271.000,31.047,8.333
1.2998,0.013253,1.007,0.400,6.39,1773,0.397,271.000,31.047,8.333
0.2871,0.003618,1.257,0.060,2.09,1064,0.048,257.000,13.141,2.041
0.3297,0.004675,1.414,0.020,2.67,669,0.014,161.000,19.413,2.151
0.7638,0.008345,1.085,0.120,4.43,1925,0.111,217.000,25.213,4.469
0.1042,0.001584,1.519,0.0001,2.02,441,0.0001,161.000,23.394,3.810
1.8687,0.014215,0.747,0.360,6.00,3483,0.482,249.000,21.831,4.348
0.2970,0.003870,1.300,0.100,2.55,873,0.077,329.000,17.266,1.515
0.7449,0.009290,1.238,0.140,2.64,1751,0.113,353.000,19.005,2.703
0.1705,0.003615,2.117,0.040,1.95,415,0.019,337.000,38.320,5.000
0.1753,0.003744,2.133,0.040,1.95,407,0.019,337.000,38.571,5.000
0.1676,0.003661,2.181,0.040,1.94,395,0.018,337.000,39.384,5.000
0.1716,0.003781,2.200,0.040,1.94,396,0.018,337.000,39.637,5.000
0.1616,0.003599,2.224,0.040,1.94,392,0.018,337.000,40.171,5.000
0.1685,0.003800,2.252,0.020,1.93,377,0.009,337.000,40.528,5.000
0.1589,0.003629,2.281,0.020,1.93,370,0.009,337.000,40.867,5.000
0.5904,0.006073,1.023,0.120,2.54,1760,0.117,305.000,9.131,2.128
1.0332,0.011501,1.102,0.240,4.00,2093,0.218,139.000,30.229,7.143
0.6385,0.011138,1.734,0.200,3.15,1114,0.115,217.000,39.300,6.667
0.3828,0.007156,1.862,0.060,2.52,1003,0.032,225.000,43.077,5.556
0.5005,0.006666,1.326,0.060,2.16,1337,0.045,273.000,20.185,4.348
0.1535,0.002514,1.636,0.0001,2.01,528,0.0001,169.000,26.662,2.041
0.1618,0.002658,1.641,0.0001,2.02,525,0.0001,169.000,26.662,2.041
0.1531,0.002495,1.627,0.0001,2.01,522,0.0001,169.000,26.662,2.041
0.1506,0.002457,1.629,0.0001,2.01,527,0.0001,169.000,26.662,2.041
0.1787,0.002896,1.618,0.0001,2.02,536,0.0001,169.000,26.662,2.041
0.1688,0.002732,1.616,0.0001,2.01,523,0.0001,169.000,26.662,2.041
0.1564,0.002543,1.624,0.0001,2.01,529,0.0001,169.000,26.662,2.041
0.1597,0.002598,1.625,0.0001,2.01,510,0.0001,169.000,26.662,2.041
0.1523,0.002458,1.612,0.0001,1.99,517,0.0001,169.000,26.662,2.041
0.1651,0.002701,1.634,0.0001,2.02,529,0.0001,169.000,26.662,2.041
0.1576,0.002540,1.609,0.0001,2.01,528,0.0001,169.000,26.662,2.041
0.1680,0.002691,1.599,0.0001,2.01,523,0.0001,169.000,26.662,2.041
0.1502,0.002408,1.601,0.0001,1.99,515,0.0001,169.000,26.662,2.041
0.1585,0.002552,1.608,0.0001,2.01,526,0.0001,169.000,26.662,2.041
0.3061,0.005559,1.810,0.040,2.29,823,0.022,145.000,38.901,5.172
0.1925,0.002902,1.505,0.020,2.33,631,0.013,249.000,21.389,3.922
1.4451,0.011451,0.781,0.340,3.90,3190,0.435,185.000,16.043,1.471
1.8194,0.013725,0.741,0.340,3.55,3758,0.459,187.000,13.049,2.439
1.8772,0.013802,0.722,0.440,3.80,3861,0.610,187.000,13.049,2.439
0.2127,0.002450,1.150,0.040,3.22,1025,0.035,289.000,9.620,1.333
0.2230,0.002572,1.151,0.080,3.34,1083,0.070,289.000,9.620,1.333
0.0917,0.001354,1.477,0.020,2.08,493,0.014,361.000,13.011,2.083
0.1005,0.001509,1.501,0.0001,2.21,460,0.0001,361.000,13.011,2.083
0.1154,0.001803,1.561,0.040,2.01,478,0.026,241.000,20.456,2.083
0.0999,0.001512,1.512,0.0001,2.04,429,0.0001,361.000,12.692,2.083
0.1249,0.002179,1.743,0.020,1.67,368,0.011,49.000,26.552,7.143
0.6714,0.006941,1.027,0.120,3.58,1989,0.117,165.000,16.752,2.312
1.0747,0.010787,0.993,0.320,4.02,2301,0.322,205.000,29.105,5.376
1.0172,0.010511,1.023,0.220,3.67,2386,0.215,217.000,27.984,5.376
0.1293,0.002122,1.639,0.020,1.99,471,0.012,9.000,22.262,2.000
0.4445,0.006359,1.424,0.120,2.77,1077,0.084,17.000,22.298,2.041
0.1678,0.002686,1.598,0.0001,1.80,730,0.0001,17.000,22.298,2.041
0.4840,0.008502,1.749,0.220,2.67,1195,0.126,241.000,42.151,5.000
0.4155,0.006613,1.585,0.040,2.19,1397,0.025,169.000,36.851,9.091
0.7494,0.008406,1.114,0.180,2.75,1878,0.162,313.000,10.132,1.754
1.0257,0.009670,0.933,0.200,3.08,2815,0.214,321.000,12.041,1.923
0.1980,0.004336,2.186,0.020,2.51,692,0.009,121.000,52.000,6.897
0.4256,0.005294,1.239,0.040,3.25,1086,0.032,221.000,17.459,2.740
1.6548,0.011948,0.710,0.480,6.74,2577,0.676,220.000,13.564,2.151
1.3202,0.015034,1.124,0.400,5.80,1583,0.356,190.000,36.536,11.111
1.2912,0.014658,1.121,0.400,5.81,1581,0.357,190.000,36.536,11.111
0.7076,0.009886,1.387,0.260,4.05,1460,0.187,190.000,30.211,9.091
0.7662,0.010689,1.385,0.240,4.16,1476,0.173,190.000,30.211,9.091
0.7724,0.010772,1.384,0.240,4.03,1496,0.173,190.000,30.211,9.091
0.7837,0.010917,1.382,0.240,4.02,1501,0.174,190.000,30.211,9.091
1.0740,0.010133,0.934,0.260,4.61,2098,0.278,545.000,12.950,2.128
0.3739,0.005608,1.494,0.100,2.66,1321,0.067,241.000,31.834,6.667
0.3432,0.005165,1.500,0.100,2.72,1055,0.067,241.000,31.834,6.667
0.3826,0.005785,1.507,0.080,2.93,1241,0.053,241.000,31.834,6.667
0.2534,0.003832,1.509,0.180,2.52,754,0.119,289.000,23.391,4.167
0.2549,0.003822,1.496,0.160,2.56,766,0.107,289.000,23.391,4.167
0.2748,0.004085,1.483,0.060,2.59,790,0.040,289.000,23.391,4.167
0.2763,0.004127,1.490,0.140,2.57,831,0.094,289.000,23.391,4.167
0.2784,0.004164,1.492,0.060,2.58,785,0.040,289.000,23.391,4.167
0.2808,0.004175,1.483,0.040,2.59,840,0.027,289.000,23.391,4.167
0.2702,0.004014,1.482,0.060,2.58,848,0.040,289.000,23.391,4.167
0.2573,0.003859,1.496,0.040,2.54,797,0.027,289.000,23.391,4.167
0.2666,0.003941,1.474,0.080,2.59,782,0.054,289.000,23.391,4.167
0.2600,0.003877,1.488,0.040,2.57,796,0.027,289.000,23.391,4.167
0.2301,0.004349,1.886,0.040,2.84,576,0.021,161.000,36.040,5.263
0.2398,0.002730,1.136,0.020,3.34,1183,0.018,289.000,9.620,1.333
0.2057,0.002378,1.155,0.020,3.23,1097,0.017,289.000,9.620,1.333
0.2685,0.003143,1.168,0.040,3.51,982,0.034,289.000,8.729,1.370
0.2714,0.003145,1.156,0.040,3.55,1002,0.035,289.000,8.185,1.370
0.2883,0.003236,1.120,0.040,3.62,1063,0.036,289.000,8.185,1.370
0.1642,0.002234,1.358,0.060,1.83,1014,0.044,265.000,12.782,2.326
0.2010,0.003760,1.867,0.040,2.40,491,0.021,257.000,37.655,6.742
0.3372,0.005661,1.674,0.160,4.01,718,0.096,385.000,35.881,5.926
0.5780,0.007066,1.216,0.160,3.07,1508,0.132,142.000,20.643,1.987
1.8365,0.012919,0.691,0.300,4.95,3891,0.434,189.000,11.872,1.974
0.1670,0.002237,1.338,0.060,2.42,677,0.045,169.000,18.969,1.667
0.1749,0.002474,1.413,0.020,2.13,453,0.014,241.000,8.638,1.587
1.0682,0.010366,0.960,0.200,3.01,2609,0.208,233.000,15.258,2.564
0.6220,0.007293,1.166,0.160,3.06,1628,0.137,481.000,15.622,2.548
0.3393,0.003892,1.144,0.100,3.63,1129,0.087,289.000,9.348,1.370
0.1094,0.001698,1.551,0.020,1.95,504,0.013,97.000,24.354,4.167
0.1421,0.002174,1.527,0.020,1.89,490,0.013,97.000,22.493,4.167
1.3911,0.011934,0.846,0.380,4.25,3392,0.449,159.000,26.690,5.455
0.2014,0.003210,1.591,0.040,2.04,624,0.025,169.000,25.490,1.923
0.1365,0.001912,1.399,0.020,1.84,559,0.014,65.000,19.723,3.030
0.1771,0.002913,1.642,0.060,3.62,624,0.037,145.000,31.080,4.950
3.9135,0.015348,0.377,0.620,13.35,4805,1.645,385.000,16.227,2.941
4.4937,0.014948,0.318,0.640,14.39,5309,2.013,481.000,12.820,2.000
6.9533,0.015855,0.212,0.780,17.52,5932,3.674,577.000,11.688,1.852
0.5287,0.007831,1.474,0.200,2.94,1468,0.136,361.000,36.006,4.762
0.6214,0.007393,1.183,0.100,3.04,1622,0.085,121.000,23.202,3.947
0.4080,0.006830,1.668,0.060,1.79,428,0.036,193.000,25.171,6.667
0.2608,0.004117,1.575,0.100,3.67,676,0.063,310.000,27.923,2.190
0.2120,0.003175,1.495,0.020,2.27,788,0.013,393.000,20.704,3.947
0.8468,0.008876,1.040,0.240,3.60,2106,0.231,305.000,14.365,2.427
2.1348,0.014442,0.662,0.360,4.24,4145,0.544,115.000,18.023,3.774
0.1440,0.001946,1.350,0.0001,2.19,476,0.0001,166.000,13.741,2.308
0.1328,0.002027,1.525,0.040,2.20,460,0.026,248.500,11.975,2.308
0.1894,0.002898,1.528,0.060,2.15,536,0.039,721.000,17.380,3.030
0.1927,0.002957,1.532,0.020,2.08,527,0.013,721.000,17.380,3.030
0.3230,0.004366,1.348,0.040,2.83,943,0.030,793.000,16.225,2.703
0.1700,0.003699,2.173,0.080,2.51,501,0.037,241.000,47.219,3.571
0.4349,0.007849,1.797,0.100,2.18,1041,0.056,244.000,57.684,10.000
0.5197,0.007467,1.430,0.100,2.18,1328,0.070,244.000,46.852,10.000
0.1940,0.003838,1.974,0.020,2.08,547,0.010,97.000,34.897,6.250
0.3495,0.004580,1.306,0.080,2.95,879,0.061,193.000,11.384,4.545
0.5253,0.006686,1.266,0.040,3.01,865,0.032,145.000,12.043,4.167
0.7015,0.008064,1.142,0.080,3.03,1535,0.070,193.000,13.034,5.556
0.6815,0.011534,1.681,0.200,3.51,1075,0.119,217.000,39.300,6.667
1.6936,0.013998,0.813,0.220,4.67,3038,0.271,241.000,10.679,4.237
0.3385,0.003947,1.163,0.060,2.54,838,0.052,325.000,4.909,1.695
1.9745,0.012726,0.632,0.560,7.61,2626,0.886,331.000,12.645,1.869
0.4411,0.005461,1.233,0.200,2.79,1395,0.162,337.000,14.158,2.703
0.1359,0.002472,1.816,0.020,2.01,691,0.011,73.000,38.823,4.545
0.2240,0.002914,1.299,0.040,2.12,660,0.031,353.000,9.971,1.449
0.6649,0.007448,1.113,0.240,3.11,1927,0.216,209.000,20.417,1.818
0.6736,0.007605,1.122,0.220,3.29,1786,0.196,241.000,13.839,2.381
0.0455,0.001013,2.228,0.0001,1.64,366,0.0001,217.000,46.919,7.143
0.4488,0.006425,1.425,0.200,2.93,1436,0.140,61.000,38.226,3.333
0.3345,0.004986,1.486,0.060,2.34,975,0.040,73.000,33.950,2.632
0.5283,0.007123,1.341,0.140,4.02,1296,0.104,100.000,36.397,7.692
0.5703,0.006039,1.053,0.100,2.95,1928,0.095,353.000,8.059,1.389
1.1065,0.011577,1.035,0.160,4.65,1925,0.155,81.000,28.755,7.143
1.2718,0.011649,0.904,0.460,5.15,2190,0.509,145.000,24.636,5.263
0.3461,0.004161,1.199,0.040,3.66,910,0.033,305.000,12.731,1.818
0.2594,0.003349,1.288,0.060,2.21,726,0.047,353.000,10.406,1.562
0.1970,0.002593,1.314,0.040,2.49,642,0.030,453.000,10.195,1.754
0.2755,0.003355,1.215,0.020,2.45,911,0.016,277.000,9.398,1.538
0.6360,0.007185,1.123,0.100,2.73,1770,0.089,181.000,10.416,1.667
0.8786,0.008866,1.001,0.180,3.09,1965,0.180,331.000,11.530,2.098
0.3155,0.004392,1.388,0.100,3.33,880,0.072,193.000,24.622,2.353
0.4311,0.005502,1.271,0.100,2.50,1222,0.079,745.000,16.824,2.198
0.6372,0.007874,1.228,0.100,2.65,1392,0.081,217.000,19.449,3.704
0.6517,0.007914,1.207,0.180,2.68,1387,0.149,217.000,19.449,3.704
0.6892,0.008384,1.208,0.060,2.69,1593,0.050,217.000,19.449,3.704
1.3010,0.011576,0.878,0.300,10.70,1822,0.342,181.000,26.850,5.217
0.4489,0.005364,1.190,0.220,2.66,1340,0.185,417.000,9.649,1.493
0.3547,0.004851,1.363,0.100,2.10,859,0.073,289.000,13.855,2.273
0.3161,0.004034,1.272,0.020,2.64,1129,0.016,249.000,16.599,2.646
0.1664,0.003370,2.022,0.160,2.51,600,0.079,217.000,42.874,3.448
0.1901,0.003630,1.906,0.100,2.29,696,0.052,217.000,42.874,3.448
0.6010,0.007753,1.283,0.100,3.42,1375,0.078,433.000,23.455,4.878
1.0213,0.011492,1.114,0.180,3.06,2319,0.162,175.000,26.250,6.977
0.5180,0.006840,1.314,0.120,3.13,1160,0.091,337.000,18.600,3.448
0.3732,0.005715,1.526,0.100,3.35,1053,0.066,385.000,32.261,4.545
1.0667,0.011646,1.080,0.160,4.41,1840,0.148,225.000,12.421,3.125
0.6488,0.006048,0.926,0.240,3.22,2823,0.259,89.000,15.777,2.083
1.7222,0.012171,0.695,0.420,6.49,3304,0.604,1144.000,13.444,1.149
0.7430,0.009307,1.244,0.060,3.56,1620,0.048,241.000,25.406,5.660
0.3835,0.005007,1.301,0.040,2.75,1129,0.031,369.000,10.418,1.639
0.1254,0.002001,1.594,0.040,1.93,433,0.025,337.000,27.312,5.479
0.5342,0.006367,1.186,0.140,2.89,1520,0.118,225.000,15.812,2.564
0.2069,0.003012,1.453,0.060,2.19,678,0.041,185.000,23.225,1.754
0.7413,0.009289,1.244,0.280,3.39,2026,0.225,169.000,30.915,7.143
0.1259,0.001896,1.504,0.080,2.27,575,0.053,185.000,24.865,1.754
0.2038,0.003010,1.475,0.060,2.71,739,0.041,369.000,25.711,1.754
1.4321,0.012184,0.839,0.500,4.45,3107,0.596,147.000,20.679,4.167
0.4204,0.004815,1.141,0.020,2.56,1288,0.018,185.000,10.362,1.600
0.3458,0.005010,1.444,0.060,2.23,935,0.042,169.000,24.173,4.348
0.6640,0.007972,1.193,0.320,2.84,1701,0.268,245.000,17.240,3.333
0.6852,0.008194,1.188,0.160,2.85,1740,0.135,249.000,17.257,3.371
0.5659,0.007406,1.302,0.140,2.52,1349,0.108,229.000,18.241,3.488
0.5523,0.007219,1.300,0.140,2.54,1391,0.108,233.000,18.260,3.529
0.7272,0.008489,1.159,0.280,2.79,1783,0.242,249.000,17.325,3.226
0.8187,0.009693,1.174,0.200,5.54,1592,0.170,169.000,22.588,4.762
0.4071,0.004550,1.113,0.140,3.70,1234,0.126,233.000,17.427,1.042
0.1171,0.002019,1.722,0.060,2.40,354,0.035,89.000,26.644,4.000
0.8153,0.010226,1.244,0.160,2.63,2176,0.129,321.000,31.713,4.000
0.9681,0.011396,1.166,0.320,2.62,2520,0.274,161.000,31.713,4.000
0.9613,0.011171,1.151,0.160,2.43,2190,0.139,321.000,21.266,4.000
0.7830,0.008103,1.027,0.060,2.61,2000,0.058,241.000,19.005,2.941
0.0973,0.001613,1.656,0.040,1.80,799,0.024,65.000,36.887,7.937
0.9429,0.009417,0.990,0.220,2.91,2460,0.222,281.000,12.907,1.961
0.8803,0.008932,1.006,0.160,3.03,2281,0.159,305.000,12.300,1.852
1.9414,0.013980,0.706,0.320,5.00,3219,0.453,537.000,18.303,3.614
0.3368,0.006648,1.967,0.140,3.11,661,0.071,273.000,42.693,3.571
0.0732,0.002495,3.408,0.040,2.08,222,0.012,161.000,65.765,12.121
0.2279,0.005610,2.456,0.120,4.02,514,0.049,89.000,28.065,10.744
0.2718,0.003779,1.387,0.020,2.50,648,0.014,329.000,13.109,1.587
0.2194,0.003134,1.426,0.020,2.49,498,0.014,321.000,12.692,1.556
0.1737,0.003956,2.274,0.120,2.77,421,0.053,165.000,47.284,9.417
1.1872,0.011009,0.916,0.320,3.47,3202,0.349,209.000,16.478,2.857
1.1929,0.011195,0.928,0.280,3.16,3198,0.302,209.000,16.478,2.857
0.9306,0.010776,1.148,0.140,3.65,2048,0.122,397.000,17.310,5.634
0.5397,0.006764,1.247,0.220,2.65,1590,0.176,173.000,19.311,4.854
0.3227,0.004829,1.492,0.140,4.28,665,0.094,265.000,19.906,6.667
0.3189,0.004636,1.449,0.020,2.59,832,0.014,361.000,24.077,1.786
0.3039,0.004511,1.480,0.040,2.58,824,0.027,361.000,24.762,1.786
0.3261,0.004796,1.466,0.040,2.60,845,0.027,361.000,25.668,1.786
0.4205,0.004903,1.162,0.120,2.04,1065,0.103,257.000,4.007,1.449
0.5532,0.007757,1.395,0.040,2.26,1208,0.029,433.000,24.922,5.714
1.2369,0.011489,0.918,0.280,4.79,2647,0.305,161.000,25.267,5.263
1.4230,0.012681,0.879,0.340,4.94,2833,0.387,161.000,23.357,5.263
0.3146,0.003703,1.174,0.040,2.61,949,0.034,233.000,8.585,1.401
0.2624,0.005340,2.030,0.040,2.17,672,0.020,1.000,36.631,5.263
0.2816,0.005900,2.089,0.040,2.21,679,0.019,1.000,37.962,5.263
0.2893,0.005957,2.053,0.040,2.23,684,0.019,1.000,37.306,5.263
0.2552,0.005180,2.024,0.020,2.16,675,0.010,1.000,36.424,5.263
0.2831,0.005991,2.110,0.040,2.18,693,0.019,1.000,38.545,5.263
0.4908,0.006779,1.375,0.020,1.88,1105,0.015,82.000,28.921,7.692
0.4587,0.006335,1.375,0.020,1.87,1141,0.015,82.000,28.921,7.692
0.4598,0.006412,1.388,0.020,1.86,1087,0.014,82.000,28.921,7.692
0.4552,0.006262,1.369,0.020,1.87,1118,0.015,82.000,28.921,7.692
0.4785,0.006615,1.376,0.0001,1.88,1151,0.0001,82.000,28.921,7.692
0.4721,0.006524,1.375,0.020,1.87,1141,0.015,82.000,28.921,7.692
0.4732,0.006526,1.373,0.0001,1.88,1149,0.0001,82.000,28.921,7.692
0.4587,0.006363,1.381,0.020,1.87,1146,0.014,82.000,28.921,7.692
0.4331,0.006082,1.398,0.020,1.85,1066,0.014,82.000,28.921,7.692
0.3968,0.005724,1.437,0.0001,1.80,917,0.0001,82.000,28.921,7.692
0.3322,0.004989,1.497,0.0001,1.74,753,0.0001,82.000,28.921,7.692
0.3199,0.004904,1.528,0.0001,1.71,692,0.0001,82.000,28.921,7.692
0.2847,0.004453,1.560,0.0001,1.68,618,0.0001,82.000,28.921,7.692
0.4602,0.006362,1.376,0.0001,1.87,1099,0.0001,82.000,28.921,7.692
0.4227,0.006342,1.494,0.020,1.85,928,0.013,82.000,30.386,7.692
0.4179,0.006333,1.509,0.0001,1.83,851,0.0001,82.000,30.386,7.692
0.6345,0.009527,1.492,0.020,1.87,966,0.013,82.000,30.299,7.692
0.6050,0.009284,1.525,0.0001,1.85,852,0.0001,82.000,30.299,7.692
0.6114,0.009566,1.555,0.0001,1.83,808,0.0001,82.000,30.299,7.692
0.5576,0.009052,1.614,0.0001,1.75,643,0.0001,82.000,30.299,7.692
0.5348,0.008730,1.624,0.0001,1.73,621,0.0001,82.000,30.299,7.692
0.5411,0.008941,1.643,0.0001,1.73,574,0.0001,82.000,30.299,7.692
0.5337,0.008939,1.666,0.0001,1.70,540,0.0001,82.000,30.299,7.692
1.4811,0.011890,0.791,0.260,4.38,3424,0.329,265.000,8.164,3.409
0.1610,0.002729,1.692,0.020,1.83,721,0.012,307.000,29.706,6.122
0.1961,0.003156,1.606,0.060,1.90,768,0.037,205.000,29.706,6.122
0.4701,0.005937,1.257,0.140,2.39,1849,0.111,205.000,29.706,6.122
1.4604,0.012375,0.835,0.300,4.43,3286,0.359,265.000,16.732,3.409
0.2938,0.005168,1.754,0.060,2.60,878,0.034,145.000,41.565,5.556
0.7489,0.008065,1.069,0.180,6.92,1466,0.168,253.000,19.164,1.818
0.2775,0.003702,1.331,0.020,3.28,711,0.015,355.000,23.957,2.909
0.4423,0.005778,1.301,0.140,2.51,1079,0.108,313.000,16.189,2.857
0.2980,0.003917,1.311,0.100,2.18,1013,0.076,417.000,16.189,2.857
5.1278,0.015942,0.295,0.740,13.79,4985,2.509,112.000,5.540,2.206
1.3569,0.011886,0.864,0.260,4.39,3407,0.301,109.000,23.568,4.706
1.5121,0.013452,0.876,0.240,4.30,3248,0.274,109.000,23.059,4.706
0.6826,0.007644,1.113,0.200,4.32,1650,0.180,235.000,26.052,2.000
0.2064,0.002522,1.220,0.0001,2.08,831,0.0001,169.000,7.557,1.042
0.1286,0.002213,1.719,0.020,1.67,508,0.012,37.000,27.467,8.000
0.2603,0.004341,1.664,0.020,2.04,633,0.012,97.000,27.471,10.526
0.4998,0.007428,1.479,0.180,2.67,1247,0.122,401.000,30.174,2.941
0.5196,0.007487,1.434,0.140,2.69,1325,0.098,401.000,28.781,2.941
0.4048,0.005569,1.371,0.060,3.84,1158,0.044,521.000,29.308,2.317
0.2463,0.006688,2.708,0.120,3.07,494,0.044,433.000,53.690,7.317
0.9457,0.011416,1.196,0.260,4.16,1979,0.217,217.000,12.399,3.704
1.3477,0.011960,0.876,0.360,4.35,2824,0.411,177.000,30.695,2.344
1.3599,0.011824,0.858,0.400,4.39,2830,0.466,177.000,30.483,2.344
0.2672,0.003968,1.481,0.040,2.57,728,0.027,369.000,25.751,2.564
0.2928,0.003668,1.249,0.080,2.41,980,0.064,353.000,10.447,1.786
0.4903,0.005928,1.203,0.120,4.23,1208,0.100,253.000,18.174,2.885
0.8543,0.009359,1.086,0.340,4.85,1872,0.313,148.000,27.740,3.241
0.6716,0.007018,1.038,0.260,4.86,1409,0.250,141.000,14.607,2.954
1.0415,0.010431,0.991,0.340,5.00,2063,0.343,149.000,21.219,3.256
1.4991,0.012742,0.837,0.280,5.48,3388,0.334,505.000,25.301,5.556
0.7365,0.008165,1.101,0.200,4.86,1622,0.182,313.000,23.751,2.488
1.8920,0.012897,0.669,0.480,9.01,2396,0.717,298.000,10.388,1.786
0.0913,0.002090,2.287,0.0001,2.35,285,0.0001,109.000,42.809,5.556
0.0913,0.002074,2.270,0.020,2.35,278,0.009,109.000,42.809,5.556
1.0032,0.010194,1.006,0.180,3.59,2371,0.179,245.000,17.148,2.273
0.8490,0.010248,1.197,0.200,3.59,1898,0.167,245.000,28.717,2.273
0.8198,0.009876,1.195,0.200,3.55,2032,0.167,245.000,28.943,2.273
0.9476,0.010520,1.100,0.280,3.72,2153,0.255,245.000,25.927,2.273
0.9087,0.010225,1.115,0.180,3.67,2132,0.161,245.000,26.132,2.273
0.8940,0.010240,1.135,0.200,3.78,2089,0.176,245.000,26.797,2.273
0.8968,0.010210,1.129,0.260,3.66,2189,0.230,245.000,27.006,2.273
0.8895,0.010187,1.135,0.260,3.65,2122,0.229,245.000,27.446,2.273
0.8842,0.010415,1.168,0.200,3.65,1938,0.171,245.000,27.743,2.273
0.8429,0.010000,1.177,0.200,3.67,1954,0.170,245.000,28.025,2.273
0.8366,0.009992,1.185,0.200,3.63,1912,0.169,245.000,28.226,2.273
1.2086,0.010548,0.862,0.240,4.97,2902,0.278,133.000,19.844,3.200
1.1365,0.010524,0.916,0.340,4.51,2330,0.371,187.000,16.268,1.796
0.5429,0.008216,1.505,0.080,1.87,1195,0.053,129.000,25.513,5.882
0.5683,0.008602,1.505,0.080,1.87,1200,0.053,129.000,25.513,5.882
0.4335,0.005967,1.371,0.080,2.54,1164,0.058,273.000,21.689,3.896
0.6843,0.008208,1.192,0.120,2.80,1625,0.101,103.000,21.689,3.896
0.1197,0.002427,2.027,0.020,2.35,436,0.010,233.000,38.435,4.412
0.4020,0.005020,1.244,0.060,3.61,1434,0.048,121.000,31.878,5.932
0.4199,0.005921,1.405,0.100,2.68,1054,0.071,235.000,20.898,4.167
0.4658,0.006569,1.404,0.060,2.69,1034,0.043,235.000,20.831,4.167
0.4643,0.006235,1.337,0.180,2.75,1195,0.135,235.000,20.973,4.000
0.5065,0.006888,1.353,0.040,2.74,1117,0.030,235.000,20.905,4.000
0.9245,0.009574,1.026,0.200,3.53,2403,0.195,249.000,24.772,4.494
0.9583,0.009790,1.012,0.200,2.92,2538,0.198,245.000,17.459,3.409
0.3479,0.004945,1.417,0.080,2.52,1077,0.056,305.000,27.208,2.857
0.8537,0.009014,1.047,0.180,3.48,1969,0.172,217.000,17.730,3.158
0.8358,0.009984,1.185,0.100,2.68,2254,0.084,273.000,24.939,6.122
0.2626,0.004233,1.608,0.020,1.96,539,0.012,273.000,23.648,6.122
0.3152,0.003914,1.238,0.040,3.13,1015,0.032,343.000,11.894,5.714
0.4523,0.006642,1.462,0.080,2.23,1165,0.055,193.000,25.694,3.448
0.3127,0.004884,1.557,0.0001,1.84,856,0.0001,82.000,32.625,7.692
0.3040,0.004703,1.542,0.0001,1.86,874,0.0001,82.000,32.625,7.692
0.3131,0.004850,1.544,0.020,1.85,904,0.013,82.000,32.625,7.692
0.3120,0.004831,1.544,0.020,1.86,863,0.013,82.000,32.625,7.692
0.2997,0.004642,1.544,0.0001,1.84,833,0.0001,82.000,32.625,7.692
0.1065,0.002021,1.895,0.0001,1.90,410,0.0001,321.000,33.213,3.571
0.1146,0.002346,2.046,0.0001,1.92,352,0.0001,305.000,35.318,3.448
0.6737,0.007597,1.120,0.080,3.37,1739,0.071,201.000,30.534,5.882
1.1093,0.010029,0.894,0.140,3.37,2579,0.157,161.000,9.023,3.448
0.5929,0.006939,1.164,0.140,3.45,1353,0.120,353.000,8.675,3.333
0.2254,0.003678,1.628,0.040,2.11,508,0.025,257.000,17.693,3.390
0.6926,0.007769,1.114,0.160,4.66,1192,0.144,277.000,14.780,2.362
0.2601,0.007368,2.826,0.240,3.73,723,0.085,97.000,68.526,12.000
0.7335,0.007878,1.067,0.260,4.56,1699,0.244,577.000,14.198,2.273
0.6196,0.006878,1.104,0.200,3.78,1447,0.181,577.000,13.778,2.128
0.6538,0.007521,1.143,0.240,4.42,1514,0.210,577.000,13.210,2.273
0.5977,0.006945,1.155,0.120,3.08,1450,0.104,177.000,16.043,2.500
0.3569,0.006527,1.822,0.040,2.24,1060,0.022,41.000,36.337,9.677
0.1424,0.002011,1.411,0.0001,2.13,470,0.0001,133.000,21.347,1.887
0.4818,0.007586,1.567,0.040,1.82,1103,0.026,241.000,42.294,10.909
0.1166,0.002676,2.292,0.020,1.99,382,0.009,205.000,40.036,4.878
0.1428,0.002068,1.446,0.0001,2.09,650,0.0001,145.000,25.464,4.688
0.2281,0.002823,1.236,0.040,2.66,628,0.032,253.000,8.702,1.235
0.2264,0.002832,1.249,0.060,2.53,632,0.048,253.000,9.563,1.235
0.2612,0.003316,1.267,0.040,2.96,727,0.032,253.000,15.384,1.235
0.1818,0.002756,1.514,0.0001,1.96,489,0.0001,481.000,15.513,2.703
0.1355,0.002655,1.958,0.020,2.48,264,0.010,325.000,19.339,6.250
0.5280,0.006048,1.140,0.160,2.76,1548,0.140,169.000,14.848,2.439
0.3910,0.004749,1.210,0.060,2.34,1103,0.050,253.000,14.848,2.439
0.2221,0.003887,1.746,0.020,1.99,565,0.011,109.000,34.538,4.000
0.1452,0.002462,1.695,0.020,2.25,362,0.012,497.000,25.308,4.878
0.2295,0.004338,1.886,0.100,2.46,641,0.053,337.000,32.788,2.941
0.2347,0.004281,1.820,0.100,2.42,638,0.055,337.000,31.328,2.941
0.2640,0.003968,1.500,0.040,1.88,770,0.027,305.000,20.725,3.846
0.0192,0.000410,2.142,0.040,2.15,499,0.019,65.000,31.294,7.143
0.6692,0.007210,1.071,0.220,2.72,1942,0.205,273.000,11.762,2.083
0.8130,0.008620,1.052,0.160,3.37,1668,0.152,225.000,13.698,2.439
0.6074,0.008210,1.344,0.160,2.95,1405,0.119,273.000,28.329,2.439
0.9718,0.011062,1.128,0.280,3.66,1830,0.248,209.000,26.751,5.882
0.8713,0.008891,1.012,0.240,3.28,2324,0.237,257.000,21.932,2.128
0.4018,0.006093,1.510,0.020,1.95,843,0.013,289.000,24.972,6.250
0.5439,0.008458,1.547,0.040,2.08,963,0.026,241.000,24.638,5.882
1.0402,0.009513,0.905,0.240,3.29,2704,0.265,161.000,12.896,2.804
0.6959,0.007783,1.111,0.060,3.87,1847,0.054,189.000,20.873,1.974
0.7237,0.008027,1.102,0.080,3.14,1612,0.073,209.000,12.627,2.222
0.9877,0.009258,0.928,0.260,3.35,2638,0.280,161.000,15.549,2.804
0.9126,0.008762,0.952,0.220,3.56,2224,0.231,205.000,18.035,1.156
0.9234,0.012907,1.385,0.260,3.20,1665,0.188,161.000,42.139,7.143
0.2272,0.004861,2.134,0.040,2.54,425,0.019,109.000,40.764,8.772
0.7299,0.009389,1.277,0.120,2.21,1334,0.094,73.000,43.506,5.556
0.1639,0.002111,1.286,0.040,2.67,605,0.031,205.000,8.989,1.429
0.7423,0.010199,1.364,0.100,2.51,1366,0.073,169.000,35.162,8.333
1.8435,0.014423,0.768,0.380,5.30,3334,0.495,217.000,22.652,2.532
0.1664,0.004126,2.475,0.0001,2.31,364,0.0001,193.000,26.983,10.000
1.2549,0.012210,0.961,0.220,2.67,3292,0.229,321.000,21.335,3.846
0.3897,0.005721,1.463,0.040,2.11,935,0.027,385.000,19.847,5.000
0.5855,0.006741,1.145,0.120,2.32,1405,0.105,133.000,14.817,2.857
1.0482,0.010232,0.966,0.160,4.07,2455,0.166,321.000,19.480,4.348
0.2782,0.005044,1.809,0.060,2.81,681,0.033,265.000,30.755,3.030
0.3036,0.005020,1.649,0.080,3.06,821,0.049,265.000,29.031,2.871
0.6270,0.007543,1.196,0.120,2.85,1809,0.100,127.000,22.770,1.613
1.4187,0.011862,0.825,0.280,8.42,2842,0.340,313.000,21.124,4.167
1.2445,0.010764,0.854,0.220,4.01,2994,0.257,157.000,15.136,2.632
1.5123,0.012019,0.783,0.300,4.32,3355,0.383,157.000,16.146,2.941
0.2566,0.004851,1.886,0.040,2.02,584,0.021,233.000,34.949,5.000
0.2447,0.004702,1.918,0.040,2.02,568,0.021,233.000,35.557,5.000
0.2441,0.004576,1.870,0.040,2.03,610,0.021,233.000,34.777,5.000
0.2528,0.004690,1.851,0.040,2.04,594,0.022,233.000,34.230,5.000
0.2556,0.004851,1.893,0.040,2.05,579,0.021,233.000,35.312,5.000
0.1657,0.003167,1.908,0.0001,1.80,331,0.0001,235.000,36.655,4.167
0.6392,0.007425,1.154,0.140,3.14,1980,0.121,127.000,23.284,1.613
0.6563,0.007553,1.143,0.180,3.17,2034,0.157,127.000,22.869,1.613
1.1095,0.010379,0.925,0.120,4.65,2073,0.130,273.000,12.950,2.128
1.0856,0.010192,0.929,0.120,4.59,2099,0.129,273.000,12.950,2.128
1.1047,0.010332,0.925,0.200,4.57,2106,0.216,273.000,12.950,2.128
1.0862,0.010100,0.920,0.160,4.58,2066,0.174,273.000,12.950,2.128
1.1175,0.010395,0.920,0.160,4.58,2054,0.174,273.000,12.950,2.128
2.5267,0.013629,0.526,0.460,4.80,5239,0.875,113.000,15.850,2.500
0.4089,0.005269,1.284,0.020,2.14,1044,0.016,273.000,13.303,2.174
0.4618,0.006388,1.377,0.020,1.87,1131,0.015,82.000,28.921,7.692
1.2307,0.012307,0.988,0.300,5.37,2519,0.304,159.000,34.097,4.237
0.8540,0.008804,1.022,0.180,3.12,2455,0.176,121.000,25.023,2.290
0.5568,0.009106,1.626,0.080,3.04,1229,0.049,241.000,41.353,5.000
0.2512,0.003353,1.331,0.060,2.55,734,0.045,289.000,15.670,2.564
1.4531,0.012457,0.845,0.300,3.31,3422,0.355,241.000,24.968,2.381
0.9140,0.009701,1.052,0.240,3.57,2306,0.228,157.000,23.927,1.923
1.3088,0.011645,0.878,0.460,5.37,2430,0.524,157.000,23.927,1.923
1.4454,0.013975,0.953,0.300,5.56,3155,0.315,241.000,29.209,7.143
3.6967,0.016498,0.430,0.740,14.24,1995,1.722,385.000,41.666,10.714
0.1492,0.002487,1.664,0.040,3.04,503,0.024,151.000,28.985,3.093
0.1388,0.002779,2.000,0.040,2.37,412,0.020,253.000,37.929,5.714
0.1475,0.002930,1.984,0.020,2.37,462,0.010,265.000,37.818,5.882
0.3034,0.003583,1.178,0.180,5.33,814,0.153,145.000,19.225,2.703
1.1152,0.011863,1.052,0.200,3.98,2367,0.190,181.000,21.894,4.478
0.5015,0.006238,1.238,0.040,2.42,1154,0.032,373.000,13.311,2.344
0.5291,0.006550,1.232,0.040,2.44,1163,0.032,373.000,13.311,2.344
0.5728,0.007061,1.226,0.060,2.58,1223,0.049,373.000,13.264,2.344
0.3918,0.004653,1.183,0.060,2.53,1167,0.051,373.000,10.785,1.775
0.4520,0.005167,1.138,0.020,2.33,1332,0.018,253.000,11.055,1.818
0.1629,0.002125,1.304,0.040,2.72,459,0.031,829.000,9.611,1.449
0.1866,0.002383,1.276,0.040,2.82,516,0.031,829.000,10.552,1.449
0.2137,0.003448,1.610,0.080,2.41,685,0.050,449.000,24.304,2.703
0.1965,0.003109,1.580,0.0001,2.37,666,0.0001,449.000,24.410,2.564
0.2214,0.003532,1.592,0.0001,2.44,689,0.0001,449.000,24.304,2.703
0.7252,0.007605,1.042,0.120,3.77,1933,0.115,369.000,17.970,1.695
0.5353,0.008731,1.623,0.180,3.04,1237,0.111,241.000,41.353,5.000
0.6826,0.011185,1.628,0.300,3.49,1183,0.184,241.000,43.169,5.263
0.6739,0.011051,1.629,0.320,3.49,1171,0.196,241.000,43.169,5.263
0.5639,0.008921,1.573,0.220,3.07,1364,0.140,241.000,41.353,5.000
0.3227,0.005886,1.818,0.100,2.27,776,0.055,225.000,38.419,3.704
0.3272,0.005941,1.810,0.100,2.28,760,0.055,225.000,38.419,3.704
0.4010,0.005857,1.455,0.040,2.14,916,0.027,273.000,30.132,3.175
1.7722,0.014115,0.783,0.220,5.12,3810,0.281,172.000,25.868,3.306
0.2341,0.003388,1.444,0.080,3.84,626,0.055,241.000,11.580,3.448
0.3609,0.005146,1.421,0.020,2.26,965,0.014,185.000,21.990,4.167
0.2309,0.003214,1.389,0.040,2.15,789,0.029,185.000,17.588,3.297
0.2300,0.003099,1.345,0.020,2.37,731,0.015,197.000,8.360,3.261
0.5212,0.006382,1.218,0.100,2.83,1836,0.082,113.000,28.683,5.000
0.3074,0.004090,1.327,0.040,2.38,1003,0.030,177.000,23.391,2.083
0.1685,0.002469,1.463,0.020,2.29,484,0.014,177.000,22.728,1.961
1.5651,0.013402,0.843,0.400,5.11,3545,0.475,118.000,24.718,5.128
0.9663,0.009164,0.940,0.100,3.05,2551,0.106,177.000,18.086,2.857
0.7716,0.007721,0.993,0.140,2.91,1980,0.141,193.000,16.872,2.564
1.0727,0.010140,0.935,0.100,3.05,2564,0.107,177.000,18.086,2.857
0.7610,0.007572,0.988,0.140,2.95,2038,0.142,193.000,16.872,2.564
0.3109,0.004917,1.577,0.040,3.32,862,0.025,149.000,30.817,4.396
0.6925,0.007126,1.022,0.200,2.66,1916,0.196,329.000,2.466,0.990
0.5842,0.006572,1.119,0.060,3.02,1529,0.054,305.000,9.945,2.299
0.4241,0.004885,1.148,0.140,3.93,1126,0.122,361.000,10.019,2.662
0.2936,0.004170,1.417,0.120,2.51,1117,0.085,301.000,19.011,4.412
0.2844,0.004037,1.416,0.0001,2.12,621,0.0001,353.000,16.428,3.077
0.4271,0.005184,1.209,0.120,3.47,987,0.099,298.000,16.391,2.439
0.3675,0.004612,1.251,0.080,3.32,879,0.064,298.000,16.391,2.439
0.4450,0.005446,1.219,0.100,3.45,1028,0.082,298.000,16.391,2.439
0.4035,0.004999,1.234,0.100,3.41,1022,0.081,298.000,16.391,2.439
0.4016,0.005085,1.261,0.100,3.33,1008,0.079,298.000,16.391,2.439
0.3788,0.004847,1.275,0.100,3.30,962,0.078,298.000,16.391,2.439
0.3859,0.005033,1.300,0.080,3.22,954,0.062,298.000,16.391,2.439
0.3589,0.004752,1.320,0.080,3.18,928,0.061,298.000,16.391,2.439
0.3552,0.004765,1.337,0.060,3.13,906,0.045,298.000,16.391,2.439
0.3443,0.004618,1.337,0.080,3.12,885,0.060,298.000,16.391,2.439
0.3829,0.004694,1.222,0.080,3.38,1021,0.065,298.000,16.391,2.439
0.3885,0.004783,1.227,0.100,3.39,1008,0.082,298.000,16.391,2.439
0.3702,0.004600,1.239,0.100,3.35,967,0.081,298.000,16.391,2.439
0.3604,0.004604,1.273,0.100,3.23,897,0.079,298.000,16.391,2.439
0.3180,0.004270,1.339,0.080,3.10,825,0.060,298.000,16.391,2.439
0.2921,0.003964,1.353,0.080,3.03,793,0.059,298.000,16.391,2.439
0.3038,0.004148,1.362,0.080,3.02,816,0.059,298.000,16.391,2.439
0.3679,0.004681,1.268,0.100,3.27,913,0.079,298.000,16.391,2.439
0.4211,0.005150,1.218,0.120,3.44,962,0.099,298.000,16.391,2.439
1.0630,0.009174,0.854,0.280,6.16,1819,0.328,229.000,12.072,1.639
0.1483,0.004675,3.147,0.0001,3.77,397,0.0001,49.000,68.444,13.115
0.2897,0.004613,1.588,0.020,1.87,636,0.013,97.000,28.761,5.660
0.1643,0.002635,1.601,0.0001,1.73,513,0.0001,97.000,28.761,5.660
1.0602,0.010880,1.016,0.480,4.23,2082,0.473,235.000,27.726,2.000
0.2704,0.003793,1.400,0.040,2.51,785,0.029,307.000,17.647,2.778
0.3068,0.005459,1.774,0.080,3.96,681,0.045,97.000,37.836,5.618
0.4309,0.006095,1.409,0.020,2.67,1100,0.014,289.000,30.179,3.571
0.5830,0.007852,1.339,0.160,2.40,1380,0.119,273.000,29.406,5.405
4.3800,0.015279,0.334,0.680,8.64,3838,2.038,197.000,15.223,2.752
0.2446,0.004045,1.650,0.0001,1.75,697,0.0001,109.000,26.430,5.455
0.2527,0.003332,1.316,0.020,1.93,838,0.015,225.000,10.735,1.667
0.2472,0.003947,1.593,0.0001,2.23,776,0.0001,181.000,33.915,3.333
0.2522,0.004133,1.635,0.060,2.22,792,0.037,169.000,34.771,3.226
0.0996,0.001462,1.468,0.020,1.93,548,0.014,289.000,15.046,2.326
0.2696,0.004588,1.698,0.080,2.57,755,0.047,157.000,34.621,3.125
0.1418,0.004501,3.169,0.020,3.78,384,0.006,49.000,68.444,13.115
0.3594,0.006396,1.773,0.0001,2.47,862,0.0001,97.000,39.567,11.111
0.3380,0.006259,1.846,0.080,2.34,814,0.043,97.000,39.567,11.111
0.3589,0.006463,1.794,0.060,2.45,908,0.033,97.000,39.567,11.111
1.2134,0.009519,0.775,0.220,3.56,3593,0.284,113.000,10.982,1.667
2.4667,0.016896,0.668,0.540,4.81,3451,0.808,97.000,28.829,10.000
0.1419,0.002317,1.632,0.0001,2.72,546,0.0001,325.000,26.411,4.762
0.1372,0.002443,1.779,0.0001,2.17,381,0.0001,289.000,31.721,2.667
0.5333,0.007714,1.439,0.140,2.56,1650,0.097,145.000,31.651,7.143
0.2711,0.006145,2.261,0.080,2.29,473,0.035,289.000,43.306,6.250
0.2101,0.004829,2.294,0.080,2.19,395,0.035,169.000,52.895,12.500
0.2011,0.004675,2.320,0.020,2.15,362,0.009,169.000,52.895,12.500
0.8855,0.009003,1.008,0.140,3.23,2166,0.139,545.000,14.756,2.381
1.0263,0.009750,0.941,0.280,3.13,2810,0.298,205.000,14.756,2.381
0.5256,0.008071,1.528,0.060,2.88,1710,0.039,181.000,46.441,6.383
0.5144,0.007962,1.540,0.180,2.86,1712,0.117,181.000,47.197,6.383
1.3106,0.011197,0.843,0.400,3.37,3154,0.474,161.000,17.138,2.778
2.3534,0.014298,0.593,0.380,7.53,3826,0.640,145.000,33.981,7.547
2.0075,0.013447,0.656,0.440,5.55,3895,0.670,121.000,26.212,4.819
4.0903,0.015918,0.373,0.500,10.48,4421,1.339,337.000,22.906,4.211
0.8366,0.009410,1.116,0.080,3.12,1929,0.072,191.000,23.663,5.517
0.7227,0.007575,1.041,0.100,4.36,1637,0.096,241.000,14.068,1.992
0.5864,0.006446,1.093,0.080,4.46,1382,0.073,225.000,13.449,1.901
0.8169,0.009005,1.094,0.140,3.48,2187,0.128,273.000,20.163,4.651
0.1718,0.004945,2.874,0.040,2.18,292,0.014,161.000,57.046,16.832
0.1766,0.002517,1.423,0.0001,2.40,597,0.0001,177.000,12.418,1.961
0.2566,0.003957,1.538,0.040,2.31,545,0.026,325.000,17.587,4.545
0.5025,0.006422,1.272,0.080,3.06,1312,0.063,357.000,19.246,3.252
0.2039,0.003024,1.480,0.020,2.39,581,0.014,217.000,21.128,3.704
0.5704,0.006851,1.195,0.220,3.81,1354,0.184,297.000,22.280,4.000
0.3020,0.004698,1.551,0.060,2.72,751,0.039,33.000,28.629,2.857
0.3064,0.004830,1.572,0.180,2.71,780,0.115,41.000,29.466,2.941
0.3186,0.005148,1.611,0.100,2.68,861,0.062,49.000,30.624,3.030
0.2932,0.004799,1.632,0.100,2.67,834,0.061,49.000,31.355,3.030
1.1967,0.010268,0.848,0.360,5.13,2296,0.425,169.000,16.424,2.703
1.2680,0.010475,0.816,0.380,5.31,2470,0.466,169.000,16.407,2.703
0.1080,0.001834,1.696,0.040,2.45,457,0.024,129.000,23.657,4.545
0.5425,0.007208,1.322,0.180,4.21,1490,0.136,101.000,39.893,7.042
0.5455,0.007508,1.369,0.100,3.78,1469,0.073,181.000,42.570,6.745
1.5121,0.014517,0.946,0.240,3.61,2331,0.254,145.000,13.034,5.556
0.5369,0.007036,1.304,0.180,3.16,1263,0.138,193.000,26.081,6.000
0.4140,0.005337,1.284,0.100,2.41,1045,0.078,223.000,15.672,2.941
0.1077,0.001403,1.302,0.040,2.24,482,0.031,225.000,13.123,2.083
0.0995,0.001280,1.286,0.0001,2.22,470,0.0001,225.000,13.123,2.083
0.1079,0.002565,2.374,0.040,2.85,362,0.017,133.000,11.270,4.348
0.3256,0.004890,1.497,0.020,2.70,851,0.013,353.000,28.371,5.556
0.8479,0.009179,1.074,0.100,2.86,2128,0.093,257.000,23.228,4.000
0.2252,0.003434,1.522,0.020,2.43,494,0.013,289.000,14.339,3.571
0.4287,0.004969,1.154,0.040,2.96,1132,0.035,377.000,8.881,1.429
1.1039,0.010800,0.968,0.320,6.50,1643,0.331,172.000,25.599,7.353
0.1882,0.004787,2.539,0.020,2.29,480,0.008,201.000,51.211,5.882
0.1595,0.003844,2.406,0.0001,2.27,472,0.0001,209.000,48.877,5.882
0.1625,0.003926,2.412,0.0001,2.29,476,0.0001,217.000,48.965,6.024
2.6714,0.014178,0.517,0.560,8.33,3853,1.084,251.000,17.977,3.072
0.1678,0.004093,2.435,0.0001,2.29,470,0.0001,209.000,49.083,5.882
1.6085,0.011873,0.726,0.360,5.01,3868,0.496,142.000,20.155,3.542
0.1989,0.004869,2.444,0.020,2.36,515,0.008,217.000,50.218,6.173
0.6467,0.007670,1.178,0.0001,1.94,1328,0.0001,82.000,15.616,7.692
0.1829,0.004488,2.450,0.020,2.37,505,0.008,201.000,50.197,5.882
0.1882,0.004705,2.496,0.020,2.31,508,0.008,201.000,50.455,5.882
0.1727,0.004306,2.490,0.020,2.34,485,0.008,201.000,50.536,5.882
0.1815,0.004576,2.518,0.020,2.32,481,0.008,201.000,50.709,5.882
0.3752,0.004846,1.287,0.100,3.09,1268,0.078,209.000,22.399,2.469
0.2490,0.005811,2.329,0.120,2.31,466,0.052,289.000,44.048,6.250
0.1661,0.002618,1.574,0.0001,2.03,504,0.0001,313.000,21.714,4.425
3.7731,0.015094,0.385,0.640,9.24,4590,1.662,523.000,20.628,3.448
0.2350,0.003125,1.327,0.060,2.11,897,0.045,233.000,21.266,1.852
0.3050,0.003931,1.285,0.080,2.35,1074,0.062,257.000,21.388,1.961
0.3412,0.005199,1.519,0.040,2.18,766,0.026,361.000,23.394,4.000
0.1415,0.001900,1.342,0.0001,1.68,618,0.0001,337.000,13.698,2.439
0.0997,0.001356,1.359,0.0001,1.74,681,0.0001,337.000,13.698,2.439
0.7464,0.007595,1.010,0.080,3.20,2185,0.079,161.000,12.751,2.000
0.1138,0.001832,1.608,0.040,2.03,657,0.025,417.000,25.119,2.564
0.3195,0.004114,1.284,0.080,3.52,735,0.062,568.000,11.667,2.041
0.3771,0.004644,1.227,0.120,3.80,908,0.098,379.000,12.780,2.041
0.1140,0.001937,1.697,0.0001,1.83,647,0.0001,73.000,36.766,3.333
0.1195,0.002003,1.675,0.0001,1.89,680,0.0001,73.000,36.766,3.333
0.3710,0.005584,1.500,0.040,3.39,714,0.027,313.000,18.071,3.093
0.6245,0.006838,1.088,0.180,4.27,1511,0.165,217.000,17.867,2.857
0.2286,0.003689,1.611,0.040,1.84,603,0.025,397.000,22.524,5.455
1.2136,0.012275,0.999,0.260,4.58,2543,0.260,209.000,28.942,6.849
0.5161,0.007416,1.430,0.120,2.27,1513,0.084,193.000,28.836,6.494
0.1460,0.001989,1.360,0.0001,2.25,543,0.0001,177.000,13.884,2.105
0.4028,0.005105,1.263,0.140,3.23,907,0.111,161.000,16.183,2.500
0.2551,0.004132,1.616,0.040,2.68,437,0.025,353.000,24.556,5.263
0.3548,0.005883,1.652,0.020,2.47,879,0.012,1.000,32.461,6.250
0.1156,0.002645,2.286,0.040,1.96,373,0.017,161.000,49.297,10.204
0.1610,0.002641,1.638,0.020,2.21,470,0.012,249.000,25.840,2.128
0.1546,0.002548,1.646,0.020,2.22,483,0.012,249.000,26.707,2.128
0.1508,0.002578,1.707,0.020,2.19,428,0.012,249.000,27.720,2.128
0.4164,0.006315,1.510,0.100,3.19,1025,0.066,249.000,33.064,4.348
0.2962,0.003800,1.280,0.020,2.30,881,0.016,329.000,10.884,0.935
0.6019,0.007978,1.318,0.060,3.09,1386,0.046,209.000,28.108,5.556
0.3211,0.003940,1.223,0.040,3.38,932,0.033,199.000,15.286,2.128
0.3918,0.006147,1.563,0.060,2.52,996,0.038,127.000,24.618,2.857
1.6892,0.013515,0.787,0.340,4.78,3465,0.432,505.000,21.390,4.348
0.3199,0.005114,1.594,0.080,2.52,836,0.050,265.000,29.675,3.030
0.3388,0.005005,1.472,0.060,2.49,867,0.041,277.000,21.170,3.125
0.3137,0.005052,1.606,0.040,2.52,803,0.025,277.000,29.856,3.125
0.3098,0.005037,1.621,0.120,2.50,806,0.074,277.000,30.348,3.125
0.3219,0.005366,1.662,0.060,2.49,823,0.036,265.000,31.168,3.030
0.3056,0.005113,1.669,0.120,2.49,808,0.072,277.000,31.462,3.125
0.3097,0.005249,1.690,0.120,2.48,775,0.071,277.000,32.204,3.125
0.2958,0.005123,1.727,0.020,2.48,749,0.012,265.000,32.858,3.030
0.2989,0.005242,1.749,0.100,2.49,785,0.057,277.000,33.566,3.125
0.2884,0.005077,1.756,0.100,2.48,780,0.057,277.000,33.788,3.125
0.2541,0.002954,1.159,0.020,1.81,1227,0.017,33.000,11.548,3.226
0.1866,0.006036,3.228,0.080,2.62,488,0.025,145.000,69.137,14.019
0.5042,0.005937,1.172,0.160,2.78,1377,0.137,229.000,19.679,1.796
0.9848,0.011138,1.120,0.360,5.31,1847,0.321,165.000,34.378,5.172
0.2509,0.004476,1.780,0.040,2.12,652,0.022,449.000,32.165,4.225
0.2381,0.004374,1.834,0.020,2.11,655,0.011,449.000,33.171,4.225
0.1796,0.002468,1.372,0.0001,2.62,528,0.0001,257.000,15.171,1.235
0.3674,0.004786,1.299,0.100,3.54,891,0.077,241.000,14.024,1.205
0.3433,0.004154,1.206,0.020,2.99,911,0.017,353.000,14.149,2.326
0.3910,0.004757,1.212,0.080,3.22,942,0.066,385.000,14.218,2.439
0.2575,0.003419,1.325,0.040,2.72,770,0.030,385.000,14.149,2.564
1.1875,0.010517,0.875,0.360,4.17,2677,0.411,177.000,12.273,2.083
0.3030,0.003257,1.072,0.020,2.42,1123,0.019,529.000,5.469,0.709
0.1183,0.003334,2.816,0.0001,1.87,332,0.0001,133.000,55.955,8.000
0.8378,0.012544,1.485,0.300,3.42,1828,0.202,89.000,58.841,15.152
0.8828,0.013197,1.482,0.240,4.82,1565,0.162,89.000,64.041,21.978
1.0207,0.010292,0.998,0.320,3.77,2191,0.321,233.000,14.675,2.632
1.0527,0.010365,0.975,0.400,3.89,2367,0.410,233.000,14.675,2.632
0.5638,0.006624,1.169,0.100,2.45,1364,0.086,257.000,11.725,1.786
0.2445,0.003115,1.272,0.060,2.21,981,0.047,185.000,14.134,1.961
0.0910,0.001365,1.499,0.0001,1.84,350,0.0001,325.000,15.258,2.326
0.3110,0.003861,1.238,0.020,2.29,1019,0.016,185.000,12.920,1.961
0.5320,0.006411,1.199,0.200,2.61,1780,0.167,193.000,18.602,3.226
0.1823,0.002826,1.548,0.020,2.31,553,0.013,217.000,23.612,4.255
0.8929,0.010824,1.202,0.180,2.25,2436,0.150,121.000,39.661,4.762
0.4694,0.008116,1.721,0.060,3.25,868,0.035,265.000,33.343,9.434
0.1781,0.003518,1.972,0.040,2.10,477,0.020,145.000,40.597,4.082
0.1727,0.003359,1.941,0.040,2.49,360,0.021,193.000,31.226,9.091
0.4993,0.006590,1.313,0.120,3.41,1181,0.091,61.000,26.048,2.439
0.2710,0.005054,1.860,0.040,2.50,388,0.022,193.000,28.958,9.091
1.2940,0.011035,0.842,0.220,3.42,2807,0.261,165.000,12.600,2.098
0.3213,0.004588,1.424,0.040,2.23,956,0.028,89.000,11.672,1.220
0.3709,0.005122,1.376,0.100,2.37,789,0.073,89.000,12.943,1.220
0.3418,0.004878,1.423,0.100,2.38,780,0.070,89.000,12.295,1.220
0.1762,0.002546,1.442,0.020,2.61,566,0.014,249.000,18.496,2.913
0.2942,0.003676,1.247,0.040,2.60,900,0.032,337.000,13.895,2.000
1.1425,0.010772,0.932,0.240,3.07,3037,0.257,181.000,7.012,9.091
2.8742,0.014170,0.479,0.540,7.53,4001,1.127,145.000,23.738,4.396
1.0919,0.010143,0.919,0.240,4.93,2314,0.261,593.000,17.912,1.562
0.3013,0.003861,1.278,0.040,2.73,902,0.031,281.000,15.742,2.804
0.1795,0.002929,1.629,0.060,3.61,611,0.037,145.000,30.146,4.950
0.2036,0.003295,1.615,0.060,3.66,672,0.037,145.000,30.766,4.950
1.1029,0.010038,0.900,0.340,4.23,2197,0.378,181.000,12.537,2.190
1.1279,0.010273,0.901,0.240,3.24,2542,0.266,313.000,16.643,1.408
1.2847,0.011213,0.862,0.320,3.46,2704,0.371,313.000,16.643,1.408
1.1677,0.010501,0.889,0.260,3.78,2465,0.292,313.000,16.643,1.408
0.3377,0.005053,1.491,0.0001,1.79,588,0.0001,417.000,21.287,4.651
1.5857,0.012134,0.753,0.140,4.68,2702,0.186,289.000,15.217,3.226
1.2179,0.010842,0.880,0.180,4.57,2263,0.205,289.000,26.861,3.226
0.0992,0.001583,1.595,0.020,2.01,502,0.013,313.000,27.622,2.740
0.2959,0.003750,1.264,0.040,2.49,998,0.032,201.000,21.306,1.835
0.0844,0.001684,1.994,0.0001,2.54,267,0.0001,73.000,32.832,3.650
2.3168,0.015798,0.666,0.280,7.22,3796,0.420,157.000,20.693,4.082
0.2828,0.004748,1.674,0.040,2.99,819,0.024,181.000,32.926,5.970
0.2713,0.004554,1.674,0.040,2.98,782,0.024,181.000,32.926,5.970
0.1394,0.002647,1.897,0.040,1.91,454,0.021,173.000,33.301,5.882
0.1576,0.002963,1.878,0.040,2.08,472,0.021,177.000,33.328,5.970
0.1393,0.002648,1.898,0.040,1.91,471,0.021,169.000,33.273,5.797
0.2579,0.004273,1.653,0.080,2.50,790,0.048,241.000,35.398,2.381
0.7643,0.009043,1.174,0.080,3.15,1918,0.068,205.000,26.735,3.030
0.2452,0.003418,1.391,0.100,2.74,847,0.072,281.000,15.515,1.550
2.3391,0.016106,0.673,0.300,7.15,3818,0.446,157.000,20.693,4.082
2.2755,0.015521,0.667,0.300,7.10,3814,0.450,157.000,20.693,4.082
2.0369,0.014747,0.709,0.240,5.95,3887,0.338,157.000,19.668,3.922
0.2011,0.003972,1.972,0.020,2.49,383,0.010,136.000,30.540,6.383
0.2422,0.004264,1.757,0.020,2.56,465,0.011,244.000,27.339,7.692
0.3073,0.004411,1.431,0.040,3.07,855,0.028,129.000,18.879,1.266
0.4226,0.005507,1.298,0.140,3.20,1015,0.108,141.000,16.956,1.333
0.4157,0.005451,1.306,0.160,3.33,971,0.122,141.000,18.557,1.333
1.1109,0.012378,1.102,0.160,3.33,2346,0.145,145.000,31.271,4.167
1.0758,0.011619,1.069,0.160,2.89,2629,0.150,289.000,20.925,4.167
0.2057,0.003289,1.595,0.080,2.61,909,0.050,361.000,45.408,8.197
0.7668,0.007778,1.007,0.180,4.75,1649,0.179,241.000,15.275,2.395
0.7674,0.007697,0.996,0.180,4.91,1645,0.181,241.000,15.275,2.395
0.9783,0.010176,1.030,0.300,3.67,2263,0.291,209.000,25.119,2.564
1.0394,0.010768,1.025,0.200,3.81,2207,0.195,209.000,25.119,2.564
1.0665,0.010598,0.983,0.340,3.53,2236,0.346,209.000,15.940,2.564
1.0741,0.010440,0.962,0.340,3.59,2351,0.353,209.000,14.956,2.564
0.2437,0.003559,1.457,0.060,2.08,787,0.041,305.000,18.649,3.448
1.3521,0.015153,1.106,0.140,3.66,1977,0.127,209.000,22.152,5.882
1.3542,0.015189,1.107,0.120,3.58,1859,0.108,209.000,22.152,5.882
1.3223,0.015196,1.134,0.320,3.56,1839,0.282,209.000,22.152,5.882
0.1738,0.003366,1.934,0.040,2.31,410,0.021,49.000,39.278,9.302
0.3065,0.004507,1.466,0.040,2.15,792,0.027,169.000,24.173,4.348
0.1966,0.003803,1.931,0.040,2.14,484,0.021,145.000,40.597,4.082
0.9597,0.011455,1.183,0.260,2.95,2065,0.220,209.000,25.157,5.714
0.7129,0.009414,1.311,0.200,4.56,1610,0.153,217.000,12.399,3.704
0.6436,0.008906,1.375,0.140,4.21,1497,0.102,217.000,12.399,3.704
0.2418,0.004717,1.946,0.080,3.62,355,0.041,205.000,47.636,6.316
0.2200,0.003334,1.512,0.040,2.53,681,0.026,193.000,12.774,1.064
0.2164,0.003425,1.580,0.020,2.48,582,0.013,193.000,13.487,1.053
0.2263,0.003521,1.553,0.040,2.49,594,0.026,193.000,13.809,1.064
0.4997,0.006881,1.370,0.080,2.61,1750,0.058,157.000,33.121,3.846
0.2700,0.003561,1.316,0.080,2.65,713,0.061,321.000,9.611,1.587
0.1915,0.003985,2.077,0.040,2.23,607,0.019,193.000,39.983,4.651
0.1874,0.003661,1.950,0.040,2.30,650,0.021,193.000,37.930,4.651
0.7691,0.006696,0.864,0.160,6.63,1723,0.185,478.000,12.122,1.648
0.1959,0.003958,2.017,0.0001,2.35,575,0.0001,193.000,38.913,4.651
0.1916,0.003903,2.034,0.0001,2.26,573,0.0001,193.000,39.166,4.651
0.2090,0.003948,1.885,0.060,2.29,730,0.032,193.000,37.250,4.651
0.3308,0.005582,1.682,0.080,2.68,938,0.048,221.000,47.071,6.410
0.8502,0.008973,1.047,0.140,3.42,2239,0.134,565.000,23.088,3.109
0.2282,0.003683,1.610,0.120,2.33,810,0.075,241.000,31.132,2.899
0.2301,0.003697,1.603,0.080,2.38,773,0.050,233.000,31.098,2.857
0.2385,0.003956,1.655,0.060,2.45,771,0.036,241.000,32.585,2.941
0.2419,0.004035,1.664,0.080,2.45,787,0.048,241.000,32.585,2.941
0.2297,0.003854,1.674,0.060,2.43,770,0.036,241.000,32.819,2.941
0.2329,0.003884,1.665,0.080,2.48,792,0.048,241.000,32.819,2.941
0.2297,0.003965,1.722,0.060,2.41,732,0.035,241.000,33.814,2.941
0.2386,0.004099,1.714,0.080,2.47,755,0.047,241.000,33.814,2.941
0.5010,0.006545,1.300,0.040,2.88,1295,0.031,121.000,27.081,6.122
0.7330,0.008664,1.173,0.140,2.49,1630,0.119,181.000,13.242,2.532
0.1995,0.003055,1.529,0.020,2.37,556,0.013,561.000,16.231,2.752
0.1736,0.004040,2.324,0.060,1.78,326,0.026,169.000,48.386,11.579
1.8296,0.012677,0.680,0.400,6.46,3120,0.588,433.000,19.653,3.268
1.4199,0.010737,0.746,0.300,5.65,2808,0.402,433.000,18.005,2.660
1.5521,0.011698,0.742,0.260,5.74,2758,0.350,217.000,18.880,2.941
1.1133,0.010005,0.889,0.300,4.17,2324,0.337,217.000,18.496,2.976
1.1786,0.010039,0.842,0.200,6.81,2179,0.237,433.000,16.888,2.451
1.2877,0.010647,0.816,0.280,6.61,2325,0.343,433.000,17.655,2.688
1.1615,0.010591,0.902,0.280,4.13,2397,0.311,465.000,18.664,2.976
0.9958,0.009489,0.944,0.320,3.46,2460,0.339,465.000,17.809,2.688
0.3724,0.006151,1.646,0.080,3.82,619,0.049,361.000,26.824,6.250
0.4212,0.006577,1.555,0.060,2.73,773,0.039,133.000,20.598,2.778
0.1797,0.002862,1.590,0.020,3.79,521,0.013,241.000,19.632,3.448
5.0243,0.016053,0.304,0.680,7.96,5019,2.240,289.000,12.939,2.247
0.3119,0.004937,1.578,0.060,2.12,882,0.038,385.000,25.797,5.263
0.3157,0.004999,1.578,0.080,2.09,914,0.051,257.000,25.797,5.263
0.9898,0.010165,1.017,0.100,2.90,2644,0.098,235.000,23.543,2.000
1.6849,0.014009,0.817,0.440,7.77,2613,0.538,214.000,21.838,5.479
1.1368,0.011001,0.957,0.380,5.06,2292,0.397,215.000,27.495,5.369
1.0142,0.010108,0.987,0.280,4.77,2440,0.284,217.000,26.681,5.096
0.4406,0.007484,1.691,0.100,2.76,1028,0.059,273.000,37.459,4.000
0.0899,0.001335,1.484,0.020,1.96,355,0.013,273.000,7.562,1.149
0.5972,0.006916,1.152,0.100,3.57,1623,0.087,257.000,13.926,2.326
0.7452,0.007635,1.017,0.300,4.29,1704,0.295,721.000,14.130,2.326
0.9230,0.008886,0.954,0.140,3.71,2301,0.147,257.000,23.394,3.704
1.1941,0.009716,0.804,0.240,5.93,2574,0.298,121.000,25.312,4.348
0.3404,0.004973,1.456,0.060,2.15,697,0.041,289.000,18.373,3.704
0.2306,0.003989,1.726,0.020,2.97,726,0.012,193.000,34.360,4.878
0.2524,0.004152,1.641,0.020,2.99,807,0.012,193.000,32.653,4.878
0.2229,0.003838,1.719,0.020,2.97,777,0.012,193.000,34.106,4.878
0.2186,0.003893,1.777,0.020,2.95,717,0.011,193.000,35.188,4.878
0.2489,0.004185,1.678,0.020,2.99,829,0.012,193.000,33.441,4.878
0.2135,0.003733,1.746,0.020,2.96,750,0.011,193.000,34.542,4.878
0.2308,0.004057,1.754,0.020,2.96,746,0.011,193.000,34.985,4.878
0.2808,0.004218,1.498,0.020,2.97,899,0.013,193.000,24.565,4.878
0.1098,0.001478,1.345,0.040,1.94,469,0.030,265.000,18.896,2.778
1.0858,0.009845,0.897,0.240,3.97,2648,0.267,201.000,16.865,1.639
0.2934,0.004094,1.392,0.080,2.63,1074,0.057,201.000,23.625,4.762
0.1762,0.002599,1.473,0.040,2.35,532,0.027,265.000,13.882,1.235
1.3950,0.011528,0.815,0.280,4.44,3218,0.343,273.000,16.892,3.030
1.1952,0.011414,0.944,0.320,4.45,2855,0.339,273.000,25.898,3.030
0.2155,0.003825,1.772,0.080,2.40,651,0.045,253.000,33.611,4.348
1.3978,0.012249,0.864,0.320,3.89,3537,0.370,109.000,19.980,4.396
0.6357,0.005928,0.927,0.300,2.76,2045,0.324,209.000,3.577,3.846
1.3942,0.011825,0.837,0.300,4.55,3184,0.359,133.000,22.318,3.960
0.2749,0.003659,1.328,0.080,2.40,849,0.060,345.000,18.308,1.595
0.3907,0.007321,1.867,0.180,2.41,1158,0.096,289.000,59.034,8.571
0.6611,0.010691,1.607,0.120,2.19,1268,0.075,289.000,46.527,8.571
0.9103,0.013073,1.423,0.160,2.46,1545,0.112,289.000,46.527,8.571
0.8521,0.009031,1.051,0.200,3.26,1982,0.190,329.000,10.624,1.923
0.4739,0.006620,1.391,0.120,2.68,1235,0.086,249.000,23.855,2.128
0.1528,0.001898,1.241,0.020,2.06,684,0.016,601.000,9.675,1.538
0.1666,0.002086,1.251,0.020,2.06,667,0.016,601.000,9.639,1.538
1.2339,0.010066,0.806,0.320,5.50,1972,0.397,529.000,22.563,3.571
0.0465,0.000824,1.771,0.0001,1.66,547,0.0001,301.000,23.571,5.000
0.1300,0.002668,2.051,0.020,2.57,262,0.010,217.000,31.059,4.348
0.1156,0.002488,2.150,0.0001,2.58,212,0.0001,145.000,29.475,4.348
0.4397,0.004738,1.073,0.060,2.53,1372,0.056,9.000,13.703,1.852
0.4175,0.005049,1.205,0.080,2.61,1387,0.066,9.000,10.668,1.852
0.1564,0.002638,1.684,0.020,2.18,527,0.012,321.000,21.804,1.923
0.1043,0.002551,2.445,0.0001,1.79,407,0.0001,271.000,52.182,9.375
0.1131,0.002707,2.390,0.0001,1.76,427,0.0001,271.000,51.498,9.375
0.3449,0.004381,1.266,0.080,2.31,1372,0.063,289.000,16.693,2.970
0.3832,0.005950,1.547,0.0001,1.81,1043,0.0001,325.000,25.172,6.667
1.0778,0.010062,0.924,0.180,3.25,2723,0.195,277.000,9.968,1.818
0.8606,0.009543,1.100,0.120,2.95,1905,0.109,241.000,18.190,3.636
0.3064,0.004958,1.614,0.0001,1.77,763,0.0001,217.000,25.172,6.667
0.2562,0.004198,1.635,0.0001,1.72,680,0.0001,217.000,25.172,6.667
0.4645,0.005818,1.247,0.040,2.42,1307,0.032,209.000,19.449,3.509
0.4664,0.006639,1.417,0.140,2.84,1331,0.099,73.000,36.224,3.333
0.1390,0.001895,1.361,0.0001,2.02,570,0.0001,109.000,11.940,0.806
0.3283,0.004412,1.340,0.080,2.33,950,0.060,217.000,33.809,5.769
0.4166,0.005404,1.292,0.120,2.67,1072,0.093,217.000,33.809,5.769
0.2153,0.004555,2.111,0.060,2.95,599,0.028,137.000,44.224,7.895
0.0999,0.001433,1.435,0.0001,2.08,456,0.0001,305.000,19.033,1.695
0.3136,0.003851,1.225,0.040,2.57,760,0.033,361.000,5.684,0.800
0.5623,0.006966,1.232,0.220,3.61,1159,0.179,369.000,17.131,3.200
1.3859,0.010566,0.752,0.480,7.69,2556,0.638,177.000,20.662,2.326
0.8402,0.009487,1.120,0.180,3.72,2032,0.161,151.000,23.883,2.994
3.5742,0.015983,0.431,0.680,7.39,3843,1.577,61.000,30.520,3.529
1.9748,0.014084,0.699,0.540,6.33,3562,0.772,175.000,29.526,4.000
0.3408,0.004523,1.323,0.100,2.42,1022,0.076,205.000,18.918,3.448
0.3230,0.004287,1.323,0.060,2.41,1052,0.045,205.000,18.918,3.448
0.6771,0.007864,1.154,0.140,2.80,1713,0.121,249.000,17.088,2.198
0.3251,0.004335,1.330,0.020,2.41,1005,0.015,205.000,18.918,3.448
0.7445,0.008168,1.089,0.120,2.91,2175,0.110,237.000,17.974,2.273
0.3611,0.004732,1.306,0.040,2.31,1036,0.031,205.000,19.417,3.509
0.3929,0.004968,1.260,0.020,2.39,1175,0.016,193.000,18.358,3.333
0.3980,0.005016,1.256,0.040,2.38,1163,0.032,193.000,18.358,3.333
0.4034,0.005177,1.278,0.020,2.35,1109,0.016,193.000,18.297,3.333
0.4640,0.005927,1.272,0.080,2.36,1170,0.063,193.000,18.297,3.333
0.0083,0.000239,2.873,0.0001,1.51,102,0.0001,151.000,53.327,9.091
0.2228,0.003328,1.491,0.040,2.50,680,0.027,289.000,21.678,3.571
0.3336,0.005484,1.639,0.040,2.27,829,0.024,321.000,27.520,3.279
0.4544,0.006211,1.361,0.100,3.05,1101,0.073,233.000,21.744,4.132
0.3015,0.004533,1.499,0.080,2.39,756,0.053,321.000,16.416,3.252
0.3933,0.005812,1.473,0.060,2.26,875,0.041,321.000,15.651,3.279
1.0507,0.011253,1.060,0.120,3.34,1985,0.113,193.000,20.468,4.110
0.8268,0.010159,1.219,0.160,3.67,1755,0.131,145.000,35.265,8.108
0.7173,0.009098,1.259,0.140,3.52,1559,0.111,143.000,35.243,8.036
0.2266,0.004294,1.891,0.020,2.24,739,0.011,133.000,49.776,4.000
0.1767,0.003198,1.806,0.040,2.03,515,0.022,385.000,33.950,4.478
0.2026,0.003074,1.515,0.020,2.36,619,0.013,329.000,22.799,1.639
0.2163,0.005810,2.680,0.140,3.04,503,0.052,169.000,45.839,7.843
0.2185,0.005916,2.702,0.140,3.20,496,0.052,169.000,45.950,7.843
0.2141,0.006013,2.803,0.140,3.20,456,0.050,169.000,46.705,7.843
0.2344,0.005225,2.224,0.060,2.43,324,0.027,193.000,38.677,6.061
0.2037,0.003204,1.570,0.020,2.24,633,0.013,161.000,17.860,1.961
2.9957,0.014897,0.483,0.620,7.49,4356,1.285,337.000,14.931,2.674
0.5255,0.007020,1.329,0.120,3.79,1061,0.090,361.000,24.400,6.024
1.1657,0.010228,0.868,0.180,4.00,2735,0.207,265.000,11.897,1.724
1.1156,0.010021,0.889,0.440,6.60,1895,0.495,401.000,17.385,1.562
1.6271,0.011590,0.701,0.400,5.92,3309,0.571,201.000,17.385,1.562
0.1958,0.002898,1.477,0.0001,2.08,453,0.0001,241.000,16.825,2.632
0.5427,0.006356,1.165,0.040,2.87,1719,0.034,241.000,22.016,3.509
1.2132,0.014771,1.203,0.180,3.51,2113,0.150,241.000,26.919,6.977
1.8284,0.012537,0.673,0.380,4.75,3623,0.564,117.000,15.927,2.500
0.2355,0.003671,1.556,0.080,2.37,716,0.051,145.000,17.768,1.786
0.7767,0.007823,1.000,0.100,3.89,2103,0.100,193.000,10.019,1.515
0.3327,0.005371,1.610,0.080,4.13,775,0.050,97.000,36.506,5.618
0.9419,0.009010,0.948,0.220,4.57,2160,0.232,313.000,17.413,2.804
0.3525,0.004378,1.238,0.040,2.21,893,0.032,345.000,9.422,1.562
0.6825,0.010910,1.588,0.360,5.53,1077,0.227,136.000,50.401,4.918
0.1678,0.004359,2.594,0.040,2.13,314,0.015,406.000,45.943,4.070
0.3393,0.005326,1.565,0.080,1.97,799,0.051,481.000,24.314,5.172
0.3341,0.004743,1.416,0.080,2.50,1032,0.057,305.000,26.606,2.703
0.2528,0.004374,1.726,0.020,3.02,511,0.012,199.000,29.359,3.846
0.6313,0.006844,1.078,0.080,3.50,1485,0.074,529.000,18.132,1.316
0.1469,0.002521,1.714,0.020,2.24,486,0.012,241.000,23.952,2.353
0.1476,0.002540,1.718,0.040,2.24,494,0.023,241.000,24.146,2.353
0.1340,0.002358,1.758,0.040,2.21,447,0.023,241.000,25.094,2.353
0.6558,0.007041,1.067,0.160,3.26,1847,0.150,169.000,20.769,3.371
0.6673,0.006925,1.031,0.080,2.82,2028,0.078,149.000,15.710,2.326
0.6791,0.007060,1.033,0.120,2.75,2026,0.116,149.000,15.710,2.326
0.1996,0.003333,1.667,0.020,2.05,957,0.012,65.000,35.728,3.571
0.2349,0.003896,1.655,0.040,2.22,962,0.024,49.000,35.765,3.448
0.2280,0.003822,1.673,0.040,2.23,951,0.024,49.000,36.305,3.448
0.2190,0.003781,1.722,0.040,2.20,926,0.023,49.000,37.270,3.448
0.2321,0.004096,1.761,0.040,2.22,917,0.023,65.000,38.418,3.571
0.2709,0.004071,1.499,0.040,2.21,1056,0.027,65.000,26.075,3.571
0.2263,0.003948,1.741,0.040,2.21,914,0.023,65.000,37.613,3.571
0.3585,0.004674,1.299,0.060,2.18,962,0.046,217.000,13.141,2.326
1.1676,0.011317,0.958,0.160,4.54,1998,0.167,273.000,12.848,2.222
0.6614,0.007801,1.172,0.160,3.75,1230,0.137,307.000,17.576,2.899
0.6186,0.007500,1.205,0.140,3.67,1347,0.116,205.000,22.018,2.222
0.8152,0.007908,0.963,0.120,4.82,2005,0.125,545.000,16.711,1.333
1.3561,0.011657,0.848,0.260,4.89,2749,0.306,641.000,19.299,1.887
0.6229,0.006464,1.032,0.180,3.57,1556,0.174,137.000,15.450,1.149
0.1540,0.003176,2.059,0.020,2.10,350,0.010,241.000,34.302,3.704
0.1511,0.003128,2.068,0.0001,2.11,362,0.0001,241.000,34.302,3.704
0.1451,0.003076,2.118,0.020,2.12,337,0.009,241.000,35.318,3.704
0.1473,0.003134,2.124,0.020,2.11,360,0.009,229.000,35.239,3.571
0.1389,0.002948,2.120,0.0001,2.12,348,0.0001,241.000,35.318,3.704
0.2498,0.003442,1.374,0.040,2.55,945,0.029,121.000,24.359,2.299
0.7220,0.008329,1.146,0.120,3.77,1657,0.105,229.000,21.941,3.846
0.5706,0.006624,1.155,0.060,3.76,1621,0.052,229.000,21.544,3.797
0.2649,0.004084,1.538,0.020,2.21,862,0.013,169.000,32.996,3.226
0.2552,0.003950,1.544,0.020,2.26,826,0.013,169.000,33.188,3.226
0.2544,0.003982,1.562,0.060,2.25,813,0.038,169.000,33.313,3.226
1.3124,0.012000,0.903,0.260,6.32,2797,0.288,241.000,22.303,4.348
0.2182,0.002934,1.342,0.040,2.02,929,0.030,217.000,15.774,2.500
0.3488,0.004569,1.306,0.100,2.56,1022,0.077,273.000,20.698,1.562
0.3631,0.004828,1.325,0.120,2.53,1022,0.091,273.000,20.934,1.562
0.3301,0.004426,1.337,0.120,2.53,1031,0.090,273.000,21.324,1.562
0.3566,0.004864,1.359,0.100,2.53,1004,0.074,273.000,22.029,1.562
0.3562,0.004880,1.366,0.100,2.53,994,0.073,273.000,22.212,1.562
0.3382,0.004682,1.380,0.100,2.52,978,0.072,273.000,22.808,1.562
0.2254,0.002594,1.148,0.020,3.32,1046,0.017,271.000,13.193,1.818
0.2670,0.004644,1.735,0.040,2.15,785,0.023,229.000,32.125,3.030
0.2796,0.004857,1.733,0.120,2.20,724,0.069,253.000,33.014,3.226
0.2211,0.003907,1.763,0.020,2.14,734,0.011,229.000,33.109,3.030
0.2949,0.005239,1.771,0.120,2.22,721,0.068,253.000,33.744,3.226
0.4742,0.005483,1.151,0.140,4.39,941,0.122,109.000,19.900,2.703
1.0300,0.011075,1.064,0.100,3.55,2150,0.094,145.000,22.130,4.167
0.6222,0.006910,1.104,0.140,3.45,1471,0.127,169.000,19.605,2.970
0.3615,0.004483,1.236,0.0001,1.99,1687,0.0001,289.000,15.449,4.000
0.8193,0.007995,0.968,0.160,6.48,1846,0.165,247.000,7.629,0.690
1.6782,0.014922,0.874,0.360,4.06,3359,0.412,341.000,29.386,4.412
0.3102,0.004164,1.338,0.100,2.63,797,0.075,161.000,15.964,2.381
0.5862,0.007087,1.202,0.100,2.57,1746,0.083,205.000,18.131,3.077
0.0838,0.001934,2.306,0.040,2.09,267,0.017,225.000,48.000,8.247
0.1751,0.002846,1.623,0.060,2.24,666,0.037,313.000,26.180,5.769
0.0452,0.001826,4.036,0.0001,2.38,165,0.0001,59.000,69.351,17.687
0.1094,0.002080,1.900,0.040,2.86,423,0.021,235.000,28.794,3.077
0.1719,0.003341,1.941,0.0001,2.10,567,0.0001,121.000,32.905,3.226
1.6150,0.011854,0.722,0.380,4.93,3186,0.526,169.000,17.229,2.778
0.2765,0.004081,1.472,0.040,2.77,878,0.027,177.000,21.908,4.167
1.1589,0.010921,0.932,0.160,4.60,2154,0.172,273.000,12.904,2.128
0.2492,0.003355,1.344,0.040,2.42,849,0.030,385.000,13.547,2.344
0.2515,0.003410,1.353,0.040,2.44,799,0.030,385.000,13.547,2.344
0.2071,0.002724,1.313,0.100,2.43,716,0.076,353.000,13.237,2.419
0.2451,0.003212,1.308,0.080,2.54,941,0.061,385.000,12.745,2.344
0.9142,0.009125,0.989,0.180,4.76,2215,0.182,205.000,23.335,2.759
0.1637,0.002449,1.494,0.020,2.00,575,0.013,349.000,13.882,2.632
0.3274,0.004633,1.411,0.060,2.32,772,0.043,313.000,14.586,2.667
0.5955,0.008422,1.406,0.160,2.75,1399,0.114,223.000,34.515,2.273
0.2569,0.004419,1.716,0.120,2.94,666,0.070,289.000,35.034,2.885
0.3075,0.005052,1.639,0.080,3.06,749,0.049,289.000,35.266,2.885
0.7971,0.009254,1.152,0.160,2.98,1852,0.139,217.000,33.114,6.667
3.0398,0.016068,0.513,0.620,6.96,3931,1.209,265.000,24.703,3.297
3.0697,0.016411,0.518,0.640,7.51,3829,1.235,265.000,24.658,3.371
0.3138,0.005498,1.747,0.080,2.47,1028,0.046,117.000,44.022,4.167
0.4984,0.007478,1.494,0.160,2.73,997,0.107,261.000,24.906,3.529
0.6077,0.006816,1.115,0.060,2.95,1951,0.054,85.000,12.739,3.226
1.6177,0.011772,0.716,0.240,5.59,2844,0.335,221.000,14.515,1.220
1.6768,0.012121,0.711,0.260,5.60,2874,0.366,221.000,14.515,1.220
1.6303,0.011949,0.721,0.220,5.56,2871,0.305,221.000,14.515,1.220
1.6431,0.011833,0.709,0.260,5.61,2866,0.367,221.000,14.515,1.220
0.3395,0.005396,1.584,0.100,2.42,1163,0.063,257.000,34.602,10.000
0.7680,0.009201,1.189,0.060,3.55,1605,0.050,249.000,20.642,4.167
0.8091,0.009929,1.218,0.100,3.50,1523,0.082,249.000,20.575,4.167
0.4345,0.006277,1.439,0.160,2.70,1284,0.111,46.000,26.099,5.714
0.7731,0.010493,1.347,0.200,4.62,1482,0.148,73.000,28.944,7.407
0.5394,0.006164,1.137,0.160,3.61,1330,0.141,241.000,13.924,2.128
1.5242,0.012417,0.803,0.480,9.44,1991,0.598,865.000,28.070,2.362
0.1694,0.002557,1.508,0.060,2.52,584,0.040,265.000,22.211,1.695
0.3648,0.005072,1.386,0.020,2.41,1116,0.014,185.000,26.496,2.083
0.5004,0.006816,1.356,0.080,2.71,1422,0.059,465.000,26.793,2.381
0.2188,0.003297,1.504,0.0001,2.52,712,0.0001,529.000,24.431,2.000
0.3880,0.005325,1.367,0.0001,2.22,1528,0.0001,385.000,28.772,2.632
0.4209,0.005643,1.335,0.040,2.45,1467,0.030,401.000,26.595,2.174
0.2161,0.003180,1.469,0.040,2.24,632,0.027,401.000,25.288,1.923
0.4419,0.006353,1.432,0.100,2.40,1182,0.070,465.000,26.019,2.326
0.3377,0.004943,1.459,0.040,2.26,938,0.027,481.000,25.513,2.128
0.1514,0.002461,1.624,0.0001,2.53,435,0.0001,201.000,21.641,1.786
0.6065,0.007588,1.244,0.180,3.02,1678,0.145,249.000,26.257,2.273
1.9334,0.013641,0.692,0.560,9.60,2228,0.809,865.000,16.628,2.362
0.7901,0.008600,1.080,0.180,3.20,1994,0.167,249.000,20.090,3.529
0.6620,0.006602,0.991,0.120,3.22,1855,0.121,259.000,10.214,1.493
1.3955,0.012023,0.850,0.240,5.34,2666,0.282,649.000,15.019,2.885
0.1676,0.002735,1.630,0.020,2.19,386,0.012,225.000,19.099,1.843
0.1704,0.002779,1.629,0.020,2.16,378,0.012,225.000,19.271,1.843
1.4472,0.013088,0.891,0.280,4.27,3002,0.314,107.000,23.038,4.651
0.6945,0.008036,1.149,0.100,3.93,1414,0.087,289.000,13.958,4.167
0.2238,0.003443,1.536,0.040,2.40,736,0.026,199.000,26.307,4.425
0.1738,0.003669,2.107,0.060,2.40,539,0.028,145.000,43.150,5.000
0.1859,0.003077,1.653,0.040,2.55,568,0.024,217.000,27.219,3.125
0.2035,0.003436,1.685,0.040,2.59,532,0.024,217.000,27.848,3.125
0.2474,0.003849,1.552,0.040,2.49,471,0.026,193.000,14.442,9.091
0.1615,0.002715,1.679,0.080,2.16,530,0.048,241.000,30.426,3.704
0.2187,0.003102,1.416,0.040,2.01,769,0.028,225.000,18.183,2.857
0.3237,0.004208,1.296,0.040,3.68,863,0.031,325.000,17.696,3.226
0.3368,0.004355,1.289,0.040,3.65,905,0.031,325.000,17.696,3.226
0.4841,0.006876,1.414,0.040,1.93,1293,0.028,217.000,24.865,6.667
0.4304,0.006154,1.424,0.060,1.96,1247,0.042,217.000,24.865,6.667
0.4629,0.006622,1.424,0.060,1.92,1304,0.042,217.000,24.865,6.667
0.5033,0.007890,1.560,0.080,1.82,1040,0.051,325.000,26.120,6.667
0.4901,0.007754,1.575,0.060,1.84,942,0.038,325.000,26.120,6.667
1.0802,0.011062,1.014,0.220,4.53,2195,0.217,469.000,17.919,3.125
0.8558,0.009963,1.155,0.300,3.55,2104,0.260,245.000,27.446,2.273
0.6741,0.007916,1.167,0.100,4.36,1616,0.086,193.000,18.445,3.390
0.4121,0.005565,1.345,0.080,3.81,1127,0.059,217.000,14.623,2.857
1.3045,0.015733,1.191,0.360,5.52,1557,0.302,190.000,37.793,11.111
1.3076,0.015732,1.188,0.380,5.64,1540,0.320,190.000,37.793,11.111
0.1199,0.002629,2.190,0.0001,2.13,480,0.0001,105.000,45.581,5.357
2.4268,0.015817,0.636,0.420,5.60,3594,0.660,233.000,26.523,3.704
0.6930,0.007393,1.060,0.200,3.46,1772,0.189,197.000,11.810,1.676
0.3682,0.005859,1.586,0.140,4.26,845,0.088,97.000,35.618,5.618
0.9009,0.010822,1.191,0.220,3.71,2176,0.185,157.000,25.461,5.797
0.3813,0.004716,1.233,0.040,2.34,1083,0.032,173.000,16.381,2.564
0.5235,0.006084,1.156,0.120,2.48,1687,0.104,171.000,17.076,1.562
1.4858,0.012730,0.844,0.420,7.00,2521,0.498,81.000,50.579,3.947
0.4690,0.005226,1.110,0.100,3.77,1142,0.090,481.000,9.164,1.471
0.4899,0.005469,1.111,0.080,3.78,1126,0.072,481.000,9.130,1.471
0.6211,0.006900,1.104,0.160,3.02,1547,0.145,169.000,13.975,2.128
1.8312,0.016070,0.862,0.320,5.68,3448,0.371,241.000,25.240,7.143
2.4126,0.019712,0.798,0.380,6.41,3064,0.476,241.000,27.365,7.692
0.1040,0.002074,1.993,0.060,1.81,583,0.030,209.000,38.423,4.878
0.4543,0.005524,1.211,0.100,2.45,1141,0.083,273.000,25.466,4.878
0.3171,0.004730,1.487,0.160,2.37,1349,0.108,225.000,53.756,9.677
0.2234,0.004295,1.919,0.020,2.55,772,0.010,257.000,44.897,4.808
0.2968,0.005077,1.706,0.040,2.49,1080,0.023,109.000,43.072,4.000
0.2748,0.004245,1.541,0.020,2.57,890,0.013,257.000,30.833,4.808
0.2312,0.003931,1.697,0.100,2.41,583,0.059,265.000,26.858,5.405
0.3695,0.004794,1.293,0.080,2.75,978,0.062,257.000,11.116,1.942
0.3814,0.005412,1.414,0.100,2.69,990,0.071,337.000,21.511,2.273
0.2711,0.004224,1.554,0.100,2.26,780,0.064,237.000,22.885,4.959
0.1673,0.002377,1.419,0.040,1.98,469,0.028,313.000,13.088,2.000
0.2737,0.004689,1.709,0.020,2.23,778,0.012,217.000,32.057,2.941
0.2893,0.005075,1.750,0.040,2.16,698,0.023,241.000,32.944,3.125
0.2717,0.004795,1.761,0.0001,2.21,765,0.0001,229.000,33.109,3.030
0.2749,0.004865,1.766,0.040,2.16,791,0.023,253.000,33.744,3.226
0.2286,0.005588,2.440,0.120,2.95,565,0.049,169.000,55.185,7.843
0.1919,0.004129,2.148,0.040,1.91,513,0.019,353.000,42.671,6.667
0.2063,0.004500,2.177,0.040,1.90,498,0.018,353.000,42.930,6.667
0.6372,0.009971,1.555,0.200,3.60,1229,0.129,341.000,37.797,3.774
0.7497,0.009464,1.253,0.120,2.21,1445,0.096,73.000,43.506,5.556
0.0984,0.001887,1.917,0.040,2.17,387,0.021,209.000,40.492,5.882
0.4692,0.005257,1.115,0.040,2.79,1365,0.036,177.000,9.133,1.250
0.4981,0.008047,1.608,0.100,3.39,1468,0.062,273.000,57.743,7.317
0.0748,0.001610,2.151,0.020,2.52,302,0.009,49.000,23.349,7.273
0.4899,0.006504,1.321,0.180,5.56,1006,0.136,253.000,29.935,5.882
0.9637,0.010095,1.038,0.260,3.48,2224,0.251,145.000,22.055,4.348
2.1662,0.014217,0.642,0.400,7.25,3596,0.623,235.000,16.478,2.857
1.8744,0.013444,0.704,0.480,4.55,3510,0.682,209.000,16.520,2.778
0.5050,0.008053,1.587,0.040,3.37,1488,0.025,273.000,57.230,7.317
0.4493,0.007679,1.702,0.160,3.31,1182,0.094,273.000,57.230,7.317
0.4640,0.007571,1.625,0.240,3.36,1456,0.148,273.000,57.743,7.317
1.2025,0.010832,0.890,0.360,4.52,2452,0.404,141.000,20.873,2.041
1.3893,0.010912,0.775,0.300,4.54,2874,0.387,141.000,20.343,1.923
0.9539,0.010071,1.046,0.240,3.72,1944,0.229,157.000,23.073,1.852
0.1168,0.002161,1.849,0.0001,2.90,331,0.0001,85.000,31.175,3.774
0.7252,0.008635,1.183,0.320,3.00,1795,0.271,317.000,26.883,2.970
0.1694,0.002232,1.316,0.0001,2.18,697,0.0001,401.000,13.503,2.069
1.3579,0.013828,1.005,0.320,5.87,2170,0.319,121.000,27.337,7.547
0.1475,0.002169,1.469,0.040,2.03,498,0.027,337.000,11.399,1.818
1.1310,0.010412,0.911,0.220,2.96,3157,0.242,217.000,14.564,2.500
2.2237,0.015710,0.691,0.440,6.17,3342,0.637,241.000,26.193,3.704
2.2364,0.015802,0.691,0.440,6.13,3367,0.637,241.000,26.193,3.704
3.3689,0.015945,0.458,0.580,8.74,4196,1.268,337.000,21.984,2.857
2.5332,0.015820,0.609,0.520,7.70,3431,0.854,241.000,26.193,3.704
1.9304,0.015758,0.801,0.500,8.22,2001,0.624,298.000,27.987,6.667
2.1043,0.013526,0.629,0.580,9.07,2566,0.922,136.000,22.424,4.348
2.6709,0.014325,0.522,0.700,12.34,2580,1.341,172.000,18.705,3.226
3.4961,0.014011,0.387,0.740,15.79,3333,1.913,208.000,16.045,2.564
2.4879,0.016404,0.643,0.480,6.97,3441,0.746,241.000,26.193,3.704
4.9104,0.015575,0.302,0.760,12.87,5677,2.518,1537.000,16.227,2.941
1.0979,0.010316,0.929,0.220,3.61,2623,0.237,149.000,20.406,3.390
0.1508,0.002276,1.508,0.020,2.05,593,0.013,281.000,21.202,3.774
1.0299,0.009096,0.874,0.260,4.06,2172,0.297,449.000,10.034,1.471
0.3419,0.004076,1.189,0.060,2.53,921,0.050,229.000,10.352,1.695
1.8306,0.013044,0.700,0.420,5.02,2992,0.600,161.000,22.070,4.000
1.7626,0.012596,0.702,0.400,5.01,3138,0.570,161.000,22.070,4.000
1.6776,0.013332,0.782,0.300,4.96,2623,0.384,161.000,19.450,4.000
1.3311,0.011420,0.847,0.360,4.42,2394,0.425,161.000,19.450,4.000
0.3071,0.003953,1.284,0.060,2.12,824,0.047,241.000,19.974,3.226
0.3122,0.005052,1.613,0.120,2.91,920,0.074,209.000,53.584,9.091
0.2597,0.004439,1.705,0.120,2.42,830,0.070,417.000,53.584,9.091
1.3160,0.012177,0.913,0.300,5.05,2732,0.328,271.000,14.964,2.564
0.2955,0.006455,2.179,0.060,2.43,516,0.028,289.000,42.781,6.250
1.5592,0.014893,0.941,0.240,3.69,2420,0.255,145.000,13.034,5.556
1.4369,0.013378,0.918,0.220,3.36,2973,0.240,97.000,13.034,5.556
0.4546,0.006544,1.434,0.140,3.25,1096,0.098,177.000,27.252,5.882
0.4017,0.004626,1.147,0.180,2.60,1243,0.157,241.000,11.295,2.778
1.2245,0.011642,0.939,0.120,3.63,2248,0.128,209.000,11.954,5.882
0.2650,0.003647,1.373,0.060,2.64,696,0.044,233.000,13.876,2.970
0.2148,0.003213,1.493,0.040,2.47,569,0.027,313.000,26.396,2.609
0.1070,0.001314,1.228,0.0001,2.86,608,0.0001,289.000,8.404,1.235
0.8528,0.009510,1.106,0.080,3.60,1735,0.072,217.000,15.495,2.857
0.0871,0.001252,1.436,0.020,2.03,395,0.014,205.000,20.824,1.299
0.0575,0.000991,1.723,0.040,1.78,552,0.023,301.000,23.571,5.000
0.6619,0.009032,1.356,0.160,3.33,1302,0.118,289.000,29.084,3.226
0.7253,0.009247,1.266,0.140,3.11,1371,0.111,289.000,17.696,3.226
0.3630,0.005566,1.528,0.080,2.53,705,0.052,273.000,20.687,4.444
0.2783,0.003870,1.387,0.060,2.70,793,0.043,361.000,13.413,2.564
1.3119,0.016778,1.262,0.360,4.54,2155,0.285,103.000,48.401,7.895
0.8364,0.011838,1.404,0.060,2.85,2165,0.043,257.000,44.545,7.018
0.9613,0.010088,1.040,0.080,2.90,2870,0.077,289.000,19.620,7.547
1.3720,0.010778,0.775,0.140,2.89,4136,0.181,217.000,15.436,2.500
0.3755,0.005681,1.508,0.020,2.14,615,0.013,273.000,18.856,3.448
0.3204,0.004246,1.322,0.080,2.43,945,0.061,257.000,16.404,2.817
1.2514,0.011607,0.916,0.200,2.98,3071,0.218,177.000,18.709,3.333
0.9962,0.010594,1.053,0.280,3.78,2099,0.266,221.000,16.533,3.077
0.3557,0.006478,1.815,0.040,3.69,657,0.022,97.000,37.099,4.950
0.3122,0.006223,1.988,0.040,3.56,613,0.020,97.000,39.466,4.950
1.3881,0.012420,0.883,0.280,3.77,3403,0.317,249.000,19.761,4.054
0.6458,0.008575,1.320,0.100,3.06,1460,0.076,233.000,28.421,7.500
1.3234,0.011089,0.827,0.200,4.22,2757,0.242,225.000,15.812,2.564
0.4033,0.006440,1.590,0.120,2.62,1256,0.075,289.000,33.633,3.226
0.4328,0.006935,1.596,0.120,2.62,1232,0.075,289.000,33.855,3.226
0.3859,0.006389,1.650,0.100,2.55,1228,0.061,289.000,34.645,3.226
0.0793,0.002397,3.021,0.0001,1.69,307,0.0001,193.000,57.045,8.571
0.0815,0.002483,3.044,0.0001,1.68,311,0.0001,193.000,57.208,8.571
0.4798,0.006428,1.334,0.140,4.18,1247,0.105,205.000,32.613,2.041
1.7798,0.014013,0.773,0.360,5.46,3759,0.465,127.000,21.791,3.922
0.5287,0.007372,1.387,0.180,2.88,1724,0.130,173.000,40.965,6.452
0.9185,0.010035,1.083,0.340,4.17,1714,0.314,145.000,23.397,4.274
1.2468,0.012333,0.977,0.360,4.18,2301,0.368,157.000,21.536,5.263
0.1870,0.003343,1.785,0.0001,1.95,509,0.0001,201.000,38.952,5.128
1.0952,0.011093,1.002,0.340,3.52,2682,0.339,721.000,23.295,2.564
0.5495,0.007436,1.346,0.040,3.19,1454,0.030,187.000,30.070,5.405
0.7190,0.009338,1.290,0.160,2.98,1718,0.124,217.000,26.389,6.024
0.3733,0.005558,1.483,0.060,2.77,975,0.040,153.000,25.240,2.247
0.4347,0.006356,1.456,0.120,2.81,1107,0.082,153.000,25.240,2.247
0.4077,0.006019,1.471,0.080,2.79,1033,0.054,153.000,25.240,2.247
0.4279,0.006475,1.507,0.240,3.02,1110,0.159,217.000,32.920,4.000
0.6597,0.008524,1.284,0.180,2.44,1434,0.140,289.000,20.657,3.704
0.0662,0.001119,1.691,0.020,1.85,365,0.012,265.000,24.866,4.706
0.3005,0.003840,1.274,0.040,2.66,781,0.031,185.000,11.478,1.587
0.1672,0.003219,1.923,0.020,2.55,396,0.010,241.000,41.188,2.740
0.3697,0.005344,1.441,0.060,3.71,875,0.042,159.000,26.584,2.732
0.2101,0.003294,1.565,0.020,2.43,681,0.013,211.000,26.373,4.587
0.7552,0.011328,1.489,0.140,4.03,1270,0.094,244.000,28.159,9.091
1.3565,0.015518,1.129,0.380,5.52,1682,0.337,190.000,32.788,11.111
2.5515,0.016118,0.616,0.680,9.59,2566,1.105,109.000,25.005,7.143
1.9518,0.014897,0.748,0.540,7.78,2617,0.722,127.000,22.220,6.250
0.2934,0.003644,1.239,0.040,1.95,1514,0.032,433.000,15.449,4.000
0.2785,0.003458,1.239,0.040,1.93,1511,0.032,433.000,15.449,4.000
0.2966,0.003686,1.239,0.0001,1.97,1471,0.0001,289.000,15.449,4.000
0.2654,0.003304,1.242,0.0001,1.96,1341,0.0001,289.000,15.449,4.000
0.2827,0.003524,1.243,0.0001,1.97,1381,0.0001,289.000,15.449,4.000
0.2823,0.003523,1.245,0.0001,1.97,1371,0.0001,289.000,15.449,4.000
0.2565,0.003205,1.246,0.0001,1.95,1376,0.0001,289.000,15.449,4.000
0.2861,0.003579,1.248,0.0001,1.96,1370,0.0001,289.000,15.449,4.000
0.3346,0.004162,1.240,0.0001,1.99,1641,0.0001,289.000,15.449,4.000
0.3253,0.004066,1.246,0.0001,1.99,1609,0.0001,289.000,15.449,4.000
0.3392,0.004214,1.238,0.0001,1.99,1649,0.0001,289.000,15.449,4.000
0.3346,0.004167,1.242,0.0001,1.99,1620,0.0001,289.000,15.449,4.000
0.3223,0.004006,1.239,0.0001,1.99,1661,0.0001,289.000,15.449,4.000
0.3662,0.004481,1.220,0.0001,2.00,1708,0.0001,289.000,15.449,4.000
0.2882,0.003605,1.248,0.0001,1.96,1369,0.0001,289.000,15.449,4.000
0.2369,0.004743,1.998,0.080,2.43,559,0.040,289.000,21.524,3.636
0.2176,0.004378,2.009,0.040,2.46,503,0.020,289.000,21.524,3.636
0.1122,0.002432,2.165,0.040,2.23,282,0.018,289.000,21.524,3.636
0.1073,0.002342,2.182,0.0001,2.23,228,0.0001,289.000,21.524,3.636
0.8048,0.010489,1.293,0.300,3.63,1704,0.232,57.000,29.009,6.667
0.2343,0.003382,1.441,0.060,2.67,635,0.042,349.000,17.290,3.030
0.1875,0.002402,1.279,0.040,2.27,591,0.031,229.000,12.301,1.935
0.3965,0.006222,1.563,0.060,2.59,1022,0.038,145.000,32.874,3.846
0.4765,0.008266,1.727,0.060,3.89,1088,0.035,145.000,21.914,5.556
0.6000,0.008887,1.473,0.080,3.87,1362,0.054,145.000,25.751,5.556
1.6651,0.013292,0.785,0.440,4.30,3163,0.560,153.000,12.535,2.128
0.1683,0.004093,2.428,0.0001,2.29,450,0.0001,209.000,49.083,5.882
0.0794,0.002122,2.670,0.0001,1.91,335,0.0001,145.000,53.854,7.692
0.0805,0.002170,2.692,0.0001,1.91,332,0.0001,145.000,54.020,7.692
0.5182,0.005995,1.151,0.200,3.47,1421,0.174,161.000,16.573,2.500
0.3045,0.003894,1.275,0.0001,2.37,938,0.0001,217.000,16.366,2.632
0.6397,0.007295,1.133,0.080,3.47,1426,0.071,189.000,16.081,2.564
0.0520,0.000909,1.746,0.020,1.74,555,0.011,301.000,23.571,5.000
0.2849,0.003166,1.109,0.040,2.39,1138,0.036,209.000,8.141,1.176
0.3171,0.003762,1.183,0.040,3.46,1172,0.034,811.000,21.843,2.899
0.0662,0.000945,1.426,0.0001,2.46,589,0.0001,203.500,22.030,2.913
1.6051,0.013553,0.831,0.380,4.87,2952,0.457,139.000,39.015,5.085
0.7088,0.008351,1.170,0.200,4.32,1627,0.171,301.000,25.923,2.844
1.8349,0.013705,0.733,0.460,4.77,3335,0.627,139.000,30.448,5.085
0.1477,0.002516,1.702,0.0001,2.11,448,0.0001,345.000,27.300,4.895
0.6708,0.007360,1.090,0.100,3.11,1701,0.092,297.000,18.290,2.970
0.1549,0.002633,1.698,0.020,2.14,661,0.012,361.000,29.420,3.497
0.2659,0.004652,1.745,0.040,2.75,676,0.023,385.000,34.016,4.348
1.1679,0.010259,0.868,0.380,4.83,2374,0.438,166.000,20.373,2.740
0.5483,0.006112,1.109,0.160,4.48,1259,0.144,267.000,10.361,1.633
0.2935,0.003559,1.209,0.060,2.31,920,0.050,189.000,9.190,1.399
0.1482,0.002547,1.716,0.0001,2.13,537,0.0001,241.000,30.426,3.704
0.0783,0.001138,1.453,0.040,2.19,354,0.028,289.000,16.365,2.609
0.3407,0.004848,1.419,0.040,2.49,1189,0.028,289.000,27.519,3.226
0.2390,0.003886,1.623,0.040,3.56,626,0.025,417.000,27.657,6.061
0.7720,0.010572,1.359,0.220,3.53,1582,0.162,163.000,30.628,4.505
1.2053,0.010153,0.832,0.360,4.84,2287,0.432,153.000,12.418,1.818
0.3185,0.003886,1.217,0.040,2.34,957,0.033,457.000,12.418,1.818
0.2369,0.002943,1.240,0.020,2.21,918,0.016,457.000,12.418,1.818
0.3121,0.004969,1.587,0.080,3.05,766,0.050,209.000,41.773,2.479
0.3658,0.005629,1.533,0.160,3.23,1586,0.104,241.000,45.239,6.667
0.4715,0.006018,1.270,0.140,3.22,1728,0.110,241.000,28.762,6.667
0.4450,0.005694,1.274,0.180,3.09,1725,0.141,241.000,28.762,6.667
0.3271,0.004782,1.457,0.140,2.95,1345,0.096,241.000,32.454,6.667
0.9676,0.009899,1.014,0.100,3.52,2416,0.099,451.000,7.839,1.370
0.3994,0.005207,1.299,0.120,2.22,1225,0.092,273.000,20.834,2.000
0.7446,0.011124,1.483,0.260,3.77,1323,0.175,241.000,40.155,5.263
0.0886,0.001931,2.179,0.0001,1.87,270,0.0001,229.000,31.215,3.704
0.5520,0.007120,1.283,0.180,4.52,1263,0.140,469.000,32.295,2.174
0.0918,0.002073,2.256,0.100,2.13,438,0.044,391.000,47.064,4.082
0.2462,0.005223,2.117,0.040,2.53,485,0.019,105.000,40.726,8.671
0.4500,0.005455,1.207,0.140,2.77,1428,0.116,169.000,22.238,3.125
0.4108,0.005035,1.221,0.060,2.68,1247,0.049,89.000,22.689,3.158
0.6787,0.008244,1.207,0.080,2.91,1699,0.066,137.000,21.689,3.896
0.6701,0.008139,1.207,0.080,2.91,1699,0.066,137.000,21.689,3.896
0.5084,0.005779,1.131,0.040,2.13,1641,0.035,353.000,12.103,3.175
0.3120,0.004848,1.549,0.060,2.17,1106,0.039,235.000,28.501,6.667
0.3700,0.004484,1.208,0.060,2.29,1086,0.050,185.000,10.975,2.632
0.3329,0.005166,1.547,0.020,2.42,1163,0.013,449.000,32.967,4.000
0.2440,0.003540,1.448,0.020,2.33,850,0.014,337.000,24.411,2.564
0.2321,0.002944,1.266,0.040,2.82,640,0.032,161.000,10.314,1.449
0.4182,0.004495,1.071,0.020,2.94,1241,0.019,133.000,7.320,1.163
0.3240,0.003777,1.163,0.040,2.60,919,0.034,321.000,7.200,1.075
0.2353,0.005203,2.207,0.060,2.95,467,0.027,209.000,50.078,4.255
2.5299,0.016050,0.619,0.420,5.91,3516,0.679,233.000,26.523,3.704
2.1237,0.015639,0.721,0.380,4.85,3360,0.527,233.000,26.523,3.704
2.4219,0.015807,0.637,0.460,6.54,3522,0.722,117.000,25.773,3.529
3.3066,0.016131,0.472,0.520,14.99,3487,1.102,181.000,25.774,3.704
2.1955,0.014869,0.662,0.400,6.19,3373,0.604,117.000,25.065,3.371
2.1519,0.015410,0.701,0.440,6.91,3328,0.628,81.000,29.181,4.000
1.0025,0.013613,1.345,0.240,2.88,1551,0.178,257.000,44.251,7.692
1.0069,0.013979,1.375,0.120,2.85,1508,0.087,257.000,44.251,7.692
1.0589,0.014159,1.323,0.220,2.90,1532,0.166,257.000,44.251,7.692
1.0955,0.014425,1.303,0.260,2.90,1604,0.200,257.000,44.251,7.692
1.1148,0.014377,1.275,0.140,2.92,1686,0.110,257.000,44.251,7.692
1.0211,0.013484,1.307,0.240,2.85,1604,0.184,257.000,44.251,7.692
1.0045,0.012832,1.265,0.260,2.96,1640,0.206,257.000,44.251,7.692
0.9907,0.013546,1.354,0.220,2.79,1563,0.162,257.000,44.251,7.692
0.1786,0.003677,2.056,0.0001,2.05,456,0.0001,449.000,43.872,3.226
0.1107,0.003915,3.534,0.020,3.56,366,0.006,253.000,57.976,17.021
0.1100,0.003845,3.491,0.0001,3.61,390,0.0001,253.000,57.601,17.021
0.2901,0.004493,1.544,0.040,2.21,1106,0.026,235.000,28.501,6.667
4.2981,0.015700,0.350,0.700,12.56,4069,2.003,79.000,13.381,3.000
0.0878,0.001533,1.746,0.0001,1.96,361,0.0001,409.000,28.837,3.371
0.2831,0.004448,1.567,0.060,2.41,633,0.038,241.000,28.129,3.448
0.5621,0.006891,1.219,0.160,3.12,1392,0.131,209.000,9.431,1.754
0.6751,0.008114,1.194,0.160,3.42,1626,0.134,417.000,15.555,1.754
0.3703,0.005276,1.420,0.0001,2.34,1075,0.0001,97.000,21.261,11.111
0.3752,0.006249,1.659,0.020,2.41,963,0.012,97.000,37.901,11.111
0.3303,0.003451,1.042,0.100,2.93,1260,0.096,193.000,11.144,1.316
0.8312,0.010221,1.220,0.080,2.79,1760,0.066,289.000,19.514,4.000
2.3695,0.014557,0.600,0.540,7.89,3347,0.900,133.000,39.912,3.529
3.4339,0.016220,0.456,0.560,8.28,4035,1.228,133.000,25.344,3.529
3.1471,0.015863,0.488,0.560,7.78,3926,1.147,133.000,25.344,3.529
0.1264,0.002693,2.128,0.020,2.85,216,0.009,457.000,32.178,7.895
0.9171,0.010954,1.184,0.260,3.07,1735,0.220,289.000,27.064,6.250
0.7028,0.008891,1.256,0.240,2.40,1753,0.191,289.000,23.272,4.651
0.5891,0.008420,1.421,0.140,2.86,1498,0.099,289.000,33.459,4.545
0.1147,0.001863,1.622,0.0001,1.79,564,0.0001,301.000,26.668,3.030
0.2213,0.005044,2.275,0.040,2.10,470,0.018,145.000,50.165,12.360
0.2428,0.005614,2.307,0.040,2.05,440,0.017,145.000,50.146,12.360
1.7794,0.013641,0.753,0.340,4.16,3949,0.451,205.000,22.096,4.255
1.6511,0.012269,0.731,0.380,6.29,2542,0.520,225.000,21.404,3.371
0.5306,0.005888,1.104,0.080,2.92,1340,0.072,289.000,12.027,1.587
0.2101,0.004074,1.935,0.080,3.10,489,0.041,505.000,44.152,3.053
0.2538,0.004413,1.735,0.080,3.11,563,0.046,337.000,37.222,2.308
2.3882,0.014293,0.584,0.520,7.54,3848,0.890,109.000,33.981,7.547
0.8255,0.009701,1.166,0.180,3.97,2460,0.154,217.000,33.981,7.547
0.8259,0.009641,1.158,0.180,3.93,2378,0.155,217.000,33.981,7.547
2.3253,0.014235,0.598,0.400,7.50,3714,0.669,145.000,33.981,7.547
0.6213,0.009408,1.505,0.060,2.30,1514,0.040,273.000,41.703,4.348
1.2202,0.010122,0.820,0.400,3.75,3024,0.488,161.000,32.779,5.882
0.6056,0.006956,1.142,0.200,3.41,1694,0.175,201.000,32.779,5.882
0.1154,0.001784,1.545,0.040,2.24,474,0.026,241.000,11.058,2.069
0.5266,0.005814,1.099,0.080,2.44,1584,0.073,325.000,9.332,1.408
0.5849,0.006626,1.127,0.100,2.92,1685,0.089,149.000,20.187,1.515
1.1252,0.010419,0.916,0.140,3.69,2692,0.153,233.000,14.136,2.105
0.7418,0.008391,1.123,0.080,2.97,1986,0.071,181.000,14.029,2.778
0.7006,0.007927,1.124,0.080,2.94,1984,0.071,181.000,14.029,2.778
0.7864,0.008866,1.119,0.100,2.92,2077,0.089,181.000,14.029,2.778
0.7441,0.008400,1.121,0.080,2.92,1973,0.071,181.000,14.029,2.778
0.3013,0.006037,1.998,0.040,3.56,599,0.020,97.000,39.679,4.950
0.3236,0.006403,1.973,0.020,3.58,608,0.010,97.000,39.466,4.950
0.3496,0.006276,1.789,0.040,3.71,705,0.022,97.000,36.979,4.950
0.3334,0.006157,1.841,0.040,3.66,653,0.022,97.000,37.505,4.950
0.3453,0.006535,1.887,0.040,3.63,659,0.021,97.000,38.098,4.950
0.3459,0.006307,1.817,0.040,3.68,711,0.022,97.000,36.979,4.950
0.3242,0.006246,1.921,0.040,3.62,627,0.021,97.000,38.753,4.950
0.4925,0.005797,1.172,0.100,2.78,1556,0.085,257.000,18.819,2.857
0.6861,0.007405,1.072,0.200,5.01,1183,0.187,73.000,21.230,3.125
0.6026,0.007430,1.226,0.220,5.03,992,0.179,73.000,18.552,3.125
0.6748,0.007258,1.068,0.220,4.98,1256,0.206,73.000,21.230,3.125
0.5822,0.007165,1.224,0.240,5.03,997,0.196,73.000,18.552,3.125
0.6692,0.007196,1.068,0.220,5.09,1121,0.206,73.000,21.230,3.125
0.6038,0.007353,1.211,0.240,5.09,1130,0.198,73.000,18.552,3.125
0.4298,0.006885,1.595,0.160,3.04,1067,0.100,273.000,39.140,6.780
0.2658,0.003541,1.329,0.060,2.31,912,0.045,337.000,15.493,2.667
0.2299,0.003457,1.501,0.020,2.19,579,0.013,241.000,23.200,2.222
0.1966,0.002804,1.424,0.040,2.15,575,0.028,233.000,11.313,1.754
0.1746,0.003455,1.976,0.080,2.61,470,0.040,321.000,34.000,7.042
0.2601,0.005107,1.959,0.140,2.60,562,0.071,321.000,34.000,7.042
0.5389,0.007529,1.390,0.080,2.52,1372,0.058,151.000,25.631,5.172
0.6301,0.008511,1.342,0.140,2.56,1414,0.104,151.000,23.703,5.172
0.1603,0.002269,1.413,0.040,2.10,497,0.028,657.000,9.858,0.694
0.3271,0.004234,1.291,0.040,2.53,973,0.031,421.000,7.872,1.124
0.1648,0.002206,1.337,0.040,2.12,880,0.030,207.000,21.023,3.347
0.8085,0.009608,1.179,0.340,3.52,2024,0.288,273.000,34.901,4.425
0.9588,0.009788,1.011,0.340,3.70,2211,0.336,137.000,26.045,5.155
0.3977,0.005944,1.489,0.060,2.54,1005,0.040,261.000,30.316,6.250
1.7785,0.014419,0.796,0.440,3.74,3342,0.552,157.000,25.242,2.941
1.0254,0.009922,0.958,0.280,3.63,2605,0.292,217.000,15.306,2.667
0.3989,0.004913,1.227,0.080,2.55,1137,0.065,233.000,15.660,2.410
0.5216,0.005972,1.139,0.100,4.12,1095,0.088,283.000,15.703,2.685
0.4983,0.010080,2.013,0.080,3.66,625,0.040,217.000,44.402,6.452
0.5041,0.010109,1.996,0.100,3.72,637,0.050,217.000,44.402,6.452
2.5113,0.013803,0.536,0.440,7.46,4520,0.821,247.000,11.476,1.724
0.3092,0.003833,1.236,0.060,4.04,721,0.049,841.000,18.350,1.587
0.5139,0.006495,1.257,0.080,3.09,1382,0.064,241.000,25.987,2.655
0.1432,0.002424,1.690,0.0001,1.79,426,0.0001,121.000,25.220,5.660
2.2473,0.012811,0.558,0.480,7.32,3077,0.861,305.000,5.421,0.935
2.7996,0.014807,0.514,0.620,9.91,3953,1.206,433.000,15.162,3.191
0.2799,0.004298,1.531,0.080,2.57,491,0.052,265.000,28.920,14.000
0.4887,0.005981,1.219,0.120,3.39,1174,0.098,297.000,10.996,1.835
0.1610,0.003123,1.937,0.060,1.91,610,0.031,169.000,28.812,6.667
0.2990,0.003918,1.307,0.040,2.06,912,0.031,257.000,9.896,2.128
1.4721,0.012041,0.806,0.460,6.31,2250,0.571,769.000,13.809,2.564
1.4775,0.012202,0.814,0.420,6.27,2323,0.516,769.000,13.809,2.564
0.2752,0.005293,1.918,0.080,2.46,751,0.042,121.000,35.644,5.405
0.1149,0.002002,1.741,0.040,2.05,346,0.023,129.000,23.065,4.651
0.4638,0.006409,1.376,0.100,2.88,1409,0.073,73.000,35.894,3.333
0.1054,0.001877,1.779,0.0001,2.19,337,0.0001,157.000,22.731,2.469
0.1916,0.002380,1.240,0.020,2.18,886,0.016,189.000,13.275,2.041
0.6242,0.007283,1.160,0.100,2.25,1632,0.086,241.000,34.128,9.091
0.0914,0.001990,2.174,0.060,2.36,326,0.028,109.000,41.537,5.556
0.8585,0.012441,1.437,0.080,2.33,1536,0.056,225.000,35.590,4.762
0.2267,0.003232,1.423,0.020,2.30,779,0.014,153.000,23.080,2.105
0.4826,0.006286,1.297,0.120,2.53,966,0.093,225.000,10.466,1.961
0.9775,0.014648,1.484,0.300,3.68,1925,0.202,21.000,65.229,28.571
1.0459,0.014420,1.364,0.560,7.07,1773,0.410,71.000,66.982,30.534
1.4758,0.014971,1.000,0.340,3.84,2251,0.340,145.000,22.056,5.556
1.4322,0.014352,0.988,0.280,3.77,2167,0.283,145.000,22.056,5.556
1.4432,0.014647,1.000,0.300,3.84,2327,0.300,145.000,22.056,5.556
1.4342,0.014359,0.987,0.280,3.82,2314,0.284,145.000,22.056,5.556
1.4598,0.014598,0.986,0.280,3.80,2180,0.284,145.000,22.056,5.556
1.4495,0.014516,0.987,0.280,3.81,2166,0.284,145.000,22.056,5.556
1.3941,0.013953,0.987,0.280,3.81,2178,0.284,145.000,22.056,5.556
1.1459,0.011160,0.963,0.300,4.72,2015,0.312,145.000,29.889,6.122
0.1364,0.002688,1.968,0.040,2.79,501,0.020,193.000,36.522,4.878
0.6700,0.007359,1.091,0.120,3.85,1540,0.110,201.000,20.059,3.448
0.5721,0.007328,1.274,0.040,2.24,1651,0.031,321.000,20.862,3.846
0.9622,0.010623,1.094,0.060,2.21,2703,0.055,321.000,20.794,4.000
0.4759,0.007225,1.511,0.080,2.75,985,0.053,233.000,15.916,2.174
0.1565,0.003121,1.991,0.040,3.21,332,0.020,217.000,35.085,8.434
0.2900,0.004466,1.536,0.020,2.07,815,0.013,265.000,18.280,3.333
0.2938,0.004539,1.541,0.020,2.05,795,0.013,265.000,18.280,3.333
0.3032,0.004701,1.546,0.040,2.05,788,0.026,265.000,18.280,3.333
0.2726,0.004285,1.568,0.020,1.98,769,0.013,265.000,18.280,3.333
0.2900,0.004583,1.576,0.020,1.96,792,0.013,265.000,18.280,3.333
0.2523,0.003963,1.567,0.020,1.98,702,0.013,265.000,18.280,3.333
1.7451,0.013483,0.759,0.500,5.54,3035,0.659,85.000,26.916,5.000
0.8303,0.012724,1.520,0.440,7.52,1128,0.290,241.000,43.344,7.500
0.8591,0.012445,1.436,0.460,7.87,1199,0.320,241.000,45.096,8.108
1.0487,0.009837,0.929,0.200,3.63,2361,0.215,209.000,20.855,3.030
1.9796,0.015835,0.784,0.380,4.74,3005,0.485,145.000,32.982,5.455
1.8750,0.017339,0.907,0.360,4.27,2596,0.397,65.000,40.144,7.692
2.2231,0.015762,0.693,0.460,5.95,3329,0.664,81.000,30.896,5.085
0.1603,0.003291,2.050,0.0001,2.18,444,0.0001,153.000,40.551,7.955
0.9614,0.008345,0.860,0.160,3.32,2643,0.186,65.000,12.520,4.348
1.3219,0.011245,0.840,0.340,5.59,2128,0.405,185.000,19.395,3.226
1.5144,0.012542,0.816,0.320,3.82,2723,0.392,161.000,19.299,1.887
0.2746,0.004237,1.539,0.040,2.73,701,0.026,205.000,22.720,2.542
0.4148,0.006947,1.668,0.020,2.44,753,0.012,465.000,27.846,6.977
0.5924,0.009993,1.677,0.080,1.73,1484,0.048,145.000,37.597,7.143
0.2587,0.003511,1.354,0.100,2.19,790,0.074,321.000,12.301,2.000
0.1552,0.002756,1.772,0.0001,1.49,573,0.0001,91.000,34.416,5.556
0.2744,0.004985,1.812,0.040,1.68,618,0.022,109.000,32.966,5.000
0.2840,0.004485,1.575,0.060,2.10,948,0.038,185.000,28.947,2.381
0.3148,0.004874,1.544,0.040,2.09,916,0.026,185.000,28.034,2.381
0.1720,0.002863,1.662,0.040,2.58,423,0.024,193.000,28.751,6.818
0.9376,0.010729,1.134,0.080,3.64,1925,0.071,189.000,23.499,5.310
0.0823,0.001482,1.800,0.0001,1.63,374,0.0001,193.000,27.165,7.143
0.1348,0.002419,1.793,0.0001,1.68,428,0.0001,217.000,27.165,7.143
0.0561,0.001027,1.829,0.0001,1.60,349,0.0001,163.000,26.915,6.250
2.7466,0.015252,0.540,0.600,7.89,4186,1.111,289.000,24.222,3.297
0.7573,0.009122,1.196,0.080,3.87,1665,0.067,235.000,25.423,2.013
1.2841,0.015013,1.154,0.300,4.72,1824,0.260,225.000,34.787,6.522
0.4064,0.006019,1.475,0.060,2.44,1095,0.041,193.000,24.493,4.545
0.1387,0.004204,3.028,0.040,2.90,318,0.013,133.000,60.599,8.929
0.1161,0.003517,3.025,0.040,2.93,305,0.013,137.000,60.401,8.982
0.9867,0.012342,1.239,0.240,6.07,1576,0.194,177.000,34.671,9.804
1.1518,0.009441,0.811,0.340,9.37,2049,0.419,241.000,25.587,3.448
0.4208,0.006482,1.534,0.080,2.23,905,0.052,109.000,30.386,7.692
0.4253,0.006533,1.530,0.0001,2.12,909,0.0001,244.000,30.386,7.692
0.4435,0.006676,1.499,0.060,2.12,955,0.040,109.000,30.386,7.692
0.2054,0.003405,1.655,0.100,2.46,621,0.060,213.000,37.890,3.226
0.8825,0.008635,0.970,0.280,6.41,2003,0.289,881.000,17.094,2.703
0.3876,0.005149,1.324,0.020,2.95,974,0.015,273.000,22.105,2.128
0.3056,0.004199,1.371,0.020,2.75,780,0.015,273.000,22.105,2.128
0.2843,0.004048,1.420,0.020,2.24,617,0.014,273.000,22.105,2.128
0.3191,0.004294,1.342,0.020,2.79,872,0.015,273.000,22.105,2.128
0.3957,0.005339,1.344,0.020,2.90,932,0.015,273.000,22.105,2.128
0.4329,0.005688,1.309,0.020,3.05,1012,0.015,273.000,22.105,2.128
2.5545,0.014365,0.548,0.440,5.80,4664,0.803,325.000,17.914,2.920
0.1371,0.002042,1.488,0.0001,2.81,398,0.0001,469.000,16.959,2.703
0.2248,0.003504,1.556,0.060,2.86,518,0.039,265.000,20.186,5.172
0.1026,0.001804,1.757,0.040,1.63,714,0.023,169.000,33.976,7.692
0.3173,0.004410,1.386,0.120,2.62,783,0.087,401.000,15.405,2.857
0.1624,0.003659,2.250,0.100,2.41,514,0.044,145.000,45.279,5.000
0.1634,0.003347,2.044,0.100,2.37,552,0.049,145.000,42.227,5.000
0.1737,0.003510,2.018,0.060,2.44,552,0.030,145.000,42.227,5.000
0.2878,0.003567,1.236,0.060,2.25,1298,0.049,65.000,19.422,7.937
0.1002,0.001284,1.281,0.0001,1.84,1035,0.0001,65.000,19.422,7.937
0.4161,0.007148,1.711,0.040,2.19,1240,0.023,169.000,40.205,5.263
0.4633,0.006715,1.443,0.120,2.63,1096,0.083,241.000,21.480,5.085
0.2284,0.002916,1.274,0.040,2.32,825,0.031,385.000,13.421,2.041
0.1906,0.002797,1.465,0.020,2.08,866,0.014,233.000,20.553,3.704
0.5333,0.006524,1.217,0.080,2.90,1753,0.066,217.000,24.689,1.538
0.5444,0.006659,1.217,0.080,2.99,1682,0.066,217.000,24.689,1.538
0.6219,0.007516,1.201,0.120,3.05,1586,0.100,145.000,28.724,1.786
0.1153,0.002115,1.832,0.060,2.08,435,0.033,377.000,34.863,4.918
0.3106,0.005200,1.669,0.060,2.62,770,0.036,321.000,34.263,4.527
0.1365,0.002159,1.580,0.020,2.01,632,0.013,265.000,21.405,3.922
0.1776,0.002804,1.576,0.020,2.15,628,0.013,265.000,21.405,3.922
0.2398,0.003627,1.509,0.020,2.53,800,0.013,281.000,22.309,4.202
1.2761,0.010829,0.838,0.240,8.97,2141,0.286,181.000,27.510,6.608
0.2510,0.003496,1.390,0.040,2.02,630,0.029,223.000,15.104,2.703
0.1688,0.002245,1.328,0.080,2.31,465,0.060,865.000,8.914,1.370
0.3248,0.004700,1.443,0.100,2.46,860,0.069,193.000,17.970,3.000
0.4099,0.006646,1.615,0.040,2.47,1007,0.025,97.000,37.901,11.111
0.4025,0.006539,1.618,0.080,2.46,983,0.049,73.000,37.901,11.111
0.3950,0.006435,1.623,0.080,2.45,981,0.049,73.000,37.901,11.111
0.3916,0.006351,1.616,0.020,2.47,1025,0.012,97.000,37.901,11.111
0.1605,0.003410,2.122,0.040,2.28,383,0.019,253.000,38.127,5.714
0.4331,0.005974,1.374,0.060,2.90,1133,0.044,217.000,22.548,2.198
0.0682,0.000876,1.284,0.040,3.03,396,0.031,277.000,11.353,1.695
0.1009,0.001680,1.663,0.020,2.29,400,0.012,289.000,25.580,2.083
0.4145,0.007538,1.811,0.100,2.35,1056,0.055,209.000,39.285,4.762
0.3961,0.007254,1.824,0.040,2.34,1021,0.022,225.000,39.637,5.000
0.3848,0.007184,1.860,0.040,2.33,987,0.022,225.000,40.171,5.000
0.1780,0.003755,2.107,0.020,1.87,357,0.009,289.000,36.628,12.500
0.7445,0.009662,1.288,0.160,3.01,1731,0.124,201.000,26.581,5.797
1.2081,0.012596,1.030,0.380,8.03,1637,0.369,199.000,31.387,5.714
1.1625,0.012207,1.038,0.420,8.03,1722,0.405,199.000,31.569,5.714
0.8179,0.009282,1.126,0.300,7.69,1370,0.267,199.000,26.978,4.255
0.3502,0.004432,1.262,0.180,2.26,1439,0.143,221.000,20.852,1.818
0.2290,0.004810,2.096,0.040,2.19,422,0.019,181.000,43.054,11.111
0.2449,0.003749,1.527,0.060,2.67,671,0.039,145.000,27.096,1.818
0.2113,0.003164,1.495,0.120,2.83,622,0.080,241.000,24.264,1.587
0.2816,0.004159,1.473,0.080,3.35,762,0.054,193.000,27.442,1.980
0.2004,0.002567,1.279,0.0001,2.80,772,0.0001,249.000,7.531,1.205
0.3261,0.005818,1.778,0.020,2.76,738,0.011,145.000,31.219,3.571
0.3106,0.005632,1.808,0.020,2.73,784,0.011,145.000,31.405,3.571
0.3049,0.005636,1.843,0.020,2.70,689,0.011,145.000,31.527,3.571
0.2939,0.005480,1.859,0.020,2.70,748,0.011,145.000,32.034,3.571
0.3988,0.004694,1.173,0.160,3.70,965,0.136,379.000,11.671,1.961
0.4571,0.005461,1.190,0.060,3.10,1234,0.050,190.000,11.671,1.961
0.2089,0.003175,1.517,0.0001,2.20,714,0.0001,217.000,29.160,3.125
0.2013,0.003060,1.518,0.020,2.05,768,0.013,229.000,29.237,3.226
0.1748,0.002430,1.389,0.040,2.02,690,0.029,281.000,12.907,1.961
0.2305,0.003045,1.319,0.040,2.59,792,0.030,281.000,12.204,1.923
0.3642,0.005607,1.534,0.040,1.98,763,0.026,109.000,29.091,7.692
0.3785,0.005830,1.534,0.040,1.98,764,0.026,109.000,29.091,7.692
0.3785,0.005833,1.535,0.040,1.98,764,0.026,109.000,29.091,7.692
0.4040,0.006226,1.535,0.040,1.98,769,0.026,109.000,29.091,7.692
0.3780,0.005826,1.536,0.040,1.98,763,0.026,109.000,29.091,7.692
0.3700,0.005706,1.537,0.040,1.98,766,0.026,109.000,29.091,7.692
0.3732,0.005985,1.598,0.020,1.97,711,0.013,109.000,29.827,7.692
0.3732,0.005988,1.599,0.020,1.97,711,0.013,109.000,29.827,7.692
0.3769,0.006047,1.599,0.020,1.97,712,0.013,109.000,29.827,7.692
0.3698,0.005932,1.598,0.020,1.97,713,0.013,109.000,29.827,7.692
0.3741,0.006006,1.600,0.020,1.97,712,0.013,109.000,29.827,7.692
0.3828,0.006143,1.599,0.020,1.97,711,0.013,109.000,29.827,7.692
0.3783,0.006067,1.598,0.020,1.97,714,0.013,109.000,29.827,7.692
0.1633,0.002338,1.430,0.020,2.06,570,0.014,321.000,15.798,2.632
0.1643,0.002752,1.672,0.060,3.55,617,0.036,145.000,30.681,4.950
0.1813,0.003088,1.699,0.060,3.55,599,0.035,145.000,31.600,4.950
0.1708,0.002884,1.686,0.060,3.58,618,0.036,145.000,31.611,4.950
0.1831,0.003093,1.687,0.060,3.58,621,0.036,145.000,31.410,4.950
0.1727,0.002827,1.634,0.060,3.55,626,0.037,145.000,29.570,4.950
0.1741,0.002779,1.594,0.100,3.58,646,0.063,145.000,29.264,4.950
0.7486,0.008388,1.112,0.160,4.98,1528,0.144,244.000,24.215,4.082
0.7390,0.008384,1.126,0.140,4.90,1571,0.124,244.000,24.215,4.082
0.2991,0.004213,1.405,0.0001,2.57,958,0.0001,233.000,22.997,1.923
0.5223,0.006450,1.229,0.060,2.47,1883,0.049,113.000,28.683,5.000
0.2637,0.003239,1.225,0.100,2.70,914,0.082,281.000,10.655,1.739
0.6311,0.008634,1.360,0.100,3.86,1569,0.074,169.000,34.767,3.390
1.5185,0.013320,0.864,0.600,10.00,1674,0.694,241.000,53.387,9.677
0.1081,0.001797,1.661,0.040,1.99,546,0.024,321.000,20.862,3.846
0.3209,0.006743,2.094,0.020,1.98,500,0.010,91.000,31.404,11.111
1.3881,0.012789,0.909,0.360,6.06,2976,0.396,961.000,24.264,5.085
0.3656,0.005863,1.598,0.020,1.97,713,0.013,109.000,29.827,7.692
0.3754,0.005802,1.540,0.040,1.98,765,0.026,109.000,29.091,7.692
3.6577,0.014525,0.383,0.540,5.38,5969,1.411,185.000,13.137,2.000
3.6595,0.014533,0.383,0.540,5.38,5994,1.411,185.000,13.137,2.000
0.5545,0.006961,1.249,0.040,2.39,1390,0.032,305.000,21.265,3.704
0.7683,0.008420,1.088,0.280,3.09,2079,0.257,401.000,18.290,3.030
1.1620,0.011462,0.975,0.160,3.40,3033,0.164,201.000,21.718,4.478
0.3648,0.005766,1.575,0.120,2.26,922,0.076,313.000,30.316,6.250
1.0763,0.011278,1.037,0.200,3.52,2337,0.193,193.000,12.682,1.724
1.1409,0.011560,1.002,0.180,2.99,2781,0.180,297.000,22.095,4.444
0.3405,0.006530,1.912,0.040,3.60,657,0.021,97.000,38.098,4.950
0.8288,0.009914,1.186,0.260,9.32,1210,0.219,181.000,45.251,9.402
0.6651,0.010229,1.528,0.320,5.06,1237,0.209,265.000,47.566,11.111
0.6368,0.010187,1.590,0.140,5.12,928,0.088,265.000,49.618,12.195
0.6242,0.007569,1.205,0.160,3.72,1750,0.133,241.000,22.948,4.444
0.2739,0.004923,1.792,0.060,2.38,731,0.033,145.000,39.557,7.407
1.2934,0.010558,0.806,0.320,5.91,2333,0.397,157.000,24.469,4.425
1.4037,0.012732,0.894,0.240,3.89,3073,0.268,181.000,26.579,3.571
2.6919,0.014515,0.525,0.440,5.89,4382,0.839,91.000,22.670,5.000
1.3458,0.013523,0.991,0.180,2.60,3529,0.182,181.000,28.046,10.000
0.1366,0.002127,1.555,0.0001,1.75,413,0.0001,121.000,37.243,6.122
0.1827,0.002729,1.491,0.040,2.84,684,0.027,217.000,22.902,3.448
1.1404,0.010684,0.926,0.320,7.76,1720,0.345,154.000,21.554,3.922
1.8840,0.012362,0.644,0.320,4.88,3699,0.497,181.000,11.577,2.105
4.3258,0.015539,0.344,0.680,13.05,4720,1.978,193.000,24.086,4.494
4.4024,0.015510,0.337,0.680,11.24,4855,2.018,209.000,23.012,4.181
0.8620,0.009006,1.036,0.260,4.66,1785,0.251,217.000,24.718,4.545
0.3861,0.005524,1.426,0.120,2.55,1138,0.084,193.000,21.991,4.348
1.2654,0.010931,0.853,0.380,3.78,2895,0.445,201.000,13.144,2.290
1.4852,0.011722,0.778,0.420,4.71,3297,0.540,139.000,20.620,1.562
0.3082,0.005766,1.865,0.040,2.10,605,0.021,345.000,38.450,10.638
0.1544,0.002373,1.535,0.060,2.35,483,0.039,311.000,12.328,2.128
0.1739,0.002574,1.478,0.040,2.43,511,0.027,311.000,11.589,2.128
0.1688,0.002415,1.429,0.020,2.11,387,0.014,241.000,8.638,1.587
0.4237,0.009547,2.244,0.060,3.30,657,0.027,49.000,19.590,9.375
0.4711,0.006859,1.450,0.060,2.53,1127,0.041,193.000,21.921,4.348
0.7411,0.008845,1.185,0.180,2.75,1875,0.152,337.000,19.332,2.000
0.3346,0.004169,1.242,0.020,2.19,1001,0.016,271.000,15.075,1.299
1.5493,0.011272,0.717,0.440,6.42,2305,0.614,277.000,14.448,2.151
0.8122,0.008275,1.011,0.220,4.96,1443,0.218,505.000,16.144,2.469
1.6129,0.011771,0.718,0.180,5.27,2885,0.251,247.000,12.464,1.818
0.7632,0.009572,1.245,0.080,2.93,1862,0.064,161.000,29.389,3.226
1.3843,0.011473,0.818,0.300,6.92,2376,0.367,205.000,15.935,3.226
0.3879,0.005135,1.319,0.120,2.38,1028,0.091,305.000,17.493,1.754
0.3642,0.004848,1.327,0.120,2.36,1030,0.090,305.000,17.493,1.754
0.3932,0.005457,1.383,0.040,1.86,1181,0.029,385.000,21.221,5.882
0.5419,0.006976,1.281,0.040,2.37,1405,0.031,241.000,17.840,3.371
1.9905,0.014759,0.727,0.440,8.17,2013,0.605,100.000,32.625,7.143
2.0368,0.015074,0.725,0.460,8.13,2104,0.634,100.000,32.625,7.143
0.1252,0.002813,2.243,0.020,2.08,286,0.009,289.000,35.081,4.762
0.8366,0.009500,1.126,0.280,3.57,2241,0.249,213.000,31.891,3.846
0.3670,0.007397,2.008,0.020,2.13,655,0.010,91.000,34.508,12.500
0.4080,0.005315,1.298,0.060,2.28,1032,0.046,249.000,12.834,2.381
0.0572,0.001638,2.861,0.0001,1.63,309,0.0001,241.000,51.842,10.000
0.0602,0.001709,2.834,0.020,1.65,325,0.007,193.000,51.070,9.091
0.4965,0.007561,1.516,0.120,3.58,1418,0.079,191.000,40.985,4.000
0.4721,0.007289,1.537,0.120,3.58,1442,0.078,191.000,41.997,4.020
1.3293,0.012406,0.921,0.320,2.84,3402,0.347,137.000,21.907,4.348
0.6580,0.009672,1.460,0.200,4.64,1198,0.137,313.000,30.736,5.455
0.3131,0.004764,1.518,0.100,2.58,1074,0.066,209.000,28.887,2.439
0.5674,0.006988,1.225,0.040,2.22,1299,0.033,233.000,10.134,5.000
0.1960,0.003142,1.601,0.040,2.18,701,0.025,209.000,23.777,1.754
0.2889,0.004543,1.568,0.120,3.25,695,0.077,217.000,28.664,3.226
0.2307,0.003544,1.533,0.040,2.05,517,0.026,273.000,22.018,2.222
0.3721,0.005314,1.423,0.0001,2.56,1004,0.0001,225.000,23.639,2.439
0.3423,0.005101,1.485,0.0001,2.12,957,0.0001,241.000,22.237,2.439
0.3155,0.003480,1.100,0.040,2.06,924,0.036,1.000,8.006,2.326
0.7807,0.008286,1.053,0.340,4.43,1736,0.323,235.000,23.219,2.128
0.3523,0.005095,1.441,0.040,2.54,1134,0.028,241.000,30.019,3.614
0.1931,0.003398,1.756,0.100,2.54,578,0.057,265.000,25.510,5.691
0.7557,0.008964,1.177,0.120,3.21,1925,0.102,177.000,20.801,2.410
0.8124,0.009394,1.147,0.160,3.18,2131,0.139,177.000,20.801,2.410
0.2742,0.003046,1.108,0.100,2.46,1032,0.090,201.000,9.705,1.333
0.0610,0.001138,1.864,0.0001,1.90,511,0.0001,225.000,48.912,7.692
1.6868,0.013315,0.776,0.320,4.02,3079,0.412,305.000,11.441,2.128
1.7689,0.013052,0.725,0.240,3.93,3423,0.331,305.000,5.058,2.128
0.3423,0.006358,1.851,0.120,2.20,1102,0.065,217.000,36.521,5.172
0.9524,0.011796,1.227,0.260,3.37,2073,0.212,121.000,33.895,8.696
0.8537,0.008704,1.011,0.180,3.35,2162,0.178,185.000,14.877,2.400
0.1869,0.002900,1.549,0.060,2.38,602,0.039,157.000,26.429,2.646
1.8498,0.012400,0.658,0.540,4.42,3433,0.821,145.000,10.070,1.754
1.8825,0.012494,0.651,0.520,4.49,3195,0.798,145.000,9.593,1.754
0.2377,0.004074,1.711,0.040,2.65,660,0.023,249.000,20.534,2.632
0.3658,0.005377,1.465,0.100,2.94,1016,0.068,273.000,26.601,5.357
0.1729,0.002671,1.543,0.060,2.57,651,0.039,193.000,33.605,3.279
1.0680,0.012216,1.132,0.120,3.31,2187,0.106,121.000,19.852,5.263
0.1787,0.003638,2.033,0.0001,2.33,429,0.0001,379.000,37.821,4.762
0.1761,0.003556,2.017,0.0001,2.33,431,0.0001,379.000,37.616,4.762
0.2356,0.003558,1.507,0.080,2.63,887,0.053,153.000,29.577,4.040
1.7589,0.012903,0.721,0.440,5.44,2861,0.610,297.000,26.991,3.030
0.9358,0.011411,1.208,0.220,5.54,1849,0.182,79.000,25.108,3.377
0.3769,0.006174,1.632,0.080,2.48,1017,0.049,97.000,37.901,11.111
0.3814,0.006312,1.649,0.060,2.45,954,0.036,97.000,37.901,11.111
0.5261,0.007109,1.344,0.080,2.97,1316,0.060,153.000,26.234,6.452
0.2758,0.003854,1.394,0.020,2.21,743,0.014,397.000,17.856,2.381
0.2819,0.004177,1.478,0.080,2.39,814,0.054,393.000,19.508,1.639
0.2318,0.004488,1.932,0.040,2.33,628,0.021,401.000,42.698,3.333
0.4740,0.005619,1.180,0.120,2.74,1382,0.102,401.000,16.815,1.695
0.2863,0.004234,1.475,0.060,2.38,807,0.041,401.000,19.672,1.667
0.7554,0.008019,1.054,0.140,5.13,1560,0.133,153.000,23.605,4.348
0.6995,0.007526,1.069,0.200,5.13,1464,0.187,153.000,23.605,4.348
0.7677,0.008302,1.073,0.260,5.15,1388,0.242,153.000,23.605,4.348
0.5156,0.006791,1.311,0.020,2.30,889,0.015,97.000,12.664,4.167
0.7188,0.007805,1.078,0.140,2.87,1697,0.130,97.000,12.664,4.167
0.6828,0.007515,1.093,0.140,2.66,1703,0.128,97.000,12.664,4.167
0.7085,0.007702,1.080,0.140,2.63,1703,0.130,97.000,12.664,4.167
0.2627,0.003087,1.173,0.040,2.84,1022,0.034,285.000,8.629,1.176
0.5040,0.005875,1.160,0.180,2.51,1651,0.155,373.000,14.586,2.326
0.5298,0.006432,1.208,0.120,2.92,1779,0.099,177.000,23.277,4.294
0.2628,0.002919,1.108,0.0001,2.07,825,0.0001,225.000,14.620,2.326
0.5311,0.007842,1.469,0.160,2.87,1102,0.109,201.000,21.940,4.918
1.0651,0.011767,1.093,0.240,4.96,1989,0.220,85.000,24.539,5.607
0.1620,0.003202,1.973,0.020,2.09,392,0.010,241.000,33.137,3.704
0.3005,0.003629,1.205,0.060,2.34,1062,0.050,457.000,11.622,1.818
0.2863,0.003506,1.222,0.040,2.23,991,0.033,457.000,11.622,1.818
0.7208,0.008265,1.139,0.040,2.61,1624,0.035,353.000,16.599,2.857
0.6346,0.007313,1.145,0.140,3.30,1437,0.122,265.000,16.599,2.857
1.1015,0.010308,0.926,0.120,4.57,2150,0.130,273.000,12.950,2.128
1.0652,0.010879,1.011,0.160,4.82,2178,0.158,397.000,18.280,3.333
0.1993,0.002645,1.325,0.060,2.88,752,0.045,273.000,19.295,1.724
0.4247,0.007301,1.712,0.040,3.46,799,0.023,217.000,30.910,7.692
0.4296,0.007437,1.724,0.040,3.44,734,0.023,217.000,30.910,7.692
0.5782,0.007121,1.225,0.080,3.26,1304,0.065,201.000,24.303,2.326
0.7192,0.008661,1.196,0.160,2.96,1645,0.134,289.000,8.996,1.754
0.1099,0.002298,2.089,0.020,2.49,419,0.010,9.000,30.114,6.957
0.9699,0.011672,1.192,0.320,3.39,2249,0.269,161.000,28.786,4.000
0.1719,0.002655,1.542,0.0001,2.24,459,0.0001,329.000,17.170,1.639
0.2261,0.003355,1.481,0.040,2.17,586,0.027,193.000,15.414,1.408
0.2800,0.004083,1.455,0.080,2.60,818,0.055,241.000,16.542,1.562
0.4429,0.006222,1.399,0.140,3.41,1093,0.100,161.000,19.310,1.575
0.2717,0.003625,1.331,0.040,2.70,757,0.030,277.000,16.090,1.408
1.6075,0.010527,0.645,0.400,6.15,3005,0.620,505.000,10.130,1.274
1.7522,0.011009,0.618,0.440,6.31,3122,0.712,505.000,10.130,1.274
1.7401,0.010682,0.604,0.440,6.36,3177,0.729,505.000,10.130,1.274
0.4054,0.005440,1.337,0.080,3.01,950,0.060,289.000,22.325,3.571
0.2338,0.003537,1.510,0.080,2.39,644,0.053,265.000,23.394,3.846
0.2017,0.003234,1.601,0.060,2.24,571,0.037,445.000,19.926,4.000
0.4051,0.006489,1.595,0.160,4.15,1017,0.100,85.000,46.915,6.320
0.1536,0.002369,1.541,0.020,2.39,406,0.013,313.000,18.427,1.835
0.5037,0.005838,1.154,0.120,5.26,919,0.104,298.000,7.232,0.870
0.7585,0.011439,1.497,0.080,3.52,1141,0.053,513.000,45.286,8.333
0.7770,0.010857,1.387,0.060,3.66,1281,0.043,257.000,45.286,8.333
0.8487,0.011351,1.326,0.100,3.41,1715,0.075,257.000,45.286,8.333
0.8798,0.011461,1.291,0.120,3.41,1759,0.093,257.000,45.286,8.333
0.9037,0.011589,1.271,0.080,3.43,1837,0.063,257.000,45.286,8.333
0.9627,0.012020,1.237,0.080,3.47,1936,0.065,257.000,45.286,8.333
0.8337,0.011367,1.352,0.060,3.33,1601,0.044,257.000,45.286,8.333
0.2601,0.004487,1.721,0.060,2.68,803,0.035,421.000,35.219,5.607
2.2129,0.016170,0.715,0.420,11.14,2618,0.588,259.000,30.654,4.762
0.5236,0.006248,1.187,0.080,2.76,1428,0.067,221.000,13.536,1.136
0.2507,0.003291,1.310,0.040,2.89,830,0.031,441.000,12.566,1.099
1.4535,0.012235,0.830,0.400,3.46,3491,0.482,113.000,24.542,5.405
0.1888,0.002666,1.410,0.080,3.16,668,0.057,280.000,18.802,1.163
0.1875,0.002782,1.482,0.080,3.21,543,0.054,280.000,17.792,1.124
0.2565,0.003300,1.284,0.040,2.60,834,0.031,217.000,15.520,2.439
0.6021,0.008215,1.357,0.060,2.74,1450,0.044,265.000,27.860,5.357
0.2120,0.003012,1.419,0.020,2.24,558,0.014,281.000,19.296,1.786
0.8669,0.008381,0.959,0.160,4.76,2112,0.167,473.000,14.663,1.266
1.3755,0.013461,0.965,0.260,5.71,2673,0.269,115.000,37.828,10.000
0.1249,0.001584,1.267,0.020,2.00,712,0.016,157.000,20.758,1.653
0.1360,0.002217,1.628,0.0001,1.87,708,0.0001,73.000,35.894,3.333
0.1215,0.001972,1.620,0.040,1.89,694,0.025,73.000,35.894,3.333
0.6303,0.005899,0.930,0.060,3.11,2418,0.064,121.000,12.352,1.887
0.0902,0.001082,1.199,0.0001,1.84,728,0.0001,161.000,11.146,2.804
0.9314,0.009623,1.024,0.220,3.17,2695,0.215,193.000,18.087,3.226
1.0761,0.010689,0.983,0.120,2.71,2673,0.122,193.000,18.087,3.226
0.1061,0.001418,1.336,0.0001,1.72,640,0.0001,277.000,10.003,1.695
1.2811,0.010910,0.841,0.260,4.12,2950,0.309,233.000,16.490,2.703
0.6700,0.008760,1.299,0.120,2.80,1402,0.092,289.000,26.761,3.704
0.8765,0.012759,1.443,0.160,3.18,1975,0.111,177.000,29.295,8.571
0.5120,0.009243,1.796,0.220,3.71,988,0.122,257.000,32.008,9.375
0.1580,0.003700,2.338,0.100,2.49,403,0.043,281.000,45.711,7.767
0.1961,0.003452,1.757,0.0001,2.18,519,0.0001,373.000,33.160,4.167
0.5558,0.006225,1.114,0.220,5.37,1136,0.198,100.000,17.058,2.857
0.6041,0.008086,1.331,0.100,2.34,1598,0.075,273.000,25.451,2.041
0.6213,0.009802,1.568,0.160,3.71,1221,0.102,217.000,27.022,2.564
0.9018,0.008724,0.959,0.300,3.07,2463,0.313,305.000,13.494,2.000
0.1651,0.003123,1.890,0.060,2.01,490,0.032,369.000,50.768,5.660
1.3030,0.014491,1.098,0.200,3.55,2143,0.182,273.000,46.850,8.571
0.7274,0.010425,1.423,0.200,3.54,1704,0.141,273.000,59.347,8.571
1.3154,0.014099,1.058,0.360,3.62,2173,0.340,273.000,46.850,8.571
0.1656,0.003572,2.153,0.0001,2.00,406,0.0001,153.000,45.671,10.870
0.1978,0.003980,2.008,0.0001,2.03,542,0.0001,153.000,45.140,10.870
0.1255,0.001956,1.558,0.0001,2.52,411,0.0001,409.000,9.838,1.869
0.0589,0.001104,1.871,0.020,1.70,442,0.011,313.000,29.826,2.703
1.1499,0.010991,0.945,0.160,5.85,2219,0.169,593.000,18.100,3.509
0.2695,0.003920,1.451,0.080,2.41,897,0.055,261.000,26.733,2.857
0.1016,0.002012,1.979,0.020,2.14,365,0.010,225.000,35.866,5.405
0.2739,0.003908,1.423,0.080,2.28,783,0.056,257.000,18.090,1.600
0.3828,0.007792,2.028,0.060,1.79,1548,0.030,129.000,49.854,7.692
0.3300,0.004530,1.369,0.060,2.04,748,0.044,481.000,12.986,2.469
0.4081,0.008268,2.018,0.060,1.79,1552,0.030,129.000,49.579,7.692
0.2465,0.003573,1.447,0.080,2.90,550,0.055,409.000,20.898,1.935
0.1145,0.001824,1.591,0.020,2.30,404,0.013,561.000,22.105,2.222
0.2242,0.003495,1.555,0.040,2.06,628,0.026,169.000,24.648,1.923
0.2527,0.003820,1.508,0.0001,2.16,730,0.0001,169.000,23.462,1.923
0.2313,0.003642,1.571,0.0001,2.14,627,0.0001,169.000,24.846,1.923
1.7030,0.013704,0.791,0.320,4.56,3565,0.404,745.000,29.780,3.448
1.6205,0.013428,0.816,0.280,4.48,3427,0.343,745.000,29.026,3.297
0.5248,0.006247,1.185,0.040,2.45,1413,0.034,385.000,13.926,2.326
0.3866,0.005056,1.303,0.040,2.25,958,0.031,321.000,11.985,1.887
1.2442,0.012323,0.978,0.340,4.47,2530,0.347,265.000,19.489,4.255
1.4219,0.012623,0.875,0.280,7.14,2704,0.320,298.000,19.489,4.255
0.1540,0.002043,1.325,0.0001,1.86,402,0.0001,193.000,2.928,4.545
1.7632,0.012234,0.682,0.380,8.40,3003,0.557,577.000,18.566,2.913
0.6100,0.007641,1.245,0.080,3.72,1596,0.064,97.000,29.558,4.688
0.8098,0.009507,1.165,0.160,2.32,1633,0.137,91.000,40.807,5.000
0.3519,0.006455,1.828,0.140,3.67,603,0.077,225.000,36.197,9.091
0.9703,0.009138,0.933,0.240,4.53,2048,0.257,301.000,18.511,2.222
0.3434,0.004041,1.173,0.120,2.93,1328,0.102,217.000,21.643,1.639
0.4073,0.004674,1.143,0.120,3.49,1301,0.105,217.000,21.643,1.639
0.2144,0.002655,1.236,0.080,2.82,840,0.065,199.000,20.178,1.389
1.1088,0.010489,0.936,0.180,3.27,2743,0.192,225.000,14.218,2.410
1.0550,0.010085,0.946,0.100,3.14,2831,0.106,225.000,14.218,2.410
1.0615,0.010086,0.940,0.320,3.24,2686,0.340,225.000,14.218,2.410
1.1246,0.010664,0.938,0.380,3.18,2670,0.405,225.000,14.218,2.410
1.0948,0.010269,0.928,0.160,3.24,2822,0.172,225.000,14.218,2.410
0.8350,0.008787,1.044,0.120,2.63,2121,0.115,190.000,19.705,3.960
1.4316,0.013107,0.903,0.320,4.67,2624,0.355,181.000,31.265,4.651
0.9069,0.008508,0.930,0.200,5.80,2165,0.215,49.000,27.996,3.448
0.5659,0.006754,1.187,0.100,2.34,1702,0.084,277.000,18.925,3.125
0.3319,0.004587,1.378,0.020,2.34,920,0.015,369.000,17.989,3.125
0.3468,0.004744,1.364,0.100,2.45,991,0.073,369.000,17.989,3.125
0.6736,0.007485,1.104,0.040,2.45,1625,0.036,313.000,24.548,5.376
0.5707,0.007749,1.350,0.040,1.82,734,0.030,289.000,36.479,13.043
0.6722,0.007384,1.091,0.040,2.43,1607,0.037,313.000,25.270,5.495
0.5085,0.006179,1.209,0.080,3.03,1198,0.066,253.000,9.509,1.515
1.0683,0.011410,1.057,0.180,3.99,2320,0.170,181.000,21.894,4.478
1.7976,0.013527,0.739,0.300,5.02,3535,0.406,241.000,18.393,3.409
1.3602,0.011912,0.864,0.240,5.67,2870,0.278,245.000,20.970,3.896
0.1318,0.001885,1.429,0.020,2.21,461,0.014,337.000,9.837,1.754
0.0557,0.001972,3.538,0.0001,1.86,231,0.0001,181.000,66.036,10.526
0.8402,0.008728,1.031,0.180,2.97,2175,0.175,297.000,12.571,2.020
0.3835,0.004792,1.245,0.080,2.64,1309,0.064,169.000,24.435,2.222
0.6642,0.007271,1.088,0.140,2.82,2121,0.129,173.000,25.231,2.410
0.1229,0.001729,1.406,0.0001,3.13,559,0.0001,229.000,18.501,1.695
0.7465,0.008227,1.094,0.200,2.94,1765,0.183,249.000,14.224,4.167
0.7133,0.008297,1.155,0.120,2.63,1754,0.104,257.000,18.590,3.448
0.0720,0.001994,2.769,0.0001,2.16,232,0.0001,353.000,47.862,6.897
0.1519,0.002065,1.357,0.0001,1.90,465,0.0001,273.000,12.466,2.083
0.7221,0.007551,1.039,0.100,4.22,1283,0.096,289.000,7.124,1.087
0.3192,0.005833,1.821,0.060,2.77,852,0.033,73.000,39.567,11.111
0.3698,0.005164,1.391,0.060,2.80,1043,0.043,73.000,21.261,11.111
0.2330,0.004428,1.896,0.0001,2.78,756,0.0001,73.000,42.074,11.111
0.5911,0.007080,1.191,0.100,2.85,1814,0.084,257.000,27.517,2.752
0.4172,0.005380,1.284,0.120,2.54,1190,0.093,121.000,16.046,2.970
2.9469,0.014200,0.468,0.620,8.66,3425,1.325,457.000,13.141,2.198
0.2792,0.004327,1.546,0.060,1.81,561,0.039,121.000,37.243,6.122
0.1278,0.002602,2.033,0.020,1.93,407,0.010,281.000,40.895,8.696
0.5446,0.008436,1.541,0.140,2.97,1476,0.091,247.000,43.025,5.556
0.5504,0.008278,1.496,0.180,2.87,1663,0.120,181.000,46.134,6.383
0.5471,0.008331,1.515,0.120,2.89,1757,0.079,181.000,46.252,6.383
0.5297,0.008255,1.550,0.140,2.81,1681,0.090,181.000,46.245,6.383
0.6116,0.007496,1.219,0.080,2.68,1427,0.066,313.000,16.873,2.857
0.4282,0.005760,1.340,0.060,2.18,1020,0.045,313.000,16.873,2.857
0.4349,0.005766,1.320,0.040,2.11,921,0.030,313.000,14.571,2.857
0.3896,0.005808,1.485,0.080,2.13,921,0.054,313.000,25.871,2.857
0.2334,0.003633,1.554,0.020,2.25,494,0.013,321.000,11.644,3.333
0.2527,0.003970,1.568,0.080,2.50,505,0.051,321.000,11.644,3.333
0.4392,0.005711,1.295,0.140,2.56,1263,0.108,217.000,13.328,2.353
0.2166,0.002997,1.382,0.020,2.12,699,0.014,217.000,13.328,2.353
1.1717,0.010897,0.919,0.240,4.93,2847,0.261,641.000,23.020,4.118
0.5212,0.006034,1.152,0.100,3.36,1434,0.087,393.000,9.719,1.626
0.1695,0.002605,1.535,0.0001,2.04,384,0.0001,409.000,18.754,1.887
0.1610,0.002486,1.542,0.020,2.29,513,0.013,257.000,18.208,3.571
0.0759,0.001684,2.219,0.0001,2.56,296,0.0001,49.000,26.378,7.273
0.1777,0.002825,1.587,0.0001,2.00,361,0.0001,257.000,12.276,2.326
0.1808,0.002860,1.580,0.0001,1.97,370,0.0001,257.000,12.276,2.326
0.1685,0.002687,1.593,0.0001,1.98,365,0.0001,257.000,12.276,2.326
0.1844,0.002908,1.575,0.0001,2.01,377,0.0001,257.000,12.276,2.326
0.1649,0.002609,1.580,0.0001,2.01,359,0.0001,257.000,12.276,2.326
0.4004,0.006269,1.560,0.040,2.49,679,0.026,121.000,20.683,3.704
0.4675,0.005754,1.225,0.040,2.42,1207,0.033,157.000,22.474,4.110
0.4315,0.005374,1.241,0.080,3.24,1085,0.064,221.000,17.459,2.740
1.7085,0.013088,0.753,0.420,5.55,3828,0.558,136.000,25.499,5.556
1.5271,0.012510,0.807,0.360,4.08,3685,0.446,121.000,25.499,5.556
1.5658,0.012229,0.769,0.340,5.99,3714,0.442,136.000,25.499,5.556
0.7139,0.008539,1.188,0.080,2.84,1641,0.067,137.000,19.978,3.896
0.2293,0.004181,1.820,0.140,2.14,835,0.077,161.000,34.279,4.225
0.3812,0.006287,1.643,0.180,3.58,851,0.110,383.000,34.277,2.439
0.1927,0.002788,1.444,0.0001,2.15,591,0.0001,177.000,12.178,1.980
0.9024,0.008975,0.986,0.160,4.21,2530,0.162,131.000,17.635,1.515
0.2660,0.004164,1.562,0.020,1.85,547,0.013,209.000,9.308,1.613
0.2292,0.003387,1.475,0.0001,2.05,729,0.0001,273.000,27.997,2.857
0.3822,0.005205,1.357,0.120,2.65,1265,0.088,289.000,30.179,3.571
0.5353,0.006917,1.286,0.080,3.24,973,0.062,393.000,17.392,3.030
0.5079,0.006870,1.346,0.160,3.27,959,0.119,393.000,16.395,3.030
0.5560,0.006214,1.112,0.160,2.98,1707,0.144,129.000,20.893,2.069
0.4407,0.008120,1.835,0.240,3.10,1149,0.131,73.000,45.598,4.167
0.1280,0.001776,1.386,0.060,1.82,731,0.043,385.000,18.188,3.030
0.1380,0.001885,1.365,0.080,2.00,524,0.059,265.000,15.583,2.222
0.4422,0.006226,1.402,0.120,2.46,874,0.086,203.000,15.916,1.765
0.4774,0.006664,1.390,0.120,2.46,927,0.086,203.000,15.916,1.765
0.4639,0.006500,1.395,0.120,2.47,865,0.086,203.000,15.916,1.765
0.4644,0.006494,1.392,0.060,2.47,836,0.043,203.000,15.916,1.765
0.4595,0.006451,1.398,0.040,2.46,809,0.029,203.000,15.916,1.765
0.4749,0.006647,1.393,0.060,2.46,815,0.043,203.000,15.916,1.765
0.3788,0.005992,1.576,0.100,2.42,694,0.063,203.000,14.070,1.765
0.3689,0.005840,1.577,0.100,2.42,682,0.063,203.000,14.070,1.765
0.3971,0.006287,1.577,0.100,2.42,667,0.063,203.000,14.070,1.765
0.3591,0.005756,1.597,0.060,2.43,705,0.038,203.000,14.070,1.765
0.3877,0.006140,1.578,0.100,2.42,700,0.063,203.000,14.070,1.765
0.3574,0.005661,1.578,0.100,2.41,715,0.063,203.000,14.070,1.765
0.3749,0.005963,1.585,0.040,2.41,703,0.025,203.000,14.070,1.765
0.3954,0.006254,1.576,0.020,2.42,720,0.013,203.000,14.070,1.765
0.3719,0.005919,1.586,0.040,2.41,709,0.025,203.000,14.070,1.765
0.3545,0.005736,1.613,0.020,2.39,635,0.012,203.000,14.070,1.765
0.3643,0.005791,1.584,0.020,2.43,714,0.013,203.000,14.070,1.765
0.3574,0.005789,1.614,0.020,2.40,633,0.012,203.000,14.070,1.765
0.6978,0.008468,1.206,0.120,3.04,1378,0.100,203.000,17.717,1.765
0.7207,0.008802,1.213,0.100,3.04,1495,0.082,203.000,17.717,1.765
0.7378,0.008877,1.195,0.120,3.08,1416,0.100,203.000,17.717,1.765
0.7255,0.008748,1.197,0.100,3.07,1525,0.084,203.000,17.717,1.765
0.4629,0.006415,1.380,0.060,2.48,956,0.043,203.000,15.916,1.765
0.4802,0.006727,1.395,0.060,2.47,873,0.043,203.000,15.916,1.765
0.4509,0.006305,1.393,0.040,2.47,826,0.029,203.000,15.916,1.765
0.4677,0.006527,1.389,0.040,2.47,828,0.029,203.000,15.916,1.765
0.4538,0.006323,1.388,0.060,2.48,898,0.043,203.000,15.916,1.765
0.4778,0.006631,1.382,0.060,2.48,858,0.043,203.000,15.916,1.765
0.6561,0.008269,1.252,0.060,2.95,1336,0.048,203.000,17.717,1.765
0.6572,0.008265,1.250,0.060,2.97,1346,0.048,203.000,17.717,1.765
0.6636,0.008333,1.248,0.060,2.97,1346,0.048,203.000,17.717,1.765
0.6674,0.008411,1.252,0.060,2.96,1345,0.048,203.000,17.717,1.765
0.6561,0.008235,1.247,0.080,2.97,1352,0.064,203.000,17.717,1.765
0.6508,0.008236,1.258,0.060,2.94,1316,0.048,203.000,17.717,1.765
0.6551,0.008275,1.255,0.060,2.96,1327,0.048,203.000,17.717,1.765
0.6865,0.008653,1.252,0.060,2.97,1344,0.048,203.000,17.717,1.765
0.6769,0.008535,1.253,0.060,2.97,1339,0.048,203.000,17.717,1.765
0.6636,0.008335,1.248,0.060,2.97,1379,0.048,203.000,17.717,1.765
0.6924,0.008761,1.257,0.060,2.95,1362,0.048,203.000,17.717,1.765
0.6807,0.008579,1.252,0.060,2.97,1375,0.048,203.000,17.717,1.765
0.6716,0.008482,1.255,0.060,2.95,1369,0.048,203.000,17.717,1.765
0.6529,0.008254,1.256,0.060,2.95,1362,0.048,203.000,17.717,1.765
0.6684,0.008443,1.255,0.060,2.95,1372,0.048,203.000,17.717,1.765
0.6684,0.008393,1.248,0.060,2.97,1378,0.048,203.000,17.717,1.765
0.6705,0.008477,1.256,0.060,2.95,1364,0.048,203.000,17.717,1.765
0.6855,0.008457,1.226,0.100,3.02,1459,0.082,203.000,17.717,1.765
0.1183,0.002053,1.734,0.040,2.11,474,0.023,93.000,31.654,9.231
2.3872,0.013920,0.569,0.400,6.69,4306,0.703,209.000,18.657,3.390
0.1843,0.002814,1.524,0.040,2.50,679,0.026,281.000,24.914,2.459
0.1932,0.002566,1.326,0.120,2.41,748,0.091,353.000,13.237,2.419
2.1915,0.015030,0.671,0.360,4.45,4028,0.537,153.000,15.238,2.825
0.8151,0.009005,1.096,0.120,3.00,2049,0.109,229.000,17.159,2.222
1.0800,0.013162,1.206,0.260,3.62,1547,0.216,145.000,22.949,4.167
0.5584,0.006542,1.165,0.080,2.81,1311,0.069,313.000,11.348,2.174
0.2164,0.004142,1.910,0.020,2.29,644,0.010,193.000,37.381,4.651
0.1706,0.004897,2.865,0.040,2.18,296,0.014,161.000,56.982,16.832
0.3871,0.004938,1.271,0.060,2.61,1204,0.047,225.000,11.858,2.083
0.1806,0.003890,2.150,0.040,2.08,451,0.019,145.000,43.500,4.082
0.8578,0.009135,1.056,0.160,2.82,2247,0.151,209.000,8.697,0.917
0.3535,0.004570,1.288,0.060,2.19,1392,0.047,161.000,32.779,5.882
1.0097,0.011485,1.126,0.360,4.58,2206,0.320,217.000,12.399,3.704
0.9764,0.011383,1.155,0.320,4.45,2182,0.277,217.000,12.399,3.704
0.9745,0.011382,1.157,0.340,4.47,2165,0.294,217.000,12.399,3.704
1.0146,0.011384,1.111,0.360,4.64,2186,0.324,217.000,12.399,3.704
0.9785,0.011235,1.137,0.340,4.49,2223,0.299,217.000,12.399,3.704
0.9837,0.011414,1.149,0.340,4.49,2199,0.296,217.000,12.399,3.704
0.9975,0.011460,1.138,0.340,4.48,2226,0.299,217.000,12.399,3.704
0.9632,0.011141,1.146,0.340,4.48,2194,0.297,217.000,12.399,3.704
0.9960,0.011553,1.149,0.320,4.46,2205,0.279,217.000,12.399,3.704
0.9663,0.011202,1.148,0.320,4.46,2212,0.279,217.000,12.399,3.704
0.9984,0.011379,1.129,0.360,4.54,2221,0.319,217.000,12.399,3.704
1.0005,0.011470,1.135,0.340,4.54,2188,0.300,217.000,12.399,3.704
0.9703,0.011212,1.145,0.360,4.51,2216,0.315,217.000,12.399,3.704
0.0533,0.002029,3.807,0.080,3.03,125,0.021,217.000,66.510,12.938
1.2780,0.010890,0.842,0.300,4.12,2884,0.356,233.000,16.490,2.703
1.0288,0.009525,0.916,0.140,2.32,2553,0.153,25.000,28.829,2.564
0.2422,0.003836,1.580,0.020,2.03,642,0.013,265.000,25.009,4.762
0.2406,0.003429,1.422,0.0001,2.01,866,0.0001,199.000,23.736,4.167
0.1370,0.002239,1.632,0.0001,2.70,493,0.0001,325.000,26.411,4.762
0.1294,0.002127,1.642,0.0001,2.66,544,0.0001,325.000,26.411,4.762
0.1508,0.002105,1.394,0.0001,1.89,605,0.0001,177.000,23.651,4.167
0.4737,0.005489,1.154,0.100,2.89,1383,0.087,249.000,14.014,2.083
0.2838,0.004342,1.526,0.040,2.08,997,0.026,185.000,29.706,2.381
0.5249,0.006887,1.306,0.040,2.56,1437,0.031,145.000,20.721,2.273
0.6214,0.008319,1.331,0.080,2.37,1538,0.060,105.000,19.055,2.174
1.0683,0.010905,1.010,0.180,2.70,2562,0.178,153.000,25.614,2.564
0.4289,0.007214,1.675,0.200,2.60,1389,0.119,129.000,41.979,7.143
0.8951,0.009186,1.017,0.220,3.21,2070,0.216,273.000,12.921,4.688
0.1437,0.002101,1.460,0.0001,2.61,408,0.0001,301.000,13.919,2.521
0.4293,0.005173,1.200,0.160,3.98,1031,0.133,100.000,19.663,2.857
0.1306,0.001745,1.335,0.060,1.91,671,0.045,169.000,17.597,2.439
1.4658,0.012269,0.825,0.240,3.76,3283,0.291,445.000,10.475,2.222
0.8663,0.009850,1.127,0.180,3.58,2179,0.160,241.000,27.307,2.326
0.5186,0.010317,1.979,0.060,2.48,889,0.030,49.000,32.922,7.143
1.7803,0.013180,0.727,0.200,6.07,3424,0.275,233.000,16.103,2.703
0.2749,0.003537,1.283,0.060,2.53,825,0.047,161.000,18.079,1.575
0.5255,0.006191,1.173,0.040,3.25,1316,0.034,417.000,15.599,1.408
0.6082,0.006797,1.111,0.080,3.14,1626,0.072,289.000,16.958,1.220
0.2793,0.004489,1.603,0.0001,2.48,787,0.0001,121.000,31.002,2.222
0.8691,0.008994,1.026,0.080,2.91,2404,0.078,209.000,8.697,0.917
0.4801,0.006583,1.365,0.100,2.36,1103,0.073,433.000,35.888,5.357
0.6303,0.008111,1.279,0.100,2.51,1453,0.078,433.000,35.888,5.357
0.2414,0.004105,1.697,0.100,2.32,845,0.059,433.000,48.107,5.357
0.3077,0.004999,1.620,0.020,2.48,1077,0.012,433.000,48.107,5.357
0.2956,0.004762,1.607,0.120,2.44,1047,0.075,433.000,48.107,5.357
0.2106,0.003089,1.464,0.040,2.23,676,0.027,165.000,14.659,2.410
0.2402,0.003944,1.639,0.080,2.48,549,0.049,289.000,18.882,3.846
0.1829,0.004317,2.356,0.060,2.56,567,0.025,265.000,23.739,8.621
0.7520,0.009692,1.279,0.240,5.14,1659,0.188,217.000,12.399,3.704
0.0919,0.001623,1.765,0.020,2.47,417,0.011,169.000,27.510,2.469
0.0822,0.001475,1.793,0.020,2.57,421,0.011,169.000,28.346,2.469
0.0847,0.001524,1.797,0.020,2.65,423,0.011,169.000,28.562,2.469
0.5683,0.006504,1.138,0.180,3.48,1308,0.158,377.000,14.951,2.527
1.2077,0.011468,0.938,0.340,3.31,2781,0.362,169.000,25.464,5.085
1.0846,0.010671,0.973,0.300,3.32,2614,0.308,169.000,24.570,4.615
0.5545,0.006454,1.158,0.120,2.78,1700,0.104,233.000,21.266,3.797
0.4512,0.005458,1.205,0.140,3.06,1406,0.116,249.000,20.130,3.448
0.1452,0.002427,1.669,0.120,2.13,444,0.072,337.000,24.570,4.615
0.1557,0.002877,1.846,0.020,1.99,499,0.011,257.000,22.217,5.000
0.1746,0.003907,2.235,0.0001,2.32,370,0.0001,321.000,40.523,3.333
0.2581,0.004204,1.625,0.040,2.28,746,0.025,313.000,29.451,6.087
0.1805,0.003021,1.671,0.100,1.96,549,0.060,337.000,25.464,5.085
0.4765,0.005937,1.240,0.080,2.64,1567,0.064,233.000,21.266,3.797
0.2392,0.003293,1.374,0.040,2.74,911,0.029,249.000,20.130,3.448
1.0734,0.009694,0.894,0.180,5.47,2872,0.201,493.000,13.221,2.174
0.4331,0.006011,1.382,0.180,2.83,1209,0.130,169.000,17.030,3.448
1.5308,0.012340,0.794,0.300,7.10,3006,0.378,265.000,16.537,3.642
0.2020,0.002746,1.357,0.0001,3.16,690,0.0001,177.000,22.182,3.306
0.3399,0.004380,1.285,0.060,3.13,1134,0.047,261.000,23.739,1.667
0.3645,0.004718,1.290,0.080,3.18,1109,0.062,261.000,24.364,1.667
0.3462,0.004449,1.281,0.060,3.15,1106,0.047,261.000,23.548,1.667
0.3495,0.004572,1.304,0.060,3.10,1112,0.046,261.000,24.559,1.667
0.4143,0.004707,1.132,0.100,2.58,1433,0.088,253.000,13.464,1.923
0.4308,0.004872,1.126,0.100,2.59,1458,0.089,253.000,13.464,1.923
0.5761,0.006958,1.201,0.040,2.30,1247,0.033,321.000,20.843,4.762
0.2252,0.003677,1.629,0.040,3.45,509,0.025,157.000,23.055,3.390
0.8216,0.010453,1.262,0.100,3.44,1562,0.079,325.000,31.655,4.255
0.9259,0.010614,1.136,0.200,4.13,1916,0.176,163.000,32.194,4.255
0.5115,0.007544,1.468,0.060,3.52,1014,0.041,157.000,25.819,3.670
0.9163,0.010855,1.174,0.200,3.98,1818,0.170,163.000,32.194,4.255
0.9412,0.010916,1.149,0.240,4.13,1858,0.209,163.000,32.194,4.255
0.3954,0.005917,1.491,0.140,2.23,1110,0.094,97.000,30.820,2.941
0.5043,0.007749,1.529,0.100,3.67,849,0.065,155.000,26.377,3.509
0.6065,0.008481,1.390,0.100,4.25,1082,0.072,139.000,28.767,3.670
0.3824,0.006227,1.622,0.100,3.74,799,0.062,149.000,34.803,2.727
0.5070,0.006094,1.196,0.140,3.35,1336,0.117,361.000,14.523,2.290
0.4288,0.005763,1.339,0.060,3.04,885,0.045,129.000,20.917,2.439
0.5834,0.008405,1.433,0.100,3.02,1403,0.070,289.000,39.154,5.660
0.4681,0.007236,1.539,0.080,3.36,1085,0.052,181.000,35.362,9.091
0.5246,0.006940,1.316,0.120,3.50,1281,0.091,193.000,25.782,2.667
0.2432,0.003674,1.508,0.080,2.41,673,0.053,273.000,28.524,2.427
0.7098,0.008359,1.169,0.120,2.63,2251,0.103,177.000,30.348,6.250
0.7315,0.007840,1.064,0.220,8.07,1577,0.207,241.000,16.928,1.351
0.8580,0.008184,0.946,0.200,8.42,1514,0.211,241.000,5.528,1.333
0.8875,0.008770,0.980,0.240,8.42,1790,0.245,241.000,11.586,1.351
0.7573,0.007653,1.003,0.320,7.64,1594,0.319,433.000,5.197,1.227
0.3075,0.003870,1.255,0.020,2.16,706,0.016,409.000,9.030,1.408
0.2528,0.003157,1.246,0.040,2.44,730,0.032,385.000,8.801,1.299
0.6271,0.006158,0.976,0.060,3.31,1943,0.061,349.000,7.803,1.111
0.6220,0.007181,1.148,0.300,3.24,1472,0.261,257.000,13.646,2.222
0.8786,0.010645,1.201,0.320,4.18,2085,0.266,217.000,12.399,3.704
0.0546,0.000984,1.802,0.0001,1.96,385,0.0001,61.000,34.860,4.615
0.4200,0.007544,1.789,0.040,2.36,1059,0.022,209.000,38.473,4.762
0.2405,0.003674,1.524,0.040,2.40,764,0.026,193.000,13.088,1.754
0.2149,0.003471,1.612,0.080,2.45,724,0.050,193.000,19.180,1.754
0.3829,0.004837,1.259,0.080,2.62,1071,0.064,121.000,18.788,1.429
1.0018,0.010675,1.055,0.160,3.64,2112,0.152,169.000,22.124,2.083
0.7805,0.009284,1.180,0.200,2.75,2436,0.169,145.000,32.199,3.704
0.1545,0.002888,1.867,0.040,2.29,402,0.021,205.000,32.259,3.896
0.1615,0.002675,1.654,0.040,2.50,423,0.024,145.000,25.570,4.494
0.4989,0.006127,1.222,0.080,2.59,1389,0.065,153.000,17.565,3.226
1.0925,0.012330,1.116,0.160,5.05,1932,0.143,145.000,14.736,5.455
3.1059,0.014555,0.454,0.500,10.92,4726,1.101,361.000,15.071,2.381
1.4204,0.012522,0.869,0.400,6.93,2878,0.460,313.000,22.329,4.317
0.2676,0.003670,1.369,0.040,2.33,957,0.029,281.000,14.291,2.326
0.2777,0.003744,1.345,0.020,2.22,836,0.015,337.000,14.059,2.521
1.8762,0.016019,0.838,0.540,5.54,2459,0.645,69.000,34.402,12.500
1.3065,0.013129,0.992,0.340,5.03,2699,0.343,235.000,26.198,5.882
2.3804,0.014528,0.596,0.400,7.51,3617,0.671,145.000,33.981,7.547
2.3368,0.014258,0.596,0.400,7.52,3617,0.671,145.000,33.981,7.547
0.2935,0.004322,1.469,0.060,2.33,726,0.041,353.000,23.042,2.326
0.2061,0.003607,1.748,0.040,2.01,423,0.023,237.000,29.855,7.263
0.5522,0.009098,1.639,0.160,3.04,1203,0.098,241.000,41.610,5.000
0.6707,0.011165,1.654,0.100,3.46,1171,0.060,241.000,43.976,5.263
0.5265,0.008777,1.659,0.160,3.04,1181,0.096,241.000,42.151,5.000
0.5154,0.008806,1.700,0.060,3.02,1219,0.035,241.000,42.857,5.000
0.5323,0.009101,1.701,0.160,3.03,1141,0.094,241.000,42.857,5.000
0.5353,0.009366,1.740,0.060,3.01,1191,0.034,241.000,43.693,5.000
0.5230,0.006205,1.181,0.140,3.06,1290,0.119,305.000,19.538,1.695
0.2525,0.003849,1.521,0.040,2.00,696,0.026,329.000,25.501,2.778
0.0892,0.002364,2.648,0.020,2.01,291,0.008,169.000,46.856,4.902
0.1411,0.003012,2.132,0.060,2.26,491,0.028,221.000,40.592,3.061
0.8771,0.009298,1.051,0.100,3.57,2007,0.095,201.000,18.244,5.556
2.3658,0.014334,0.592,0.400,7.54,3649,0.676,145.000,33.981,7.547
2.4176,0.014601,0.589,0.400,7.55,3671,0.679,145.000,33.981,7.547
2.4159,0.014574,0.589,0.400,7.56,3676,0.679,145.000,33.981,7.547
0.6027,0.009519,1.570,0.240,5.14,1120,0.153,289.000,33.078,5.505
0.6483,0.010322,1.582,0.260,5.23,1095,0.164,271.000,32.980,5.217
0.2257,0.004166,1.842,0.020,2.05,525,0.011,289.000,29.176,8.000
0.2373,0.004279,1.799,0.060,2.05,484,0.033,289.000,27.747,8.000
0.8355,0.008718,1.035,0.140,3.23,1987,0.135,313.000,15.970,2.804
1.6791,0.013167,0.771,0.360,3.98,3842,0.467,181.000,20.795,4.000
0.6787,0.007383,1.081,0.080,3.91,1453,0.074,369.000,10.485,1.538
0.2906,0.003857,1.324,0.060,2.09,698,0.045,217.000,12.782,2.151
0.3097,0.003963,1.276,0.080,2.77,870,0.063,217.000,13.985,2.151
0.2805,0.004086,1.453,0.040,2.76,708,0.028,481.000,16.821,3.093
0.8194,0.008229,0.996,0.200,3.12,2158,0.201,209.000,15.537,1.449
0.3465,0.004720,1.358,0.020,2.40,846,0.015,235.000,14.292,2.655
0.3507,0.004807,1.366,0.060,2.46,859,0.044,235.000,14.269,2.703
0.3238,0.004337,1.336,0.0001,2.49,852,0.0001,229.000,14.269,2.609
0.5664,0.006980,1.226,0.140,2.71,1644,0.114,321.000,25.406,4.167
0.9815,0.009054,0.914,0.220,4.53,2367,0.241,281.000,14.228,2.128
0.7485,0.008525,1.131,0.200,4.53,1713,0.177,121.000,26.898,5.556
0.1380,0.001949,1.410,0.020,2.15,673,0.014,161.000,26.737,5.000
0.0527,0.000858,1.628,0.020,1.69,389,0.012,161.000,26.737,5.000
1.0252,0.008693,0.840,0.300,4.59,2144,0.357,165.000,9.494,1.282
1.6345,0.014228,0.856,0.280,4.91,3055,0.327,217.000,25.642,5.769
1.5197,0.013894,0.900,0.280,4.68,2950,0.311,217.000,24.607,5.769
0.4266,0.006429,1.501,0.080,2.93,1007,0.053,334.000,24.862,5.128
0.4173,0.005140,1.227,0.060,2.09,1368,0.049,301.000,16.351,2.941
0.5287,0.006302,1.186,0.120,2.30,1462,0.101,301.000,14.732,2.857
1.7014,0.020670,1.194,0.420,5.72,1587,0.352,190.000,37.697,11.111
1.6782,0.020378,1.194,0.400,5.73,1545,0.335,190.000,37.697,11.111
0.3364,0.003993,1.184,0.080,3.46,1111,0.068,329.000,11.439,1.695
0.3003,0.004459,1.481,0.080,2.42,838,0.054,313.000,24.889,3.030
0.6535,0.007994,1.215,0.080,2.58,1823,0.066,353.000,29.262,6.061
0.1305,0.002204,1.687,0.020,2.19,491,0.012,225.000,29.106,6.024
0.4286,0.005835,1.356,0.060,2.52,1118,0.044,137.000,21.689,3.896
0.2861,0.004344,1.514,0.040,2.28,799,0.026,313.000,24.889,3.030
2.6679,0.014102,0.515,0.500,6.60,4916,0.971,379.000,19.008,3.019
4.3057,0.015023,0.334,0.600,8.60,5588,1.796,451.000,17.071,2.556
4.5319,0.015486,0.326,0.640,9.26,5126,1.961,595.000,17.483,2.768
1.0369,0.013758,1.313,0.280,4.97,1522,0.213,190.000,34.184,10.000
0.5332,0.006283,1.173,0.200,2.94,1448,0.171,397.000,14.246,2.116
0.4131,0.005698,1.374,0.080,2.74,1243,0.058,241.000,27.811,3.333
0.4300,0.005909,1.369,0.120,3.04,1391,0.088,153.000,31.535,3.876
0.7277,0.008196,1.119,0.080,3.31,1881,0.072,241.000,13.839,2.381
0.7828,0.008918,1.131,0.040,2.91,1986,0.035,241.000,19.112,3.488
3.0606,0.015111,0.479,0.600,7.23,4518,1.253,649.000,17.193,3.125
0.2800,0.004382,1.561,0.060,2.13,507,0.038,337.000,18.303,3.636
0.2488,0.003599,1.444,0.020,2.50,578,0.014,449.000,16.021,2.703
0.2790,0.004174,1.492,0.080,2.64,909,0.054,305.000,34.362,2.941
1.1072,0.013224,1.181,0.280,3.10,2206,0.237,289.000,31.472,4.762
1.7299,0.013526,0.769,0.360,5.02,3517,0.468,353.000,19.132,3.030
1.5933,0.013648,0.843,0.320,5.05,3146,0.380,353.000,26.534,4.950
1.4859,0.012225,0.811,0.340,5.15,3476,0.419,353.000,19.009,3.000
0.2129,0.003721,1.745,0.0001,2.57,665,0.0001,289.000,35.098,3.704
0.2141,0.003772,1.758,0.040,2.57,669,0.023,289.000,35.340,3.704
1.2235,0.011994,0.969,0.280,5.01,2820,0.289,505.000,21.969,5.455
0.7746,0.008898,1.140,0.140,3.38,1758,0.123,179.000,10.654,1.156
0.9850,0.009749,0.980,0.160,4.21,2274,0.163,197.000,13.649,1.351
1.1130,0.010898,0.969,0.220,4.51,2166,0.227,393.000,13.649,1.351
0.9193,0.009149,0.986,0.140,3.64,2393,0.142,197.000,13.649,1.351
0.7162,0.007786,1.080,0.200,3.43,1784,0.185,203.000,12.530,1.117
0.3714,0.005046,1.354,0.040,1.93,849,0.030,225.000,15.811,2.564
0.6655,0.006463,0.965,0.100,2.76,2629,0.104,129.000,16.735,2.273
0.1200,0.002377,1.978,0.040,1.91,357,0.020,305.000,34.301,3.448
0.1541,0.002533,1.641,0.080,2.20,340,0.049,217.000,25.674,2.151
0.1822,0.002916,1.598,0.040,2.24,573,0.025,361.000,23.197,1.852
0.1599,0.002497,1.560,0.080,2.31,548,0.051,425.000,20.785,1.562
0.4916,0.008966,1.815,0.280,4.30,914,0.154,229.000,51.993,17.143
0.3204,0.006828,2.124,0.120,2.81,619,0.056,361.000,55.463,16.000
0.1445,0.001970,1.362,0.0001,2.28,455,0.0001,225.000,10.389,1.471
0.6454,0.009365,1.442,0.080,3.44,1356,0.055,225.000,35.647,8.571
0.3828,0.006398,1.665,0.180,2.54,984,0.108,225.000,35.647,8.571
0.2552,0.004648,1.817,0.040,2.11,731,0.022,225.000,35.647,8.571
3.4892,0.015312,0.424,0.340,7.48,4812,0.802,305.000,16.326,2.762
0.4628,0.005753,1.238,0.120,4.68,813,0.097,280.000,13.985,2.128
0.3311,0.006124,1.843,0.040,2.17,656,0.022,205.000,30.432,7.500
0.2806,0.005908,2.100,0.100,3.08,614,0.048,235.000,42.470,5.882
0.1205,0.002113,1.751,0.060,2.00,460,0.034,297.000,25.797,2.083
0.1357,0.002345,1.727,0.040,2.02,455,0.023,297.000,24.949,2.083
0.1281,0.002250,1.755,0.060,1.99,450,0.034,297.000,25.595,2.083
0.0872,0.002925,3.350,0.060,2.97,294,0.018,82.000,65.497,11.538
1.0641,0.010885,1.012,0.140,3.02,2531,0.138,217.000,12.933,2.273
2.2264,0.014067,0.618,0.400,5.06,4708,0.647,117.000,20.279,3.509
2.1705,0.013542,0.610,0.320,5.14,4897,0.524,117.000,20.279,3.509
0.2594,0.003870,1.488,0.0001,2.29,572,0.0001,325.000,15.838,4.545
0.2754,0.006276,2.273,0.100,3.02,542,0.044,235.000,44.825,5.882
0.2709,0.006032,2.220,0.080,3.04,556,0.036,235.000,43.984,5.882
0.2732,0.005930,2.165,0.100,3.06,584,0.046,235.000,43.274,5.882
0.0759,0.002571,3.382,0.080,2.92,303,0.024,82.000,65.647,11.538
0.0870,0.002921,3.356,0.040,2.92,317,0.012,82.000,65.599,11.538
0.2748,0.004543,1.649,0.100,2.77,593,0.061,321.000,22.367,3.333
0.4520,0.007689,1.693,0.180,2.70,1191,0.106,109.000,43.909,5.556
3.2456,0.016315,0.487,0.520,14.60,3435,1.069,199.000,25.344,3.529
0.2790,0.005022,1.795,0.100,2.22,761,0.056,137.000,26.043,6.000
0.1270,0.001902,1.495,0.0001,2.05,489,0.0001,289.000,18.887,3.636
0.5657,0.006583,1.158,0.040,3.08,1230,0.035,273.000,12.950,2.128
0.2588,0.004280,1.650,0.100,2.78,588,0.061,321.000,22.367,3.333
0.2961,0.006318,2.128,0.120,3.07,589,0.056,235.000,42.729,5.882
0.2956,0.006225,2.100,0.120,3.08,593,0.057,235.000,42.470,5.882
0.2969,0.006120,2.055,0.120,3.10,610,0.058,235.000,41.636,5.882
0.2989,0.004441,1.482,0.040,2.75,722,0.027,233.000,24.188,2.479
0.6257,0.008342,1.325,0.160,2.47,2056,0.121,145.000,33.168,7.143
0.9522,0.008672,0.902,0.080,3.08,2642,0.089,217.000,7.937,1.136
1.3249,0.011166,0.832,0.280,7.98,2293,0.337,469.000,15.665,2.469
2.6848,0.013867,0.503,0.440,7.27,4203,0.875,133.000,24.311,4.211
0.7309,0.008108,1.102,0.100,2.87,1987,0.091,193.000,16.787,2.703
0.7666,0.008388,1.086,0.180,2.84,1946,0.166,193.000,15.386,2.703
0.7519,0.008888,1.173,0.180,3.54,1733,0.153,149.000,27.474,5.882
0.3568,0.004824,1.347,0.060,3.00,848,0.045,289.000,12.439,2.222
0.1700,0.003087,1.812,0.020,2.16,471,0.011,289.000,30.070,4.762
0.1555,0.002887,1.854,0.020,2.15,441,0.011,289.000,30.657,4.762
0.1593,0.002974,1.864,0.020,2.15,444,0.011,289.000,30.955,4.762
0.1493,0.002803,1.875,0.020,2.15,430,0.011,289.000,31.347,4.762
0.1897,0.002985,1.571,0.060,2.26,621,0.038,265.000,23.394,3.846
0.2145,0.003287,1.530,0.060,2.36,648,0.039,265.000,23.394,3.846
0.2184,0.003371,1.541,0.060,2.36,627,0.039,265.000,23.394,3.846
0.2359,0.003497,1.479,0.040,2.48,661,0.027,177.000,22.247,3.448
0.2282,0.003322,1.453,0.060,2.48,672,0.041,177.000,22.247,3.448
0.3323,0.004634,1.391,0.080,2.76,870,0.058,177.000,22.247,3.448
0.4894,0.005887,1.198,0.080,2.67,1235,0.067,273.000,12.950,2.128
0.2356,0.007031,2.978,0.220,3.37,687,0.074,97.000,68.526,12.000
0.4320,0.006639,1.530,0.020,1.86,902,0.013,82.000,32.003,7.692
0.2287,0.003796,1.657,0.080,2.66,624,0.048,181.000,13.734,2.778
0.2525,0.003854,1.523,0.040,2.59,727,0.026,181.000,15.287,2.778
0.8656,0.009960,1.141,0.240,3.09,2170,0.210,321.000,29.678,3.448
1.5967,0.013330,0.822,0.420,4.18,3874,0.511,157.000,22.728,4.444
0.8610,0.009618,1.108,0.280,2.73,2658,0.253,205.000,29.706,6.122
0.7922,0.009182,1.150,0.180,2.69,2457,0.157,205.000,29.706,6.122
0.9117,0.009762,1.061,0.180,2.97,2744,0.170,137.000,29.706,6.122
0.9220,0.010143,1.090,0.280,2.80,2644,0.257,137.000,29.706,6.122
0.0618,0.001080,1.747,0.0001,1.67,654,0.0001,307.000,29.706,6.122
0.0512,0.000897,1.754,0.0001,1.66,618,0.0001,307.000,29.706,6.122
0.5659,0.007284,1.280,0.140,3.14,1384,0.109,93.000,24.088,4.545
0.1642,0.003095,1.883,0.0001,2.04,309,0.0001,209.000,27.543,6.977
0.1687,0.002737,1.620,0.0001,2.07,660,0.0001,89.000,25.198,4.082
0.5055,0.006840,1.346,0.140,3.02,1305,0.104,201.000,24.511,5.085
2.6747,0.014819,0.539,0.520,9.26,4164,0.964,397.000,22.859,4.400
2.6196,0.014735,0.548,0.500,9.39,4111,0.912,397.000,22.994,4.400
2.7019,0.014871,0.536,0.400,9.42,4152,0.747,397.000,22.515,4.400
0.7547,0.009868,1.298,0.320,5.37,1391,0.247,177.000,18.703,5.000
0.7772,0.009749,1.245,0.160,2.91,1827,0.129,161.000,29.389,3.226
0.1450,0.001811,1.247,0.040,2.47,565,0.032,237.000,10.952,1.770
0.1250,0.002015,1.610,0.0001,1.66,458,0.0001,321.000,19.316,3.636
0.6100,0.008341,1.359,0.120,4.17,1294,0.088,171.000,29.246,2.500
0.6119,0.008359,1.358,0.320,4.23,1327,0.236,171.000,29.930,2.500
0.9607,0.010256,1.058,0.320,5.68,2142,0.303,1921.000,26.371,5.128
0.5261,0.006128,1.159,0.180,3.60,1003,0.155,305.000,9.096,1.754
0.6784,0.006274,0.919,0.060,2.78,2265,0.065,103.000,12.156,0.690
0.8024,0.007504,0.928,0.120,2.99,2541,0.129,99.000,17.119,1.399
0.7674,0.007971,1.031,0.120,4.19,1942,0.116,241.000,9.845,1.129
1.0873,0.010478,0.953,0.180,3.44,3008,0.189,289.000,26.865,2.222
0.3960,0.004332,1.090,0.060,2.91,1297,0.055,177.000,8.174,1.266
0.1396,0.002730,1.953,0.0001,1.82,354,0.0001,235.000,36.988,4.167
0.4162,0.006320,1.512,0.120,2.70,1146,0.079,273.000,27.496,2.439
1.4024,0.009727,0.684,0.300,7.45,2807,0.438,289.000,7.001,0.800
0.7210,0.008215,1.132,0.120,2.80,1823,0.106,257.000,17.100,3.846
0.2862,0.004648,1.620,0.080,2.22,871,0.049,325.000,32.893,2.778
0.4299,0.006393,1.481,0.080,2.74,1157,0.054,273.000,26.612,2.439
1.1309,0.010354,0.905,0.200,4.82,2909,0.221,181.000,19.259,3.053
0.7473,0.007654,1.017,0.100,2.87,2341,0.098,121.000,17.731,2.667
0.7231,0.007345,1.009,0.180,4.46,1417,0.178,277.000,13.631,1.163
0.8298,0.010751,1.285,0.140,3.11,1560,0.109,161.000,25.457,6.667
0.8570,0.011133,1.288,0.140,3.13,1562,0.109,161.000,25.457,6.667
0.9785,0.011149,1.129,0.180,3.52,2132,0.159,193.000,20.439,1.724
0.3975,0.005065,1.270,0.160,2.85,1151,0.126,337.000,11.397,2.083
0.1240,0.002145,1.727,0.080,1.95,550,0.046,103.000,36.129,3.636
0.6304,0.007985,1.259,0.160,2.68,1674,0.127,233.000,22.933,4.878
0.2287,0.003669,1.601,0.060,1.94,657,0.037,233.000,25.596,5.000
0.5024,0.008887,1.760,0.160,3.01,1172,0.091,241.000,43.963,5.000
0.4639,0.007049,1.513,0.140,3.10,1087,0.093,137.000,31.292,6.780
0.8105,0.009766,1.195,0.140,3.76,1680,0.117,153.000,33.835,6.557
0.7019,0.008695,1.230,0.180,4.12,1706,0.146,157.000,27.765,3.636
0.6722,0.008378,1.238,0.140,4.05,1662,0.113,157.000,27.184,3.636
1.1779,0.010461,0.878,0.240,3.57,2809,0.273,305.000,13.357,2.222
1.7084,0.012441,0.716,0.420,4.26,3475,0.587,161.000,12.683,2.041
1.1425,0.011427,0.989,0.240,3.21,2519,0.243,181.000,18.265,3.448
2.2082,0.014375,0.637,0.400,6.03,3656,0.628,181.000,18.265,3.448
0.1279,0.002403,1.876,0.040,1.92,481,0.021,73.000,38.912,3.922
0.1215,0.002281,1.876,0.020,1.91,569,0.011,81.000,38.963,4.000
0.1252,0.002359,1.881,0.020,1.90,502,0.011,81.000,38.963,4.000
0.1137,0.001993,1.751,0.040,2.09,476,0.023,233.000,30.843,3.614
0.5548,0.007134,1.279,0.160,2.39,1476,0.125,265.000,21.509,3.704
0.7465,0.007855,1.045,0.140,3.41,1793,0.134,445.000,13.635,2.062
0.4206,0.005206,1.233,0.140,2.53,1300,0.114,161.000,21.542,3.125
0.9413,0.012324,1.297,0.180,2.31,2109,0.139,161.000,30.579,4.167
2.2281,0.013958,0.613,0.440,5.69,3913,0.718,257.000,18.385,3.000
0.1022,0.002481,2.424,0.080,1.98,344,0.033,217.000,41.578,5.000
0.6149,0.007069,1.143,0.120,4.63,1262,0.105,1153.000,18.490,2.174
0.7678,0.008975,1.160,0.080,2.67,2276,0.069,193.000,29.616,5.882
0.0958,0.001762,1.839,0.0001,2.17,270,0.0001,469.000,32.258,2.041
1.3284,0.012282,0.913,0.140,4.76,3187,0.153,329.000,22.338,5.357
0.9955,0.009167,0.912,0.220,6.13,2236,0.241,425.000,16.561,2.885
0.2637,0.004673,1.768,0.020,1.85,524,0.011,305.000,26.673,6.122
0.5184,0.005937,1.140,0.040,2.35,732,0.035,73.000,10.245,12.329
0.6472,0.007070,1.086,0.280,4.60,1120,0.258,301.000,7.899,1.282
0.4792,0.005769,1.199,0.080,3.10,1389,0.067,281.000,10.959,1.770
0.5152,0.006572,1.269,0.020,2.34,1455,0.016,241.000,20.337,3.571
0.5983,0.007281,1.210,0.040,2.51,1611,0.033,241.000,20.337,3.571
0.1801,0.003056,1.695,0.040,2.30,744,0.024,133.000,29.264,2.632
0.1793,0.003074,1.712,0.040,2.31,736,0.023,133.000,29.444,2.632
0.1631,0.002856,1.748,0.060,2.27,646,0.034,133.000,29.561,2.632
0.1346,0.002435,1.806,0.060,2.26,622,0.033,133.000,30.931,2.632
0.1532,0.002845,1.854,0.060,2.26,602,0.032,133.000,32.127,2.632
0.3796,0.005543,1.455,0.120,2.47,1185,0.082,209.000,23.987,3.030
0.5545,0.006737,1.208,0.040,2.57,1698,0.033,257.000,19.645,3.226
0.6432,0.007730,1.194,0.140,2.59,1653,0.117,257.000,18.057,3.226
0.0977,0.002070,2.117,0.0001,1.71,499,0.0001,145.000,38.858,4.082
1.2556,0.011421,0.898,0.240,3.77,2582,0.267,209.000,25.119,2.564
0.3665,0.005816,1.581,0.080,2.70,1149,0.051,289.000,34.288,3.774
0.1084,0.001612,1.486,0.020,2.21,455,0.013,289.000,20.627,1.493
0.3212,0.004141,1.285,0.060,2.33,998,0.047,289.000,12.228,1.961
1.2362,0.010506,0.840,0.360,5.69,2155,0.429,157.000,18.022,3.191
0.2861,0.003885,1.355,0.020,2.16,773,0.015,273.000,12.180,1.887
1.1929,0.010667,0.884,0.260,4.56,2507,0.294,257.000,16.878,2.174
1.1059,0.009920,0.887,0.320,4.55,2568,0.361,257.000,16.898,2.162
1.1960,0.010595,0.876,0.340,4.57,2541,0.388,255.000,14.991,1.897
1.1807,0.010398,0.871,0.200,4.56,2592,0.230,255.000,15.008,1.897
0.1276,0.002318,1.816,0.020,2.35,309,0.011,229.000,29.160,3.333
0.0964,0.002543,2.637,0.020,1.94,412,0.008,201.000,53.093,5.263
3.8172,0.014676,0.370,0.680,12.93,4291,1.839,112.000,15.726,3.273
4.2444,0.015523,0.350,0.680,13.23,4322,1.941,115.000,17.105,3.346
0.5118,0.006740,1.310,0.120,3.73,1264,0.092,289.000,29.084,3.226
1.7493,0.012345,0.694,0.440,7.66,3166,0.634,181.000,18.761,2.857
1.0499,0.010126,0.955,0.280,4.30,2216,0.293,217.000,18.985,3.704
0.5187,0.006074,1.165,0.140,2.52,1465,0.120,377.000,14.567,2.362
2.3964,0.014492,0.590,0.380,7.55,3873,0.644,145.000,33.981,7.547
2.4073,0.014579,0.591,0.380,7.54,3858,0.643,145.000,33.981,7.547
2.4066,0.014529,0.589,0.380,7.55,3870,0.645,145.000,33.981,7.547
2.3431,0.014187,0.591,0.380,7.54,3860,0.643,145.000,33.981,7.547
2.4167,0.014659,0.592,0.380,7.53,3851,0.642,145.000,33.981,7.547
2.4465,0.014854,0.592,0.380,7.53,3844,0.641,145.000,33.981,7.547
2.3756,0.014424,0.593,0.380,7.53,3845,0.641,145.000,33.981,7.547
2.4594,0.014984,0.594,0.380,7.52,3816,0.639,145.000,33.981,7.547
2.4091,0.014681,0.595,0.380,7.52,3809,0.639,145.000,33.981,7.547
2.4342,0.014851,0.595,0.380,7.51,3812,0.638,145.000,33.981,7.547
2.4037,0.014668,0.596,0.380,7.51,3803,0.638,145.000,33.981,7.547
2.3957,0.014633,0.596,0.380,7.51,3803,0.637,145.000,33.981,7.547
2.3425,0.014319,0.597,0.380,7.51,3793,0.636,145.000,33.981,7.547
2.4195,0.014811,0.597,0.380,7.50,3793,0.636,145.000,33.981,7.547
2.4139,0.014785,0.598,0.380,7.50,3790,0.636,145.000,33.981,7.547
2.3956,0.014692,0.599,0.380,7.50,3789,0.635,145.000,33.981,7.547
2.3664,0.014507,0.599,0.380,7.50,3792,0.635,145.000,33.981,7.547
0.2704,0.003856,1.423,0.040,2.93,714,0.028,609.000,22.310,2.158
0.1167,0.001827,1.564,0.040,1.89,545,0.026,253.000,19.008,3.448
0.2473,0.003478,1.404,0.040,2.74,627,0.028,245.000,14.636,2.727
0.3663,0.006108,1.662,0.060,2.29,1101,0.036,225.000,32.261,4.478
1.0135,0.009544,0.933,0.260,5.19,1735,0.279,343.000,15.550,1.220
0.9191,0.008796,0.949,0.260,4.99,1739,0.274,343.000,15.550,1.220
0.5895,0.007212,1.217,0.060,2.69,1425,0.049,185.000,12.482,1.235
0.6902,0.007832,1.127,0.100,2.59,1790,0.089,185.000,12.482,1.235
0.5597,0.007021,1.248,0.040,2.42,1359,0.032,185.000,12.482,1.235
0.6204,0.007513,1.204,0.120,2.48,1423,0.100,185.000,12.482,1.235
0.5662,0.006988,1.228,0.100,2.56,1381,0.081,185.000,12.482,1.235
1.1617,0.010327,0.879,0.400,5.23,1997,0.455,157.000,17.761,3.158
0.3485,0.004418,1.264,0.060,2.10,936,0.047,177.000,13.574,2.041
0.5250,0.006103,1.157,0.040,3.00,1478,0.035,313.000,18.114,1.639
0.8020,0.008658,1.071,0.100,2.96,2153,0.093,265.000,10.302,1.667
0.8849,0.008803,0.987,0.260,2.84,2261,0.264,401.000,10.553,1.639
1.0357,0.008783,0.839,0.300,4.77,1990,0.357,193.000,3.795,1.408
0.2121,0.003534,1.663,0.020,3.06,655,0.012,641.000,26.512,2.857
0.5113,0.006004,1.169,0.060,3.35,1289,0.051,393.000,9.684,1.626
0.2730,0.003241,1.185,0.020,2.36,956,0.017,481.000,12.546,0.990
0.5696,0.006288,1.098,0.120,3.57,1448,0.109,393.000,9.121,1.626
0.2370,0.003683,1.551,0.040,3.15,740,0.026,641.000,24.037,2.857
0.2361,0.003726,1.575,0.060,3.12,723,0.038,641.000,24.253,2.857
0.2277,0.003635,1.593,0.040,3.09,687,0.025,641.000,24.611,2.857
0.2328,0.003736,1.601,0.020,3.11,730,0.012,641.000,25.259,2.857
0.2235,0.003633,1.623,0.020,3.08,668,0.012,641.000,25.427,2.857
0.2071,0.003599,1.734,0.040,3.02,612,0.023,641.000,25.975,2.857
1.4648,0.013171,0.886,0.240,4.85,3401,0.271,1537.000,19.174,3.766
1.4516,0.013075,0.888,0.320,4.83,3423,0.360,1537.000,19.174,3.766
0.2125,0.003528,1.658,0.120,3.05,641,0.072,641.000,26.147,2.857
0.3984,0.004409,1.103,0.080,2.42,1337,0.073,185.000,10.807,1.600
0.4003,0.004528,1.127,0.060,2.39,1201,0.053,185.000,10.768,1.600
0.1037,0.002274,2.191,0.0001,1.92,268,0.0001,241.000,33.121,8.571
0.4628,0.005966,1.284,0.040,2.38,1386,0.031,337.000,23.380,5.085
0.2629,0.003413,1.295,0.020,2.62,767,0.015,161.000,14.180,1.099
0.2629,0.003455,1.311,0.0001,2.49,765,0.0001,161.000,14.180,1.099
0.2710,0.003534,1.301,0.120,2.58,767,0.092,161.000,14.180,1.099
0.4093,0.005760,1.402,0.080,2.88,1062,0.057,313.000,21.441,2.247
0.3341,0.005180,1.546,0.060,2.73,934,0.039,457.000,31.471,2.456
0.7108,0.008270,1.156,0.160,3.22,2001,0.138,201.000,26.823,1.613
0.2648,0.004589,1.729,0.100,2.49,788,0.058,401.000,41.297,3.101
1.3290,0.015166,1.126,0.400,5.77,1622,0.355,190.000,36.536,11.111
0.2484,0.005869,2.357,0.080,2.22,425,0.034,289.000,44.048,6.250
0.1246,0.003203,2.568,0.120,2.08,466,0.047,109.000,50.713,10.000
0.5437,0.007311,1.338,0.100,2.31,911,0.075,97.000,12.664,4.167
2.2268,0.013883,0.610,0.580,9.85,2972,0.951,409.000,29.068,5.056
0.1713,0.003645,2.124,0.060,2.15,441,0.028,201.000,41.715,7.353
0.9263,0.009217,0.986,0.300,5.55,1667,0.304,161.000,18.708,2.941
0.9631,0.009478,0.975,0.300,5.58,1753,0.308,161.000,18.708,2.941
1.4456,0.012321,0.840,0.420,4.72,3154,0.500,125.000,26.754,2.083
1.5234,0.012275,0.794,0.380,4.63,2772,0.479,129.000,26.889,2.041
0.8562,0.009618,1.114,0.200,5.70,1766,0.180,169.000,22.588,4.762
0.8953,0.009911,1.097,0.200,5.75,1812,0.182,169.000,22.588,4.762
0.9386,0.010521,1.111,0.300,5.61,1850,0.270,673.000,22.588,4.762
0.9049,0.010260,1.124,0.300,5.59,1811,0.267,673.000,22.588,4.762
0.1902,0.003120,1.638,0.020,1.81,478,0.012,319.000,24.925,5.333
0.0695,0.001747,2.514,0.020,2.24,274,0.008,139.000,30.378,8.333
0.1101,0.002782,2.525,0.060,2.31,337,0.024,139.000,30.378,8.333
1.0214,0.009733,0.944,0.300,4.47,2164,0.318,307.000,14.577,2.326
0.9355,0.009223,0.977,0.220,4.15,2165,0.225,307.000,14.577,2.326
0.9403,0.009232,0.973,0.240,4.22,2185,0.247,307.000,14.577,2.326
0.9341,0.009256,0.982,0.180,4.02,2094,0.183,307.000,14.577,2.326
0.6825,0.008039,1.170,0.120,2.35,1775,0.103,273.000,20.020,2.222
0.5725,0.005686,0.988,0.120,2.89,1756,0.121,161.000,6.185,2.116
0.5537,0.005455,0.980,0.080,3.24,1761,0.082,155.000,10.196,2.312
0.6076,0.008745,1.431,0.140,3.17,1259,0.098,705.000,24.449,1.961
0.3618,0.006159,1.696,0.040,2.87,896,0.024,297.000,34.864,5.051
1.4723,0.012359,0.827,0.220,4.24,3220,0.266,149.000,26.606,5.882
0.7232,0.007899,1.085,0.120,4.31,1461,0.111,173.000,11.519,1.818
0.4470,0.006889,1.534,0.140,4.23,1029,0.091,97.000,35.483,5.747
0.6999,0.007751,1.100,0.160,2.56,2011,0.145,185.000,16.658,2.778
0.2717,0.004263,1.565,0.040,2.35,930,0.026,277.000,27.595,5.263
0.2934,0.005088,1.729,0.080,2.69,806,0.046,305.000,35.521,5.172
0.4127,0.005007,1.209,0.040,2.52,928,0.033,241.000,13.577,1.923
0.2049,0.003449,1.680,0.0001,1.87,321,0.0001,49.000,22.157,6.122
0.1391,0.002483,1.783,0.080,2.38,373,0.045,321.000,30.982,6.173
0.1704,0.002773,1.624,0.0001,3.52,682,0.0001,145.000,29.688,4.950
0.1960,0.003173,1.616,0.080,3.55,647,0.050,145.000,29.688,4.950
0.4592,0.008253,1.789,0.160,4.40,703,0.089,73.000,27.737,4.545
0.2106,0.002824,1.339,0.020,2.39,599,0.015,369.000,10.761,1.562
0.4334,0.006266,1.440,0.080,2.83,1289,0.056,73.000,36.766,3.333
0.4558,0.006487,1.417,0.100,2.86,1349,0.071,73.000,36.766,3.333
0.2784,0.004206,1.507,0.040,2.52,736,0.027,241.000,17.414,4.000
0.1400,0.002189,1.562,0.0001,2.19,541,0.0001,257.000,16.724,3.704
0.1295,0.002043,1.576,0.020,1.82,420,0.013,241.000,16.673,3.571
0.1304,0.001956,1.498,0.0001,2.32,578,0.0001,241.000,17.035,3.774
0.8391,0.013950,1.648,0.040,2.19,1019,0.024,1.000,29.120,9.091
0.1809,0.002940,1.623,0.040,3.81,367,0.025,517.000,16.199,1.765
0.3735,0.004013,1.071,0.060,2.58,1216,0.056,121.000,9.292,1.163
0.1066,0.002331,2.184,0.020,1.89,418,0.009,193.000,41.183,5.882
0.3359,0.004228,1.255,0.100,3.78,818,0.080,568.000,11.124,2.041
0.7957,0.008924,1.113,0.140,4.25,1698,0.126,379.000,11.124,2.041
0.3096,0.003988,1.285,0.020,3.72,785,0.016,568.000,11.124,2.041
0.7544,0.008716,1.147,0.100,4.22,1575,0.087,379.000,11.124,2.041
1.5097,0.012858,0.839,0.340,3.58,3438,0.405,181.000,18.935,3.448
0.3561,0.005542,1.551,0.080,4.26,819,0.052,97.000,35.874,5.618
0.4859,0.005764,1.181,0.120,3.31,1491,0.102,201.000,20.210,3.077
0.2395,0.003416,1.423,0.060,2.62,761,0.042,337.000,24.041,2.299
2.2279,0.013208,0.580,0.320,5.18,4471,0.552,161.000,19.488,3.509
0.7912,0.008506,1.067,0.260,2.94,2072,0.244,321.000,21.486,3.650
0.1513,0.002246,1.483,0.0001,2.40,489,0.0001,321.000,23.611,2.198
0.2511,0.003652,1.451,0.040,2.95,765,0.028,401.000,22.855,2.362
0.2556,0.003708,1.448,0.120,3.20,876,0.083,353.000,24.027,2.479
0.0966,0.001323,1.368,0.020,2.02,498,0.015,175.000,10.017,1.613
0.1016,0.001378,1.355,0.020,1.95,509,0.015,175.000,10.054,1.613
0.2291,0.004286,1.867,0.060,2.62,617,0.032,271.000,35.192,5.263
0.7179,0.009402,1.300,0.060,2.84,1108,0.046,161.000,31.793,10.345
0.4855,0.005549,1.138,0.080,3.33,1452,0.070,157.000,21.018,3.311
0.1543,0.002525,1.634,0.0001,1.70,693,0.0001,161.000,18.712,5.000
0.6149,0.011280,1.823,0.240,3.81,1104,0.132,73.000,56.425,14.679
0.3636,0.005086,1.394,0.080,2.77,853,0.057,289.000,22.247,3.704
0.3008,0.003865,1.282,0.120,2.90,1056,0.094,209.000,19.452,2.857
0.3923,0.005520,1.402,0.100,3.16,893,0.071,337.000,20.791,3.509
0.4620,0.006098,1.314,0.080,3.29,1573,0.061,305.000,30.261,3.704
0.3192,0.004621,1.443,0.060,2.70,942,0.042,417.000,25.931,2.778
0.3622,0.005567,1.531,0.040,2.80,1093,0.026,169.000,32.008,4.762
0.9367,0.008949,0.947,0.220,5.71,1935,0.232,49.000,27.996,3.448
0.9386,0.008760,0.925,0.220,5.75,2093,0.238,121.000,28.740,4.348
0.9308,0.008681,0.924,0.220,5.73,2082,0.238,121.000,28.740,4.348
0.9669,0.008926,0.914,0.220,5.72,2172,0.241,121.000,28.740,4.348
0.8945,0.008420,0.933,0.240,5.70,2091,0.257,121.000,28.740,4.348
0.3089,0.005994,1.935,0.040,3.59,607,0.021,97.000,38.753,4.950
0.3382,0.006284,1.852,0.040,3.65,640,0.022,97.000,37.505,4.950
0.3434,0.006337,1.840,0.040,3.68,654,0.022,97.000,38.098,4.950
0.6105,0.008276,1.348,0.140,3.22,1336,0.104,337.000,30.830,6.452
0.4051,0.008034,1.976,0.080,2.07,401,0.040,1.000,29.120,9.091
0.4032,0.008070,1.994,0.020,2.12,425,0.010,1.000,29.120,9.091
0.2872,0.004067,1.412,0.080,2.91,784,0.057,189.000,24.257,2.885
0.2852,0.004071,1.424,0.080,2.91,741,0.056,189.000,24.029,2.885
0.6228,0.008455,1.350,0.160,2.63,1371,0.119,289.000,32.103,3.704
1.5827,0.013532,0.842,0.280,5.69,3529,0.333,505.000,24.767,5.556
0.6048,0.007055,1.160,0.280,2.64,1993,0.241,113.000,28.172,2.857
0.6650,0.009120,1.363,0.160,2.73,1376,0.117,289.000,32.646,3.704
0.3092,0.004300,1.387,0.080,2.95,791,0.058,189.000,23.479,2.885
0.2997,0.004199,1.397,0.080,2.94,781,0.057,189.000,23.582,2.885
0.2868,0.004060,1.412,0.040,2.90,743,0.028,189.000,23.922,2.885
0.2171,0.003398,1.562,0.100,2.76,582,0.064,193.000,26.300,3.448
1.2125,0.010378,0.846,0.300,4.32,2743,0.355,125.000,14.417,2.273
0.2577,0.004030,1.560,0.060,2.53,608,0.038,321.000,11.644,3.333
0.2505,0.004576,1.822,0.140,2.66,853,0.077,145.000,51.378,4.000
0.3597,0.006260,1.735,0.0001,1.81,613,0.0001,73.000,36.317,4.167
1.0867,0.013179,1.200,0.180,3.88,1596,0.150,273.000,22.427,5.263
0.9575,0.010487,1.085,0.340,3.29,2449,0.313,209.000,26.751,5.882
0.3183,0.004487,1.405,0.060,2.46,1082,0.043,97.000,26.749,4.878
0.8601,0.009183,1.059,0.240,2.81,2374,0.227,97.000,26.749,4.878
0.2882,0.004200,1.454,0.180,2.59,961,0.124,97.000,26.749,4.878
0.4753,0.006300,1.319,0.080,3.11,1085,0.061,244.000,21.197,3.636
2.6307,0.014453,0.535,0.540,6.62,4349,1.009,163.000,22.356,4.545
2.6830,0.014786,0.536,0.520,6.72,4297,0.970,163.000,22.356,4.545
0.5094,0.006898,1.348,0.080,3.10,1100,0.059,244.000,21.129,3.636
0.9288,0.010478,1.118,0.180,3.22,2163,0.161,289.000,20.730,4.762
0.1078,0.002404,2.228,0.0001,1.69,339,0.0001,241.000,48.870,10.448
0.1036,0.002279,2.199,0.0001,1.71,340,0.0001,241.000,48.754,10.448
0.8393,0.009084,1.074,0.220,4.92,1877,0.205,305.000,12.172,0.917
1.0149,0.009316,0.909,0.180,3.66,2450,0.198,233.000,15.438,2.273
0.1734,0.002899,1.669,0.040,2.06,391,0.024,253.000,8.712,1.695
1.0185,0.010638,1.034,0.160,3.02,1999,0.155,313.000,7.391,2.778
1.0110,0.010672,1.045,0.140,3.09,2033,0.134,313.000,7.391,2.778
0.9990,0.010594,1.050,0.100,3.02,2012,0.095,313.000,7.391,2.778
3.4421,0.016032,0.450,0.380,10.39,4313,0.845,313.000,16.167,3.390
3.4522,0.016101,0.450,0.480,10.40,4378,1.066,313.000,16.167,3.390
0.2734,0.004621,1.686,0.020,2.37,758,0.012,189.000,27.389,6.098
0.2294,0.003963,1.724,0.0001,2.22,586,0.0001,205.000,25.827,5.319
0.3594,0.004362,1.210,0.020,2.47,1009,0.017,225.000,14.642,2.062
1.0722,0.011145,1.028,0.260,4.75,2481,0.253,253.000,22.985,4.938
0.1338,0.002069,1.545,0.020,2.19,389,0.013,273.000,20.200,4.545
0.2890,0.004160,1.435,0.080,4.27,908,0.056,298.000,31.888,3.571
0.1847,0.004277,2.311,0.060,2.24,401,0.026,89.000,33.777,10.417
1.0730,0.009874,0.911,0.220,5.26,2410,0.242,271.000,14.486,2.381
1.2689,0.012189,0.949,0.240,2.69,3184,0.253,321.000,18.991,3.333
1.1107,0.011013,0.981,0.240,4.57,2564,0.245,181.000,18.991,3.333
1.0401,0.011406,1.086,0.120,2.31,2904,0.111,289.000,21.570,4.348
1.0434,0.011646,1.105,0.180,2.31,2765,0.163,289.000,21.570,4.348
0.6971,0.008079,1.151,0.160,2.96,1597,0.139,181.000,23.104,2.326
0.5919,0.007313,1.228,0.180,2.61,1406,0.147,241.000,23.104,2.326
0.2867,0.003992,1.389,0.060,2.50,833,0.043,241.000,22.369,2.273
0.1596,0.002053,1.285,0.060,2.49,457,0.047,433.000,12.322,1.695
0.2776,0.004969,1.786,0.080,2.31,618,0.045,241.000,26.377,6.977
0.1808,0.003193,1.763,0.060,2.09,837,0.034,209.000,53.438,5.714
0.1349,0.002013,1.491,0.040,1.91,457,0.027,301.000,16.789,3.030
0.1087,0.001622,1.491,0.0001,1.89,447,0.0001,301.000,16.789,3.030
0.2366,0.003582,1.511,0.040,2.25,681,0.026,121.000,21.676,1.961
0.4560,0.005548,1.212,0.040,3.05,943,0.033,209.000,13.046,2.439
0.1666,0.002941,1.763,0.100,2.70,654,0.057,289.000,30.133,4.950
0.1695,0.003037,1.789,0.060,2.73,692,0.034,289.000,30.609,4.950
0.3500,0.004546,1.295,0.080,2.17,1180,0.062,217.000,13.897,2.439
0.1441,0.002020,1.401,0.020,2.17,576,0.014,441.000,14.284,2.326
0.2971,0.004524,1.519,0.060,2.29,559,0.040,233.000,22.950,2.500
0.1320,0.001813,1.372,0.020,1.81,967,0.015,265.000,20.531,2.273
0.3145,0.004178,1.325,0.140,2.95,812,0.106,401.000,14.648,2.564
0.3575,0.004265,1.189,0.120,3.65,1224,0.101,121.000,9.833,1.538
0.3504,0.004184,1.190,0.060,3.93,1066,0.050,121.000,9.833,1.538
0.3808,0.004490,1.175,0.060,3.98,1203,0.051,121.000,10.793,1.538
0.6451,0.008242,1.270,0.080,2.87,1546,0.063,289.000,23.398,4.348
0.3810,0.007886,2.062,0.080,3.03,900,0.039,85.000,56.970,13.913
0.3892,0.008124,2.079,0.100,3.04,926,0.048,85.000,56.970,13.913
3.4500,0.015045,0.421,0.540,7.35,4972,1.282,309.000,5.295,5.505
0.1073,0.001913,1.782,0.020,2.07,467,0.011,175.000,23.563,2.128
0.0956,0.001783,1.864,0.020,2.00,421,0.011,175.000,24.951,2.128
1.0404,0.009436,0.898,0.120,4.09,2585,0.134,209.000,9.017,1.389
0.9371,0.008514,0.900,0.300,7.67,1559,0.333,181.000,7.933,1.370
0.6398,0.008156,1.267,0.160,2.83,1439,0.126,313.000,20.243,4.412
0.5001,0.006868,1.367,0.180,2.73,1228,0.132,313.000,21.786,4.348
0.4691,0.006893,1.463,0.180,2.75,1209,0.123,313.000,29.421,4.348
1.3025,0.012493,0.947,0.260,3.98,3125,0.275,235.000,26.750,5.882
1.6663,0.013601,0.803,0.380,4.88,3198,0.473,277.000,29.200,6.667
1.1351,0.009701,0.845,0.300,5.98,2107,0.355,181.000,7.956,1.115
1.5422,0.011610,0.741,0.200,4.08,3544,0.270,145.000,19.519,5.455
0.3562,0.004766,1.334,0.080,2.30,1102,0.060,257.000,14.877,2.564
0.3836,0.006699,1.740,0.060,3.06,1011,0.034,163.000,48.167,7.692
0.6761,0.007206,1.059,0.100,2.93,1712,0.094,169.000,16.102,2.299
0.1262,0.002655,2.101,0.0001,1.87,409,0.0001,129.000,37.150,4.000
2.0305,0.014339,0.692,0.400,6.05,3649,0.578,139.000,23.573,5.172
0.2459,0.003861,1.566,0.100,2.45,512,0.064,321.000,11.644,3.333
0.2456,0.003876,1.575,0.060,2.43,487,0.038,321.000,11.644,3.333
0.2402,0.003771,1.567,0.100,2.46,517,0.064,321.000,11.644,3.333
0.3723,0.004435,1.188,0.080,2.22,1140,0.067,401.000,6.745,1.639
0.3670,0.004386,1.191,0.060,2.22,1048,0.050,401.000,6.745,1.639
0.3793,0.004511,1.185,0.060,2.23,1048,0.051,401.000,6.745,1.639
0.4546,0.004939,1.082,0.080,2.20,1727,0.074,169.000,11.684,1.587
0.7698,0.008699,1.122,0.060,2.43,1989,0.053,241.000,20.633,2.299
0.8340,0.009461,1.125,0.100,2.48,2056,0.089,265.000,20.146,2.299
0.6714,0.008259,1.222,0.120,2.54,1591,0.098,265.000,18.438,2.151
0.2521,0.004293,1.699,0.020,2.56,505,0.012,561.000,27.663,3.738
0.0989,0.001852,1.871,0.020,2.05,284,0.011,305.000,32.540,4.301
0.3651,0.004907,1.339,0.080,3.18,1132,0.060,172.000,22.926,5.660
0.4409,0.005567,1.257,0.140,2.19,1531,0.111,385.000,14.261,2.703
0.2731,0.003618,1.322,0.060,2.58,707,0.045,609.000,11.223,1.852
0.2090,0.002893,1.382,0.0001,2.46,598,0.0001,609.000,19.429,1.852
0.1302,0.003282,2.518,0.020,1.83,461,0.008,81.000,51.574,11.111
0.5137,0.006280,1.217,0.060,2.57,1270,0.049,285.000,11.329,0.980
0.3747,0.005010,1.333,0.080,2.58,890,0.060,281.000,10.297,0.935
0.3769,0.005019,1.327,0.080,2.59,901,0.060,281.000,10.297,0.935
0.3760,0.004924,1.305,0.060,2.59,898,0.046,281.000,10.297,0.935
0.3971,0.005210,1.307,0.060,2.61,918,0.046,281.000,10.297,0.935
0.4025,0.005325,1.318,0.080,2.61,898,0.061,281.000,10.297,0.935
0.3783,0.005023,1.323,0.080,2.59,886,0.060,281.000,10.297,0.935
0.3796,0.005048,1.325,0.080,2.59,866,0.060,281.000,10.297,0.935
0.3872,0.005139,1.322,0.100,2.59,928,0.076,281.000,10.297,0.935
0.3850,0.005098,1.320,0.100,2.59,924,0.076,281.000,10.297,0.935
0.3778,0.005045,1.331,0.100,2.55,892,0.075,281.000,10.297,0.935
0.4895,0.005922,1.205,0.060,2.56,1319,0.050,285.000,11.329,0.980
0.4505,0.005463,1.208,0.160,2.55,1269,0.132,285.000,11.329,0.980
0.3490,0.004684,1.338,0.080,2.53,855,0.060,281.000,10.297,0.935
0.3589,0.004749,1.319,0.080,2.59,904,0.061,281.000,10.297,0.935
0.3607,0.004801,1.327,0.060,2.54,934,0.045,281.000,10.297,0.935
0.3827,0.005108,1.330,0.060,2.53,952,0.045,281.000,10.297,0.935
0.3782,0.005032,1.326,0.060,2.54,929,0.045,281.000,10.297,0.935
0.5291,0.005947,1.118,0.160,3.06,1581,0.143,201.000,14.372,2.381
1.1077,0.011069,0.988,0.220,4.43,2334,0.223,233.000,32.076,4.054
1.7582,0.011920,0.666,0.320,6.48,2801,0.480,685.000,16.754,2.294
2.2601,0.014899,0.645,0.540,6.80,3393,0.838,355.000,16.537,3.891
1.6334,0.012866,0.775,0.480,5.37,3335,0.619,673.000,16.664,3.113
2.0325,0.013697,0.661,0.520,5.49,3932,0.787,745.000,16.226,2.778
4.5548,0.015772,0.331,0.760,11.53,4794,2.298,745.000,16.226,2.778
0.3787,0.009609,2.528,0.160,3.11,752,0.063,129.000,52.695,7.692
0.4954,0.006657,1.338,0.120,3.42,1204,0.090,321.000,23.118,5.634
0.9338,0.010050,1.066,0.240,2.83,2754,0.225,280.000,28.676,1.613
0.2628,0.004057,1.540,0.160,3.47,1129,0.104,77.000,34.906,3.158
0.2185,0.003970,1.813,0.0001,3.64,716,0.0001,55.000,29.665,3.125
0.5312,0.007096,1.329,0.040,2.28,1357,0.030,73.000,28.921,7.692
0.5393,0.007194,1.327,0.040,2.29,1365,0.030,73.000,28.921,7.692
0.5329,0.007101,1.326,0.040,2.29,1368,0.030,73.000,28.921,7.692
0.5312,0.007069,1.324,0.040,2.29,1379,0.030,73.000,28.921,7.692
0.5316,0.007059,1.321,0.040,2.29,1402,0.030,73.000,28.921,7.692
0.5316,0.007064,1.322,0.040,2.29,1406,0.030,73.000,28.921,7.692
0.5252,0.006987,1.324,0.040,2.29,1408,0.030,73.000,28.921,7.692
0.2466,0.003376,1.366,0.0001,2.56,660,0.0001,349.000,17.570,2.778
0.1843,0.002885,1.563,0.0001,2.08,633,0.0001,201.000,25.007,2.564
0.2767,0.004014,1.447,0.060,2.20,950,0.041,137.000,27.449,2.817
0.3000,0.003606,1.199,0.040,2.64,1646,0.033,577.000,22.430,3.571
0.8751,0.009315,1.055,0.220,3.55,2025,0.208,209.000,21.533,2.020
0.1491,0.002494,1.670,0.040,2.09,390,0.024,265.000,38.065,7.500
0.3412,0.004414,1.290,0.140,2.88,956,0.109,253.000,12.820,2.469
0.5277,0.007062,1.332,0.060,3.09,1246,0.045,297.000,10.680,1.550
1.2030,0.010318,0.848,0.420,5.90,2563,0.496,121.000,32.779,5.882
0.2634,0.003766,1.427,0.020,2.58,963,0.014,201.000,28.303,2.913
0.3321,0.004638,1.393,0.060,2.41,968,0.043,241.000,13.913,2.500
0.5346,0.006199,1.153,0.100,2.68,1597,0.087,97.000,14.415,2.083
0.1530,0.002139,1.396,0.020,2.18,553,0.014,441.000,14.284,2.326
1.0793,0.012046,1.104,0.320,3.51,1856,0.290,241.000,24.428,4.878
0.0150,0.000240,1.597,0.040,1.61,216,0.025,409.000,8.151,1.389
0.3318,0.006437,1.934,0.060,3.59,666,0.031,97.000,38.910,4.950
0.3152,0.005771,1.826,0.080,3.70,640,0.044,73.000,36.246,4.950
0.0935,0.002164,2.313,0.020,2.60,263,0.009,241.000,39.793,2.817
0.2904,0.004757,1.634,0.040,2.53,653,0.024,257.000,27.646,3.333
0.6401,0.008015,1.245,0.100,2.66,1688,0.080,457.000,23.985,3.448
0.6572,0.007723,1.168,0.080,2.67,1750,0.069,457.000,20.321,3.448
0.7331,0.008216,1.113,0.140,2.71,1781,0.126,457.000,14.921,3.448
0.8803,0.009803,1.104,0.120,2.56,1759,0.109,457.000,13.413,3.448
1.0576,0.008758,0.819,0.200,3.45,2816,0.244,49.000,18.543,4.762
1.2830,0.009645,0.742,0.300,3.69,3424,0.404,49.000,18.543,4.762
0.6249,0.008427,1.340,0.180,2.85,1393,0.134,193.000,30.756,3.333
0.6103,0.008249,1.344,0.120,2.84,1351,0.089,193.000,30.756,3.333
0.7085,0.009519,1.335,0.080,2.31,1058,0.060,313.000,15.413,2.857
0.4901,0.005889,1.196,0.160,3.21,1305,0.134,161.000,16.183,2.500
0.0973,0.001335,1.370,0.020,2.49,440,0.015,229.000,9.528,1.478
0.1820,0.004007,2.198,0.040,2.27,366,0.018,289.000,43.359,12.500
0.1862,0.004076,2.185,0.020,2.27,382,0.009,289.000,43.359,12.500
0.1856,0.004084,2.196,0.040,2.28,369,0.018,289.000,43.359,12.500
0.3370,0.005663,1.675,0.060,2.29,794,0.036,313.000,27.654,6.061
0.3663,0.005796,1.577,0.020,2.42,902,0.013,313.000,30.316,6.250
0.1211,0.001886,1.556,0.020,2.02,492,0.013,277.000,23.954,4.225
0.1355,0.002439,1.798,0.040,1.92,559,0.022,145.000,29.443,7.317
0.1742,0.003048,1.747,0.0001,1.91,557,0.0001,145.000,27.333,7.317
0.1643,0.002903,1.764,0.0001,1.88,541,0.0001,145.000,27.333,7.317
1.1425,0.013022,1.127,0.260,3.20,2594,0.231,145.000,38.841,3.125
0.9350,0.008763,0.929,0.260,3.91,2020,0.280,208.000,11.242,1.622
0.6772,0.008862,1.300,0.120,4.39,1354,0.092,197.000,22.088,2.655
0.2624,0.004165,1.583,0.060,2.43,474,0.038,289.000,27.422,3.636
0.6967,0.009478,1.351,0.140,2.32,1554,0.104,321.000,32.300,4.167
0.1337,0.002368,1.768,0.040,2.97,400,0.023,95.000,40.661,5.517
0.1449,0.002007,1.383,0.0001,3.49,458,0.0001,219.000,17.344,2.632
0.2670,0.003783,1.413,0.0001,1.95,569,0.0001,253.000,26.208,4.255
0.2774,0.003867,1.390,0.0001,1.95,644,0.0001,253.000,26.208,4.255
0.3585,0.004483,1.246,0.0001,2.20,1007,0.0001,217.000,21.491,3.704
0.3111,0.004207,1.349,0.060,2.47,826,0.044,273.000,12.258,2.062
0.5365,0.005964,1.106,0.200,3.15,1527,0.181,193.000,9.620,1.370
0.2528,0.003246,1.282,0.080,2.98,750,0.062,289.000,10.956,1.031
0.2573,0.003307,1.283,0.020,2.95,726,0.016,289.000,10.956,1.031
2.3516,0.014204,0.590,0.400,7.55,3714,0.678,145.000,33.981,7.547
0.6668,0.006837,1.019,0.120,3.13,2029,0.118,137.000,17.388,2.564
0.2875,0.003762,1.305,0.080,2.33,1039,0.061,205.000,10.320,1.639
0.9947,0.011053,1.100,0.240,4.31,1780,0.218,241.000,28.888,2.597
0.3611,0.004650,1.284,0.080,2.20,1430,0.062,161.000,23.307,3.704
0.1304,0.001716,1.314,0.020,1.99,938,0.015,161.000,21.134,3.030
0.2126,0.002718,1.276,0.080,3.03,768,0.063,121.000,19.856,2.752
0.3696,0.004760,1.283,0.060,2.25,1380,0.047,161.000,23.307,3.704
0.2245,0.003219,1.431,0.0001,2.20,889,0.0001,193.000,27.074,4.545
0.2184,0.003133,1.432,0.0001,2.11,1002,0.0001,193.000,27.074,4.545
0.2424,0.003469,1.428,0.0001,2.11,941,0.0001,193.000,27.074,4.545
0.2398,0.003412,1.420,0.0001,2.12,937,0.0001,193.000,27.074,4.545
0.2408,0.003451,1.430,0.0001,2.12,955,0.0001,193.000,27.074,4.545
1.1609,0.010319,0.879,0.200,3.65,2607,0.228,281.000,12.230,1.770
0.2276,0.003257,1.428,0.0001,2.11,924,0.0001,193.000,27.074,4.545
0.2881,0.004071,1.409,0.0001,2.19,1048,0.0001,193.000,27.074,4.545
0.3272,0.004486,1.366,0.0001,2.28,1106,0.0001,193.000,27.074,4.545
0.5628,0.007080,1.251,0.080,2.73,1527,0.064,313.000,15.509,3.030
0.1023,0.002240,2.188,0.0001,2.18,308,0.0001,353.000,33.433,6.897
0.0544,0.001338,2.460,0.020,2.00,219,0.008,353.000,44.321,6.897
0.0544,0.001366,2.512,0.0001,2.02,219,0.0001,353.000,44.899,6.897
0.0670,0.001800,2.683,0.0001,2.16,236,0.0001,353.000,47.043,6.897
0.0652,0.001780,2.728,0.020,2.18,226,0.007,353.000,47.307,6.897
0.0749,0.002130,2.841,0.0001,2.18,242,0.0001,353.000,48.583,6.897
0.7141,0.008209,1.141,0.160,2.66,2927,0.140,321.000,37.128,5.109
0.5484,0.009329,1.692,0.060,2.52,1179,0.035,209.000,6.188,2.128
0.6491,0.008567,1.312,0.100,3.69,1308,0.076,197.000,25.333,5.333
0.3524,0.005385,1.523,0.120,2.57,1221,0.079,77.000,35.765,4.054
1.1891,0.013034,1.083,0.240,3.13,2228,0.222,154.000,22.030,6.818
0.6268,0.012785,2.027,0.080,2.80,809,0.039,25.000,33.133,11.429
0.7663,0.008096,1.049,0.080,2.68,2299,0.076,265.000,9.356,0.917
1.5068,0.012239,0.800,0.320,3.11,3756,0.400,121.000,19.150,4.000
1.0939,0.010323,0.934,0.220,3.72,2376,0.236,173.000,19.824,3.226
0.8150,0.008911,1.085,0.240,4.46,1873,0.221,379.000,18.907,3.061
0.5593,0.007192,1.279,0.080,2.41,1606,0.063,189.000,22.885,4.000
0.9725,0.009137,0.931,0.220,3.35,2642,0.236,241.000,12.537,2.062
1.1473,0.010644,0.917,0.220,4.34,2294,0.240,249.000,15.967,2.703
0.8664,0.008322,0.952,0.080,2.93,2486,0.084,129.000,12.569,2.143
0.1465,0.002669,1.820,0.020,1.84,462,0.011,297.000,30.625,4.082
0.1192,0.002208,1.851,0.080,1.81,403,0.043,297.000,30.600,4.082
0.1419,0.002590,1.824,0.0001,1.84,454,0.0001,297.000,30.787,4.082
0.1976,0.003624,1.831,0.040,2.15,541,0.022,297.000,35.799,4.082
0.1256,0.002300,1.830,0.0001,1.84,431,0.0001,297.000,31.432,4.082
0.1436,0.002649,1.841,0.100,1.84,462,0.054,297.000,31.317,4.082
0.1956,0.003621,1.848,0.020,2.17,538,0.011,297.000,36.256,4.082
0.1447,0.002687,1.854,0.100,1.85,441,0.054,297.000,31.483,4.082
0.1809,0.003393,1.872,0.040,2.15,532,0.021,297.000,36.399,4.082
0.1233,0.002303,1.866,0.100,1.84,434,0.054,297.000,32.116,4.082
0.2334,0.003036,1.298,0.060,2.06,898,0.046,321.000,10.654,1.818
0.4262,0.005332,1.246,0.040,2.28,1485,0.032,273.000,14.075,2.273
0.4233,0.005438,1.280,0.140,3.51,1189,0.109,385.000,15.510,2.632
0.4760,0.005908,1.236,0.160,2.31,1288,0.129,289.000,13.671,2.564
0.1909,0.002815,1.472,0.040,2.76,540,0.027,345.000,17.172,1.653
2.6719,0.014706,0.536,0.540,10.78,3935,1.008,361.000,13.946,2.381
0.4960,0.006042,1.212,0.080,2.73,1296,0.066,201.000,13.716,1.266
0.1575,0.002982,1.890,0.0001,2.20,622,0.0001,257.000,36.442,5.128
0.5812,0.006534,1.118,0.220,2.77,1399,0.197,257.000,16.588,1.370
0.3600,0.005201,1.440,0.080,2.40,793,0.056,105.000,12.174,1.250
1.4198,0.011031,0.766,0.420,4.53,3052,0.548,89.000,23.787,2.105
0.6038,0.007198,1.185,0.080,3.15,1661,0.067,353.000,19.175,3.333
0.3887,0.006283,1.611,0.080,2.69,835,0.050,417.000,25.628,6.061
0.5451,0.006773,1.236,0.040,2.31,1360,0.032,281.000,12.537,2.128
0.4572,0.006292,1.370,0.080,2.76,1111,0.058,177.000,22.485,4.167
3.5660,0.015477,0.419,0.640,9.38,4461,1.529,337.000,22.771,3.093
0.0767,0.001257,1.636,0.0001,1.95,650,0.0001,145.000,26.749,4.878
0.9539,0.010769,1.118,0.240,5.46,2093,0.215,361.000,30.408,6.536
1.3489,0.014083,1.030,0.180,3.61,2228,0.175,145.000,22.056,5.556
1.3108,0.013930,1.049,0.260,3.39,2094,0.248,145.000,22.056,5.556
0.9586,0.011621,1.201,0.160,2.74,1628,0.133,193.000,22.056,5.556
0.3760,0.005574,1.477,0.080,2.62,798,0.054,353.000,26.310,5.556
0.3648,0.005570,1.522,0.020,2.63,765,0.013,353.000,26.310,5.556
0.3200,0.004816,1.500,0.080,2.65,880,0.053,353.000,28.371,5.556
0.1863,0.002554,1.369,0.0001,2.93,535,0.0001,341.000,11.406,1.873
0.1951,0.002657,1.360,0.100,2.93,530,0.074,341.000,11.406,1.873
0.1791,0.002427,1.354,0.100,2.95,588,0.074,341.000,11.406,1.873
0.3240,0.005244,1.614,0.100,4.88,814,0.062,19.000,37.268,8.451
0.3976,0.006283,1.574,0.060,1.99,772,0.038,109.000,29.259,7.692
0.3856,0.006070,1.568,0.020,2.00,831,0.013,109.000,29.259,7.692
2.1807,0.012581,0.564,0.560,10.25,2700,0.992,145.000,16.544,3.226
3.5270,0.013695,0.375,0.700,15.42,3076,1.868,209.000,12.645,2.098
4.1567,0.013766,0.318,0.720,17.84,3571,2.268,241.000,11.580,1.961
0.3791,0.005933,1.559,0.060,2.00,790,0.038,109.000,29.259,7.692
0.1225,0.001696,1.383,0.0001,3.23,537,0.0001,271.000,13.832,2.410
1.0537,0.011151,1.047,0.200,3.18,2802,0.191,89.000,34.568,7.895
0.1117,0.001549,1.386,0.0001,3.21,503,0.0001,271.000,13.832,2.410
2.3007,0.012990,0.552,0.500,6.33,2860,0.906,379.000,12.569,1.935
0.4191,0.005822,1.384,0.200,3.69,1356,0.145,97.000,38.160,3.922
0.2824,0.003906,1.380,0.080,2.01,1132,0.058,193.000,19.196,3.571
0.2856,0.003971,1.387,0.060,1.98,1077,0.043,193.000,19.196,3.571
0.2618,0.006303,2.401,0.060,2.09,565,0.025,244.000,48.990,7.692
0.2623,0.006291,2.392,0.020,2.09,543,0.008,244.000,48.990,7.692
0.5425,0.007347,1.347,0.120,4.08,1313,0.089,100.000,35.448,7.143
0.6531,0.006965,1.060,0.060,2.77,1658,0.057,211.000,11.907,1.724
0.1150,0.001747,1.518,0.060,1.99,624,0.040,177.000,24.042,2.273
0.5001,0.005532,1.101,0.220,3.22,1341,0.200,313.000,10.201,2.429
0.1387,0.002876,2.071,0.0001,1.80,297,0.0001,235.000,38.765,4.167
0.4990,0.007769,1.549,0.060,2.30,1323,0.039,233.000,36.975,5.747
0.4269,0.006058,1.413,0.080,2.36,1021,0.057,337.000,18.603,3.333
0.6538,0.006941,1.055,0.060,2.85,1693,0.057,211.000,11.907,1.724
0.3371,0.005466,1.616,0.040,2.80,620,0.025,193.000,9.437,5.556
0.7078,0.010627,1.491,0.200,4.45,1489,0.134,181.000,46.361,8.451
0.3440,0.005155,1.494,0.020,2.36,625,0.013,289.000,21.950,2.586
0.3761,0.005453,1.444,0.080,3.00,874,0.055,209.000,12.027,2.632
0.9487,0.009385,0.980,0.320,5.58,1647,0.327,176.500,23.543,2.000
0.4129,0.006736,1.625,0.060,1.98,791,0.037,109.000,31.741,7.692
0.5003,0.008609,1.712,0.020,1.96,655,0.012,109.000,32.229,7.692
0.2452,0.003866,1.573,0.120,3.16,510,0.076,201.000,22.508,5.000
0.2014,0.003081,1.527,0.040,3.47,608,0.026,201.000,24.445,5.000
0.4956,0.006828,1.371,0.080,2.52,1337,0.058,153.000,27.556,5.263
1.5798,0.012056,0.751,0.380,6.49,3256,0.506,379.000,16.644,2.609
3.2187,0.014486,0.436,0.540,6.84,3429,1.240,157.000,17.761,3.158
3.1336,0.014078,0.435,0.540,6.87,3557,1.240,157.000,17.761,3.158
2.8980,0.014051,0.471,0.520,6.81,3104,1.104,157.000,27.078,3.158
1.2915,0.010772,0.823,0.320,4.02,3281,0.389,145.000,17.421,2.970
1.3111,0.011165,0.841,0.320,4.19,3290,0.381,145.000,24.117,2.970
0.0517,0.001820,3.520,0.020,1.96,229,0.006,153.000,63.894,12.308
0.9445,0.010597,1.112,0.100,3.07,2126,0.090,161.000,13.697,6.667
0.9181,0.010258,1.107,0.120,2.86,2203,0.108,161.000,13.697,6.667
1.1005,0.012214,1.098,0.100,2.55,2659,0.091,161.000,13.697,6.667
1.0406,0.010614,1.010,0.360,3.67,2230,0.357,241.000,20.573,4.348
1.0507,0.010157,0.957,0.140,3.58,2772,0.146,193.000,23.014,4.478
0.5617,0.007375,1.306,0.140,4.20,1264,0.107,187.000,29.716,2.381
0.6397,0.007279,1.131,0.080,3.86,1597,0.071,241.000,18.962,3.030
0.5944,0.006929,1.159,0.160,3.74,1658,0.138,241.000,18.962,3.030
0.1372,0.002253,1.640,0.060,2.09,472,0.037,173.000,21.958,4.167
0.1003,0.001637,1.631,0.020,2.31,414,0.012,141.000,22.631,4.464
0.4662,0.005954,1.272,0.020,2.41,1102,0.016,241.000,14.519,2.326
0.1230,0.001839,1.493,0.020,2.57,434,0.013,271.000,22.369,2.273
0.9093,0.009609,1.048,0.140,3.93,2038,0.134,249.000,20.770,3.614
0.1257,0.001900,1.510,0.0001,2.09,371,0.0001,249.000,15.671,2.752
0.0775,0.001902,2.452,0.0001,1.90,180,0.0001,121.000,43.161,6.122
0.2801,0.003966,1.412,0.040,2.29,702,0.028,401.000,15.129,2.703
0.3562,0.004685,1.311,0.060,2.99,990,0.046,273.000,22.105,2.128
0.2756,0.003481,1.260,0.040,2.47,747,0.032,409.000,12.179,2.128
0.2240,0.002941,1.311,0.100,2.30,588,0.076,409.000,12.179,2.128
0.2248,0.002895,1.286,0.100,2.28,641,0.078,409.000,12.179,2.128
0.2215,0.002811,1.267,0.100,2.26,638,0.079,409.000,12.179,2.128
0.1946,0.002849,1.462,0.020,2.18,578,0.014,305.000,18.601,2.941
0.3896,0.005575,1.426,0.060,2.90,1079,0.042,199.000,20.881,1.923
1.3187,0.012495,0.935,0.320,7.38,2216,0.342,793.000,26.155,3.030
0.4939,0.005418,1.092,0.160,3.06,1456,0.147,177.000,15.583,2.222
0.9789,0.010080,1.020,0.240,3.84,2714,0.235,301.000,22.687,4.192
0.2475,0.003538,1.426,0.020,2.45,851,0.014,49.000,45.691,4.167
0.2041,0.003829,1.873,0.040,2.04,553,0.021,133.000,34.305,3.846
0.1731,0.003314,1.911,0.040,2.01,518,0.021,133.000,35.079,3.846
0.1673,0.003234,1.930,0.040,2.02,534,0.021,133.000,35.321,3.846
0.1628,0.003189,1.956,0.040,2.00,514,0.020,133.000,35.831,3.846
0.1860,0.003679,1.974,0.040,1.99,516,0.020,133.000,36.173,3.846
0.1590,0.002409,1.513,0.0001,2.65,466,0.0001,697.000,15.015,1.242
1.7203,0.013290,0.759,0.320,6.41,3310,0.421,221.000,16.351,3.008
1.3409,0.013611,1.002,0.440,7.70,1838,0.439,865.000,29.696,5.000
0.4465,0.006307,1.406,0.100,2.31,1087,0.071,109.000,28.921,7.692
0.2174,0.003424,1.572,0.040,2.18,527,0.025,201.000,24.106,4.444
1.3981,0.014100,0.995,0.300,3.91,2387,0.302,97.000,22.410,5.556
1.7371,0.013353,0.756,0.480,5.12,3649,0.635,385.000,23.850,2.929
1.4558,0.012573,0.851,0.340,5.05,2834,0.399,253.000,26.260,2.752
1.1877,0.011900,0.990,0.360,4.56,2774,0.364,133.000,29.575,3.409
0.9872,0.010150,1.018,0.180,2.91,2791,0.177,235.000,23.699,2.000
0.1450,0.002142,1.476,0.020,2.01,598,0.014,349.000,13.931,2.632
0.3188,0.007760,2.427,0.080,2.28,594,0.033,129.000,34.572,7.143
0.2288,0.002741,1.196,0.020,3.40,981,0.017,289.000,9.592,1.370
0.4873,0.007622,1.557,0.120,3.27,953,0.077,496.000,29.936,7.143
0.1602,0.002885,1.798,0.0001,2.06,371,0.0001,113.000,21.971,2.778
0.6331,0.006827,1.072,0.220,4.59,1390,0.205,190.000,18.459,2.303
1.1567,0.010737,0.918,0.360,4.28,2429,0.392,297.000,17.291,2.913
1.2954,0.010972,0.836,0.220,4.57,2658,0.263,91.000,22.489,3.529
1.2343,0.010652,0.852,0.240,4.50,2722,0.282,91.000,22.062,3.488
0.4485,0.005908,1.312,0.060,2.46,1261,0.046,209.000,21.786,3.797
0.3343,0.004799,1.431,0.040,2.80,883,0.028,433.000,15.081,2.703
0.8188,0.009617,1.165,0.200,4.58,1680,0.172,217.000,15.090,3.704
0.6877,0.009320,1.346,0.180,4.58,1460,0.134,217.000,12.399,3.704
0.1544,0.003228,2.088,0.0001,2.12,351,0.0001,241.000,35.077,3.704
0.1423,0.002995,2.102,0.020,2.10,363,0.010,241.000,35.077,3.704
0.1512,0.003268,2.158,0.0001,2.11,354,0.0001,229.000,35.749,3.571
0.1439,0.003136,2.176,0.020,2.12,310,0.009,241.000,36.170,3.704
0.5120,0.005793,1.126,0.060,2.66,1533,0.053,217.000,11.712,2.098
0.6590,0.009102,1.372,0.140,2.31,1620,0.102,181.000,32.354,6.977
0.5946,0.007275,1.217,0.160,4.66,1271,0.132,235.000,25.931,2.778
0.4325,0.009446,2.175,0.060,2.15,668,0.028,257.000,40.851,14.286
0.4149,0.009179,2.203,0.060,2.15,636,0.027,257.000,40.851,14.286
0.4016,0.008801,2.183,0.060,2.14,626,0.027,257.000,40.851,14.286
0.4099,0.009004,2.188,0.100,2.14,626,0.046,257.000,40.851,14.286
0.1065,0.002331,2.187,0.040,1.91,395,0.018,193.000,40.482,5.882
0.3571,0.005143,1.436,0.040,2.93,694,0.028,305.000,8.942,1.639
0.1248,0.001833,1.467,0.0001,2.15,482,0.0001,481.000,25.151,2.347
0.8812,0.009411,1.059,0.320,5.55,1483,0.302,176.500,26.052,2.000
0.5810,0.006687,1.145,0.100,3.17,1873,0.087,201.000,17.600,2.778
0.2493,0.003365,1.347,0.120,2.22,736,0.089,289.000,10.246,1.724
0.0516,0.001033,2.000,0.0001,1.71,450,0.0001,265.000,32.226,4.348
0.5530,0.007735,1.391,0.160,3.15,1332,0.115,209.000,32.161,6.452
0.5613,0.007852,1.391,0.160,3.15,1313,0.115,209.000,32.161,6.452
0.2198,0.004329,1.965,0.040,2.25,464,0.020,289.000,35.592,3.448
0.2122,0.003065,1.442,0.020,2.64,587,0.014,73.000,22.877,1.562
0.7261,0.011100,1.518,0.280,3.58,1349,0.184,193.000,44.648,5.556
0.3397,0.004347,1.276,0.040,2.05,773,0.031,241.000,15.966,2.564
1.2686,0.010453,0.814,0.240,3.44,3213,0.295,209.000,13.864,1.887
0.7537,0.008187,1.078,0.180,2.81,1750,0.167,377.000,10.284,1.786
0.8773,0.013324,1.506,0.260,4.08,1869,0.173,497.000,55.136,14.861
0.2661,0.003385,1.270,0.0001,2.22,823,0.0001,253.000,10.941,1.538
0.4649,0.005919,1.268,0.120,2.32,1292,0.095,401.000,19.092,3.226
3.2429,0.016281,0.486,0.560,16.05,3443,1.153,214.000,25.719,3.960
1.3173,0.011587,0.868,0.260,3.89,2678,0.299,417.000,16.074,1.429
0.2858,0.003783,1.321,0.140,2.26,878,0.106,369.000,17.029,2.985
2.0450,0.014901,0.714,0.580,8.24,2098,0.813,100.000,32.625,7.143
0.7534,0.008094,1.066,0.280,6.19,1150,0.263,100.000,22.743,3.448
0.3634,0.006077,1.667,0.020,1.90,741,0.012,217.000,40.838,8.571
0.6335,0.009057,1.421,0.160,2.90,1423,0.113,289.000,32.729,4.348
0.2099,0.003962,1.884,0.020,2.61,652,0.011,241.000,39.588,7.252
0.8312,0.010965,1.309,0.220,3.04,1788,0.168,385.000,43.409,5.556
0.8304,0.011398,1.362,0.200,2.97,1707,0.147,385.000,43.409,5.556
0.2126,0.003128,1.469,0.080,3.00,739,0.054,49.000,13.702,2.469
0.4378,0.004949,1.126,0.120,2.56,1626,0.107,197.000,18.689,2.655
0.5724,0.006827,1.186,0.160,3.67,1136,0.135,281.000,13.274,2.105
1.0295,0.009992,0.961,0.120,3.12,2493,0.125,265.000,15.252,2.564
0.3676,0.005466,1.482,0.060,2.16,820,0.040,289.000,20.657,3.704
0.3297,0.005625,1.700,0.040,3.53,943,0.024,127.000,19.580,4.545
0.2539,0.004521,1.776,0.100,2.47,537,0.056,113.000,22.896,4.545
0.3283,0.004346,1.320,0.040,2.04,1081,0.030,325.000,17.005,2.778
1.1571,0.010046,0.858,0.260,3.12,3116,0.303,209.000,13.864,1.887
1.1050,0.009662,0.865,0.180,3.51,2959,0.208,209.000,13.034,1.754
0.2647,0.003934,1.483,0.080,2.65,827,0.054,233.000,25.104,1.923
0.2964,0.005547,1.866,0.020,2.36,693,0.011,145.000,45.907,7.692
0.1840,0.003078,1.670,0.040,2.78,431,0.024,241.000,25.748,4.878
0.0478,0.000983,2.056,0.0001,1.70,287,0.0001,305.000,31.119,8.108
0.0609,0.001054,1.729,0.0001,1.59,316,0.0001,417.000,22.547,2.564
0.4214,0.006999,1.654,0.020,2.18,800,0.012,209.000,35.843,5.000
0.1746,0.003186,1.822,0.020,2.30,628,0.011,241.000,47.862,8.475
0.2672,0.004702,1.755,0.200,2.60,896,0.114,241.000,48.527,8.621
0.4297,0.004905,1.137,0.0001,2.37,1245,0.0001,289.000,9.516,1.562
0.4515,0.005154,1.137,0.080,2.37,1292,0.070,289.000,9.516,1.562
0.3093,0.003469,1.119,0.120,3.14,1055,0.107,351.000,10.213,0.627
0.2146,0.002557,1.190,0.0001,2.47,743,0.0001,409.000,9.230,0.543
0.5634,0.006850,1.209,0.180,2.50,1422,0.149,185.000,12.482,1.235
0.5987,0.007273,1.208,0.060,2.52,1456,0.050,185.000,12.482,1.235
0.3149,0.004355,1.379,0.0001,2.11,862,0.0001,289.000,14.198,2.273
0.3049,0.005190,1.697,0.100,2.25,884,0.059,217.000,34.164,4.000
0.4840,0.008466,1.741,0.160,3.80,908,0.092,325.000,37.370,4.082
0.1392,0.001962,1.408,0.020,2.27,454,0.014,345.000,10.603,1.667
0.5047,0.007036,1.387,0.140,2.84,1329,0.101,353.000,26.636,5.000
0.5394,0.006872,1.267,0.060,2.49,1590,0.047,241.000,23.649,4.255
0.4320,0.005855,1.350,0.120,2.99,1124,0.089,361.000,22.615,1.493
0.4662,0.006100,1.303,0.080,3.03,1181,0.061,361.000,21.533,1.493
0.4784,0.006277,1.306,0.120,3.06,1220,0.092,361.000,22.024,1.493
0.1300,0.002985,2.293,0.020,2.01,393,0.009,301.000,21.875,7.317
0.5696,0.006775,1.183,0.100,2.62,1831,0.085,205.000,22.710,1.613
0.5610,0.006773,1.201,0.140,2.63,1847,0.117,199.000,23.281,1.587
0.1389,0.002480,1.784,0.020,2.67,400,0.011,193.000,19.059,2.941
1.0722,0.009750,0.900,0.320,4.86,2243,0.356,213.000,25.509,4.403
0.1137,0.001979,1.739,0.060,1.85,424,0.034,305.000,25.516,2.985
0.6024,0.006574,1.085,0.100,2.34,1825,0.092,281.000,13.003,2.000
0.3747,0.004419,1.175,0.180,3.12,1074,0.153,409.000,15.323,1.639
2.1502,0.012919,0.588,0.300,6.29,4196,0.510,955.000,5.333,2.055
1.1887,0.011530,0.959,0.120,4.04,2188,0.125,145.000,11.610,5.263
0.0936,0.001325,1.415,0.0001,1.70,438,0.0001,353.000,9.502,3.704
1.4270,0.011036,0.762,0.320,3.27,3933,0.420,117.000,22.158,1.587
0.7886,0.010456,1.316,0.200,3.12,1596,0.152,189.000,35.949,5.946
1.1407,0.009742,0.844,0.160,2.53,3907,0.189,121.000,11.773,1.667
0.4342,0.005384,1.235,0.040,2.99,1246,0.032,325.000,14.718,2.655
0.3161,0.005201,1.640,0.020,2.05,1060,0.012,169.000,30.036,7.692
0.3308,0.004951,1.492,0.0001,2.40,751,0.0001,367.000,14.304,3.488
0.2095,0.003306,1.575,0.0001,2.28,437,0.0001,349.000,13.426,2.804
0.2388,0.002923,1.221,0.040,2.45,1075,0.033,145.000,14.738,1.835
0.1879,0.002517,1.337,0.040,2.43,840,0.030,145.000,22.912,1.835
0.1024,0.001475,1.440,0.040,2.11,463,0.028,217.000,11.347,2.326
0.1811,0.003011,1.661,0.060,2.20,639,0.036,433.000,29.184,2.857
1.6695,0.012715,0.749,0.380,5.69,3066,0.507,163.000,15.343,4.348
0.3567,0.005184,1.448,0.160,2.53,1345,0.110,61.000,37.675,3.333
0.2441,0.003224,1.318,0.020,2.37,705,0.015,313.000,14.026,2.679
0.3194,0.004380,1.368,0.040,2.08,887,0.029,321.000,21.892,2.941
0.2448,0.003394,1.383,0.080,2.19,959,0.058,249.000,18.738,3.448
0.4058,0.005474,1.344,0.120,2.97,1156,0.089,237.000,18.693,3.361
1.1147,0.012769,1.133,0.180,3.61,2162,0.159,289.000,22.437,9.091
1.5252,0.011687,0.755,0.280,4.34,3317,0.371,225.000,8.544,1.299
1.0004,0.010184,1.008,0.220,3.14,2503,0.218,225.000,26.132,2.439
1.1129,0.010332,0.918,0.220,3.14,2782,0.240,225.000,18.457,2.439
0.3632,0.004604,1.263,0.080,2.11,1103,0.063,193.000,16.872,2.564
0.2948,0.003660,1.238,0.020,2.53,980,0.016,209.000,14.740,2.128
0.3744,0.005575,1.484,0.020,2.70,1017,0.013,321.000,19.243,4.286
0.8651,0.009269,1.062,0.060,4.16,2005,0.056,217.000,12.445,2.326
0.1415,0.002664,1.880,0.020,2.00,462,0.011,145.000,28.195,6.250
1.3061,0.011277,0.852,0.280,4.34,2803,0.328,397.000,18.315,3.226
1.1450,0.010643,0.919,0.180,3.91,2594,0.196,265.000,13.675,2.273
0.8276,0.008927,1.070,0.120,3.30,1865,0.112,265.000,14.513,2.326
0.6770,0.008260,1.212,0.160,3.22,1489,0.132,265.000,22.594,2.326
0.0962,0.001559,1.619,0.020,2.26,420,0.012,241.000,25.526,3.750
0.6028,0.007868,1.298,0.160,2.92,1475,0.123,205.000,16.889,9.434
0.2699,0.003567,1.319,0.020,2.05,558,0.015,209.000,15.811,2.326
0.2342,0.003180,1.355,0.040,1.92,497,0.030,209.000,15.811,2.326
0.4035,0.006092,1.504,0.120,2.49,1235,0.080,289.000,25.120,4.348
0.3136,0.005843,1.858,0.120,2.46,987,0.065,289.000,38.693,4.348
0.3124,0.004794,1.530,0.080,2.34,566,0.052,345.000,12.311,3.125
0.3260,0.004995,1.528,0.080,2.35,564,0.052,345.000,12.311,3.125
0.5076,0.006428,1.260,0.040,3.18,1442,0.032,205.000,21.087,1.550
0.0541,0.001873,3.457,0.100,2.43,243,0.029,25.000,70.387,20.370
0.6075,0.009668,1.582,0.040,2.89,1316,0.025,481.000,30.729,8.696
0.7642,0.012085,1.570,0.060,3.20,1379,0.038,481.000,31.965,9.091
0.8433,0.010743,1.264,0.240,3.72,1702,0.190,241.000,18.088,3.125
0.2860,0.003604,1.257,0.040,2.25,854,0.032,163.000,13.464,1.852
0.9889,0.009827,0.984,0.180,3.97,2401,0.183,161.000,19.235,1.961
0.8588,0.008418,0.972,0.060,3.73,2131,0.062,169.000,11.623,1.527
0.2608,0.003561,1.362,0.120,2.06,830,0.088,305.000,22.432,3.846
0.6730,0.007854,1.159,0.160,3.17,1723,0.138,305.000,22.432,3.846
0.4621,0.005288,1.140,0.120,3.15,1362,0.105,229.000,15.659,2.247
0.5666,0.006903,1.212,0.160,3.15,1400,0.132,161.000,23.307,3.704
0.3540,0.004216,1.187,0.080,2.00,1253,0.067,193.000,15.466,2.564
0.3231,0.003942,1.217,0.080,3.21,954,0.066,385.000,14.268,2.439
0.1356,0.002224,1.639,0.0001,2.19,366,0.0001,217.000,25.840,2.151
0.7331,0.010269,1.391,0.120,2.50,1845,0.086,225.000,18.391,4.762
0.7215,0.010086,1.388,0.280,2.62,1843,0.202,225.000,18.391,4.762
0.3175,0.004317,1.356,0.040,2.43,740,0.029,241.000,13.784,2.410
0.1498,0.002572,1.715,0.040,2.14,447,0.023,273.000,22.056,4.000
0.7429,0.008095,1.082,0.140,2.67,2296,0.129,253.000,20.791,3.333
1.1320,0.010911,0.953,0.280,3.18,2990,0.294,241.000,21.834,3.846
1.3943,0.011265,0.797,0.440,4.21,3100,0.552,237.000,15.641,2.500
1.4604,0.011200,0.756,0.460,4.60,3248,0.608,253.000,14.725,2.273
1.5677,0.011733,0.737,0.340,4.91,2953,0.461,151.000,13.234,2.000
1.3050,0.012075,0.913,0.380,3.14,3116,0.416,233.000,22.194,4.348
0.6699,0.007492,1.111,0.220,2.94,1761,0.198,233.000,18.968,3.226
0.1884,0.002934,1.555,0.020,2.38,417,0.013,361.000,12.184,2.174
1.1442,0.010518,0.909,0.180,4.61,2307,0.198,225.000,21.129,3.896
0.7232,0.007808,1.072,0.200,3.12,2014,0.187,233.000,18.968,3.226
0.6999,0.007751,1.100,0.180,3.05,1780,0.164,233.000,18.968,3.226
0.6863,0.007571,1.096,0.240,2.95,1837,0.219,233.000,18.968,3.226
0.1013,0.002138,2.108,0.040,1.70,444,0.019,33.000,28.833,8.475
0.1124,0.001781,1.583,0.020,1.76,753,0.013,65.000,35.020,9.091
0.5460,0.005855,1.067,0.160,3.16,1848,0.150,161.000,20.275,3.846
0.4217,0.005345,1.262,0.160,2.92,1426,0.127,145.000,27.305,4.651
0.3704,0.005138,1.382,0.180,2.50,951,0.130,193.000,16.506,2.970
0.2436,0.003454,1.415,0.120,3.21,682,0.085,217.000,15.498,2.646
0.9996,0.009442,0.935,0.240,4.32,2038,0.257,205.000,12.179,2.128
1.0018,0.009684,0.957,0.220,4.20,1957,0.230,273.000,12.179,2.128
0.2873,0.003894,1.352,0.040,2.26,759,0.030,553.000,6.915,1.111
0.4606,0.007253,1.568,0.120,2.89,1122,0.077,201.000,34.558,4.762
0.5037,0.007704,1.522,0.160,3.01,1155,0.105,201.000,34.329,4.762
3.0285,0.015247,0.488,0.640,6.68,4368,1.311,157.000,25.056,2.752
0.7764,0.011460,1.465,0.120,4.18,1094,0.082,25.000,30.298,6.667
0.3917,0.004783,1.217,0.080,2.82,940,0.066,257.000,21.742,3.448
0.3446,0.004241,1.227,0.120,2.78,997,0.098,257.000,23.560,3.448
0.7827,0.009124,1.157,0.140,3.18,2272,0.121,353.000,30.348,6.250
0.6821,0.006703,0.976,0.100,3.31,1798,0.102,151.000,8.373,1.873
4.0130,0.015752,0.377,0.640,11.98,4591,1.698,235.000,21.572,2.135
4.3214,0.015976,0.354,0.660,12.87,4606,1.865,235.000,21.572,2.135
4.2576,0.015784,0.355,0.680,12.81,4554,1.915,235.000,21.572,2.135
4.2195,0.015700,0.356,0.680,12.75,4440,1.907,235.000,21.572,2.135
1.6255,0.011821,0.716,0.440,6.18,2780,0.615,145.000,21.869,3.448
1.0945,0.009448,0.854,0.260,5.48,2400,0.304,433.000,19.488,2.857
0.3468,0.005274,1.516,0.100,2.89,904,0.066,205.000,17.084,4.000
0.3400,0.005254,1.541,0.100,2.92,884,0.065,205.000,18.605,4.000
0.2666,0.003728,1.395,0.040,2.95,597,0.029,403.000,14.362,1.075
1.5783,0.013951,0.870,0.380,4.51,3382,0.437,445.000,23.503,5.102
0.3650,0.005025,1.372,0.060,2.32,1118,0.044,129.000,24.863,3.922
2.2945,0.014732,0.628,0.500,9.52,3992,0.797,961.000,20.727,4.167
0.6293,0.009586,1.514,0.100,2.88,1193,0.066,225.000,33.303,8.571
0.6826,0.010056,1.463,0.100,3.08,1216,0.068,225.000,33.303,8.571
0.5909,0.006877,1.158,0.120,3.68,1580,0.104,617.000,24.769,2.474
0.5479,0.006845,1.243,0.160,2.83,1370,0.129,217.000,22.962,2.174
0.2944,0.003977,1.347,0.060,2.34,1006,0.045,129.000,26.363,4.255
0.2856,0.004072,1.422,0.060,2.30,1110,0.042,137.000,27.075,4.878
0.3225,0.004383,1.355,0.060,2.29,1210,0.044,129.000,27.942,4.878
0.3278,0.004464,1.358,0.020,2.28,1133,0.015,129.000,27.942,4.878
0.1697,0.003642,2.143,0.0001,2.61,420,0.0001,289.000,43.842,9.091
0.1618,0.003470,2.141,0.0001,2.60,447,0.0001,289.000,43.842,9.091
0.6650,0.009400,1.404,0.160,2.54,1624,0.114,113.000,25.037,2.564
0.6662,0.009290,1.385,0.160,2.52,1551,0.115,113.000,24.071,2.564
0.7022,0.009195,1.300,0.180,3.15,1555,0.138,105.000,23.349,2.500
0.4025,0.006609,1.636,0.040,1.96,732,0.024,109.000,30.298,7.692
1.6332,0.014107,0.850,0.420,7.76,2245,0.494,865.000,17.111,5.000
0.4334,0.005805,1.334,0.040,2.14,1047,0.030,280.000,20.583,2.000
1.3214,0.012150,0.907,0.280,3.15,3134,0.309,129.000,33.036,7.143
0.2121,0.003765,1.772,0.060,2.38,567,0.034,241.000,31.920,4.706
0.5698,0.006287,1.098,0.180,3.28,1432,0.164,321.000,13.751,2.058
0.0756,0.001967,2.600,0.020,2.15,241,0.008,353.000,45.929,6.897
0.0649,0.001673,2.578,0.020,2.15,238,0.008,353.000,45.929,6.897
0.0773,0.002028,2.622,0.0001,2.17,232,0.0001,353.000,46.192,6.897
0.3462,0.006058,1.744,0.060,2.34,868,0.034,73.000,38.288,11.111
0.3320,0.005790,1.738,0.060,2.35,865,0.035,73.000,38.288,11.111
0.3592,0.006230,1.728,0.060,2.37,864,0.035,73.000,38.288,11.111
0.2463,0.004737,1.919,0.060,2.33,753,0.031,73.000,42.074,11.111
1.4688,0.012769,0.857,0.260,3.78,2862,0.303,205.000,27.100,5.882
1.3886,0.013018,0.925,0.160,3.65,2500,0.173,205.000,27.100,5.882
1.3664,0.012353,0.892,0.260,3.71,2710,0.292,205.000,27.100,5.882
1.1085,0.010710,0.956,0.280,3.79,2502,0.293,205.000,34.497,5.882
1.0935,0.011013,0.996,0.140,3.73,2443,0.141,205.000,34.497,5.882
1.1530,0.010762,0.923,0.140,3.89,2611,0.152,205.000,34.497,5.882
1.0338,0.010249,0.981,0.240,3.50,2466,0.245,205.000,34.497,5.882
1.0180,0.010591,1.030,0.240,3.61,2243,0.233,205.000,34.497,5.882
1.3983,0.013520,0.954,0.300,3.75,2584,0.315,205.000,27.100,5.882
1.5451,0.013815,0.881,0.320,3.87,2601,0.363,205.000,27.100,5.882
0.1720,0.002466,1.431,0.040,1.82,661,0.028,433.000,8.957,4.167
0.1245,0.001979,1.587,0.120,2.56,417,0.076,189.000,30.363,3.111
0.3411,0.004733,1.383,0.100,2.30,1148,0.072,169.000,26.356,2.778
0.3240,0.006067,1.867,0.060,2.28,764,0.032,73.000,39.567,11.111
0.3035,0.005663,1.860,0.060,2.30,771,0.032,73.000,39.567,11.111
0.3412,0.006319,1.846,0.060,2.30,766,0.033,73.000,39.567,11.111
0.3335,0.006158,1.840,0.060,2.31,786,0.033,73.000,39.567,11.111
1.9583,0.013429,0.673,0.500,8.20,2399,0.743,298.000,13.863,6.667
2.0818,0.012268,0.577,0.580,8.96,2771,1.005,136.000,10.690,4.348
2.8645,0.013730,0.466,0.700,12.22,2900,1.503,172.000,8.699,3.226
2.4603,0.011378,0.451,0.640,11.71,3149,1.418,208.000,6.054,1.852
4.0090,0.014519,0.348,0.760,18.39,3182,2.185,244.000,15.401,2.128
4.5396,0.014044,0.295,0.780,17.43,3745,2.640,280.000,4.808,1.429
3.8258,0.013359,0.336,0.740,19.11,3174,2.202,280.000,4.165,1.299
6.0288,0.015020,0.234,0.840,26.79,3451,3.586,352.000,3.987,1.163
7.7241,0.015295,0.183,0.880,35.82,3752,4.813,424.000,3.101,0.855
0.4594,0.005811,1.260,0.260,2.64,1568,0.206,229.000,21.481,1.695
1.0071,0.011477,1.128,0.140,3.93,2274,0.124,217.000,26.195,5.263
0.3640,0.005080,1.391,0.120,2.65,1041,0.086,337.000,19.067,1.923
0.3353,0.004454,1.324,0.040,2.36,1091,0.030,337.000,12.051,1.923
0.3814,0.004983,1.302,0.100,2.36,1118,0.077,337.000,10.993,1.923
0.2243,0.003108,1.383,0.100,2.51,855,0.072,103.000,20.469,3.922
0.3304,0.004471,1.349,0.040,2.53,1300,0.030,85.000,21.060,3.448
1.6597,0.012761,0.756,0.260,3.76,3429,0.344,201.000,9.973,1.724
0.1137,0.001637,1.439,0.0001,1.88,590,0.0001,289.000,15.115,2.222
0.2846,0.003709,1.300,0.060,2.40,855,0.046,289.000,15.738,3.030
0.7470,0.008691,1.155,0.100,5.21,1767,0.087,352.000,24.309,4.706
0.7693,0.007945,1.025,0.200,4.79,1346,0.195,277.000,10.485,1.538
0.7480,0.007795,1.035,0.160,4.74,1321,0.155,277.000,10.485,1.538
0.7052,0.007520,1.059,0.120,4.47,1349,0.113,283.000,10.239,1.538
0.6411,0.006832,1.059,0.140,4.03,1496,0.132,277.000,10.238,1.493
0.6472,0.006936,1.065,0.100,4.01,1328,0.094,277.000,10.238,1.493
0.6975,0.007642,1.088,0.160,3.81,1419,0.147,289.000,9.779,1.493
0.6392,0.007065,1.099,0.200,3.41,1335,0.182,289.000,9.779,1.493
0.5963,0.006627,1.105,0.140,3.28,1342,0.127,295.000,9.808,1.493
0.5982,0.006659,1.107,0.160,3.31,1379,0.145,295.000,9.808,1.493
2.7185,0.014538,0.520,0.560,5.93,4470,1.076,97.000,24.109,2.479
3.1787,0.014475,0.441,0.580,6.16,5145,1.315,97.000,13.195,2.479
1.5687,0.013878,0.871,0.240,3.70,3021,0.275,229.000,12.151,3.371
0.1544,0.002952,1.908,0.080,2.10,394,0.042,241.000,30.324,7.692
0.3303,0.005453,1.646,0.080,2.38,1119,0.049,257.000,34.602,10.000
0.3604,0.005873,1.624,0.080,2.35,1164,0.049,257.000,34.602,10.000
1.5621,0.011989,0.756,0.480,4.77,2727,0.635,209.000,21.224,3.947
0.4366,0.005623,1.283,0.080,3.10,1205,0.062,441.000,13.825,2.400
0.3955,0.004883,1.230,0.060,3.10,1317,0.049,441.000,12.952,2.400
0.4355,0.005241,1.199,0.060,3.16,1341,0.050,441.000,12.181,2.400
0.5313,0.007235,1.355,0.120,2.54,1560,0.089,273.000,29.547,3.614
0.9366,0.009336,0.988,0.240,3.10,2608,0.243,253.000,23.224,2.353
0.5463,0.006482,1.181,0.040,2.79,1202,0.034,337.000,10.732,1.786
0.6341,0.007237,1.135,0.220,3.36,1269,0.194,325.000,12.556,1.408
0.6580,0.007440,1.124,0.220,3.36,1311,0.196,325.000,12.556,1.408
0.3753,0.006092,1.618,0.100,2.54,1005,0.062,211.000,36.980,8.621
0.1566,0.002671,1.704,0.040,2.75,382,0.023,313.000,27.329,3.167
0.4195,0.009162,2.175,0.060,2.14,657,0.028,257.000,40.851,14.286
0.4090,0.008976,2.186,0.060,2.14,651,0.027,257.000,40.851,14.286
0.4130,0.009092,2.193,0.060,2.14,621,0.027,257.000,40.851,14.286
0.1652,0.003591,2.170,0.060,2.26,752,0.028,97.000,51.000,10.345
0.1225,0.002775,2.262,0.0001,1.77,323,0.0001,145.000,42.194,7.407
0.3915,0.004766,1.213,0.080,2.88,1123,0.066,593.000,10.068,1.515
0.3548,0.004320,1.214,0.040,2.77,1097,0.033,593.000,10.105,1.515
0.1171,0.001752,1.494,0.0001,2.57,468,0.0001,241.000,24.327,4.918
0.7852,0.009264,1.171,0.140,2.77,2069,0.120,205.000,26.814,5.051
1.1852,0.011638,0.970,0.300,3.27,3192,0.309,241.000,29.801,7.143
0.5806,0.006651,1.139,0.200,3.22,1564,0.176,137.000,22.958,3.947
1.2748,0.011907,0.922,0.400,9.75,1945,0.434,337.000,20.824,4.762
2.1670,0.015389,0.695,0.460,8.85,2582,0.662,1045.000,20.469,3.960
0.0899,0.001706,1.896,0.020,2.19,352,0.011,241.000,36.393,2.439
0.5674,0.006947,1.218,0.240,2.92,1647,0.197,201.000,28.663,2.970
0.5645,0.006841,1.205,0.120,3.71,1647,0.100,201.000,28.663,2.970
0.4806,0.006394,1.325,0.040,2.97,1097,0.030,249.000,24.221,2.400
0.9569,0.011939,1.236,0.180,2.55,1761,0.146,181.000,32.690,3.390
0.4278,0.005216,1.215,0.040,2.55,1069,0.033,273.000,12.174,1.923
0.9008,0.009913,1.091,0.160,3.51,2011,0.147,329.000,14.693,2.941
0.5541,0.006457,1.159,0.160,4.24,1340,0.138,229.000,10.585,0.971
0.4035,0.005624,1.388,0.040,2.46,1153,0.029,97.000,21.261,11.111
0.2073,0.004719,2.272,0.080,2.41,531,0.035,81.000,53.082,13.158
0.1397,0.003476,2.485,0.040,2.21,361,0.016,81.000,54.370,12.941
0.8404,0.010999,1.298,0.280,4.92,1483,0.216,190.000,34.276,10.000
1.1560,0.010474,0.896,0.160,3.63,2746,0.179,209.000,17.648,2.857
0.4212,0.005795,1.370,0.020,2.29,1227,0.015,433.000,26.967,2.667
1.1629,0.011424,0.971,0.300,4.49,2204,0.309,559.000,33.720,4.089
0.9540,0.008680,0.902,0.060,3.04,2629,0.067,241.000,7.088,1.075
1.2972,0.011453,0.872,0.380,6.08,2258,0.436,225.000,22.665,2.632
0.2634,0.003543,1.342,0.120,2.86,694,0.089,169.000,18.772,2.105
0.9660,0.009525,0.977,0.320,4.13,2107,0.328,189.000,10.740,2.055
0.8095,0.008806,1.079,0.320,4.35,1620,0.296,483.000,12.465,2.258
0.2585,0.005087,1.964,0.040,2.87,471,0.020,385.000,42.701,8.108
0.1504,0.003303,2.194,0.0001,2.16,354,0.0001,289.000,41.239,6.186
0.1625,0.002208,1.357,0.060,2.32,484,0.044,457.000,8.301,1.205
0.5547,0.006844,1.228,0.080,2.67,1390,0.065,325.000,14.322,2.667
0.1156,0.002475,2.139,0.0001,2.23,348,0.0001,289.000,29.563,3.175
0.3417,0.004739,1.383,0.160,2.85,858,0.116,273.000,18.324,3.061
1.9274,0.013604,0.692,0.360,7.74,3303,0.520,181.000,18.265,3.448
0.2495,0.004387,1.754,0.120,2.45,870,0.068,217.000,37.681,3.571
0.3209,0.005244,1.629,0.040,2.43,989,0.025,217.000,38.455,3.571
2.3582,0.015154,0.628,0.220,9.26,4104,0.351,529.000,18.992,3.846
2.4320,0.015135,0.607,0.340,9.69,4166,0.560,529.000,18.992,3.846
0.5792,0.006983,1.199,0.040,3.60,1608,0.033,305.000,23.528,1.667
0.3979,0.007143,1.788,0.080,2.54,905,0.045,289.000,39.812,5.263
0.3770,0.006912,1.827,0.120,2.50,903,0.066,289.000,40.374,5.263
0.3637,0.006985,1.914,0.080,2.46,818,0.042,289.000,41.635,5.263
0.3602,0.007131,1.973,0.080,2.48,760,0.041,289.000,42.728,5.263
0.3543,0.007274,2.046,0.080,2.43,813,0.039,289.000,43.638,5.263
0.3634,0.007731,2.120,0.100,2.45,729,0.047,289.000,44.824,5.263
0.6303,0.008750,1.380,0.180,4.04,1493,0.130,217.000,12.399,3.704
0.7003,0.009332,1.324,0.200,4.38,1550,0.151,217.000,12.399,3.704
0.6667,0.009138,1.362,0.200,4.31,1530,0.147,217.000,12.399,3.704
0.7664,0.009918,1.284,0.240,5.14,1678,0.187,217.000,12.399,3.704
0.6352,0.008750,1.369,0.200,4.24,1432,0.146,217.000,12.399,3.704
0.7357,0.009527,1.286,0.220,4.45,1603,0.171,217.000,12.399,3.704
0.7347,0.009345,1.263,0.320,5.19,1545,0.253,109.000,12.399,3.704
0.6753,0.009242,1.360,0.220,4.32,1485,0.162,217.000,12.399,3.704
0.6707,0.008966,1.328,0.180,4.18,1562,0.136,217.000,12.399,3.704
0.6963,0.009354,1.334,0.180,4.61,1507,0.135,217.000,12.399,3.704
0.6830,0.009341,1.358,0.240,4.38,1492,0.177,217.000,12.399,3.704
0.6904,0.009390,1.351,0.180,4.28,1466,0.133,217.000,12.399,3.704
0.6840,0.009331,1.355,0.120,4.05,1543,0.089,217.000,12.399,3.704
0.2584,0.003350,1.293,0.080,2.10,898,0.062,265.000,13.606,2.128
0.1608,0.002127,1.321,0.020,2.31,528,0.015,187.000,13.606,1.961
0.2153,0.002582,1.197,0.040,1.97,1108,0.033,199.000,11.580,1.538
0.1836,0.002860,1.555,0.100,3.35,498,0.064,249.000,20.006,3.704
0.6536,0.007789,1.184,0.120,2.70,1698,0.101,257.000,20.171,3.529
0.4918,0.007437,1.505,0.020,2.00,912,0.013,109.000,28.367,7.692
0.5102,0.007649,1.492,0.020,2.02,910,0.013,109.000,28.367,7.692
0.7107,0.008202,1.146,0.180,2.58,1860,0.157,169.000,14.548,2.703
0.3271,0.004337,1.322,0.040,2.28,888,0.030,217.000,12.197,2.041
1.8807,0.013439,0.701,0.540,4.80,3750,0.770,73.000,21.906,5.455
1.2948,0.011844,0.903,0.320,4.31,3029,0.354,145.000,29.209,8.108
1.2809,0.011716,0.903,0.320,4.31,3029,0.354,145.000,29.209,8.108
2.4427,0.014310,0.572,0.460,5.81,4837,0.805,265.000,15.705,2.778
0.5452,0.009329,1.702,0.080,2.97,1178,0.047,241.000,42.151,5.000
1.1349,0.012150,1.059,0.260,3.52,2421,0.246,193.000,24.621,4.878
0.0863,0.002084,2.412,0.040,2.36,292,0.017,109.000,44.825,5.556
3.5093,0.015012,0.413,0.560,5.69,5755,1.356,157.000,13.166,2.083
0.6805,0.008549,1.248,0.160,3.25,1855,0.128,177.000,32.388,4.762
0.6339,0.009466,1.484,0.140,2.91,1274,0.094,225.000,33.303,8.571
0.7014,0.010290,1.457,0.180,3.10,1264,0.124,225.000,33.303,8.571
0.6320,0.005977,0.940,0.120,2.51,3421,0.128,113.000,16.129,2.098
1.3031,0.012352,0.936,0.300,5.66,3171,0.321,241.000,29.801,7.143
1.2432,0.010387,0.826,0.280,5.76,2428,0.339,361.000,16.361,1.449
0.2442,0.003405,1.391,0.020,2.30,815,0.014,189.000,18.862,1.765
1.2492,0.010225,0.809,0.240,5.87,2428,0.297,361.000,15.921,1.449
0.0762,0.002085,2.732,0.0001,1.67,357,0.0001,181.000,51.117,10.000
0.0180,0.000428,2.376,0.0001,1.55,158,0.0001,73.000,33.126,8.772
1.5834,0.013078,0.813,0.420,4.09,3026,0.517,229.000,17.901,4.950
1.1220,0.010335,0.911,0.140,4.06,2343,0.154,297.000,13.210,3.540
0.2141,0.003014,1.405,0.040,2.14,824,0.028,225.000,16.700,2.632
0.2484,0.005608,2.253,0.140,2.70,610,0.062,289.000,45.500,6.250
0.5649,0.007697,1.355,0.180,2.67,1383,0.133,193.000,14.953,2.817
0.7381,0.010842,1.458,0.180,3.10,1273,0.123,225.000,33.303,8.571
1.4321,0.013725,0.945,0.320,5.57,3158,0.339,241.000,29.209,7.143
2.2297,0.014288,0.627,0.460,10.84,2348,0.734,133.000,11.512,3.175
0.1248,0.002074,1.660,0.020,2.16,449,0.012,289.000,33.629,3.922
0.3175,0.005214,1.638,0.020,2.05,636,0.012,321.000,15.285,3.125
1.0013,0.009259,0.916,0.260,4.14,2368,0.284,241.000,13.107,1.136
0.6948,0.006952,0.994,0.140,2.68,2143,0.141,241.000,7.328,1.136
0.1923,0.002610,1.355,0.040,2.27,552,0.030,273.000,15.685,1.299
1.2660,0.012750,0.995,0.160,3.22,2087,0.161,145.000,13.034,5.556
1.4332,0.014163,0.974,0.280,3.50,2203,0.287,145.000,13.034,5.556
0.4441,0.006478,1.453,0.0001,1.49,672,0.0001,217.000,13.034,5.556
0.1972,0.003512,1.778,0.060,1.97,618,0.034,225.000,27.730,3.797
0.1871,0.003535,1.886,0.060,1.94,581,0.032,225.000,30.152,3.797
0.2001,0.003749,1.871,0.060,1.94,587,0.032,225.000,29.762,3.797
0.1861,0.003561,1.910,0.060,1.94,575,0.031,225.000,30.664,3.797
0.1949,0.003517,1.801,0.060,1.95,597,0.033,225.000,28.115,3.797
0.2098,0.003829,1.822,0.060,1.96,611,0.033,225.000,28.810,3.797
0.1918,0.003529,1.837,0.060,1.94,590,0.033,225.000,28.990,3.797
0.1845,0.003506,1.897,0.060,1.94,581,0.032,225.000,30.414,3.797
0.1937,0.003618,1.865,0.060,1.94,579,0.032,225.000,29.578,3.797
0.6879,0.007826,1.130,0.120,2.84,1609,0.106,241.000,14.808,2.439
0.6878,0.008046,1.162,0.120,2.69,1566,0.103,241.000,14.808,2.439
0.1845,0.002753,1.489,0.020,2.20,518,0.013,289.000,15.486,2.679
0.5701,0.009021,1.574,0.240,3.06,1218,0.153,241.000,39.275,5.000
0.4247,0.005048,1.184,0.060,2.65,1205,0.051,385.000,9.726,1.695
0.5243,0.009180,1.742,0.200,2.99,1120,0.115,241.000,43.693,5.000
0.7119,0.011058,1.543,0.280,3.54,1184,0.182,241.000,41.064,5.263
0.1459,0.002290,1.567,0.0001,1.50,740,0.0001,217.000,23.676,5.556
0.8445,0.009548,1.121,0.080,3.02,1885,0.071,145.000,23.676,5.556
1.2096,0.012044,0.984,0.380,3.94,2370,0.386,145.000,23.676,5.556
1.2962,0.010746,0.818,0.420,4.16,2842,0.513,193.000,19.217,3.030
1.8039,0.012511,0.681,0.480,5.22,3326,0.705,233.000,14.815,1.333
0.6558,0.010094,1.529,0.060,2.11,1741,0.039,97.000,29.817,11.765
0.2620,0.005100,1.942,0.040,2.23,614,0.021,273.000,42.236,3.571
0.3438,0.004525,1.312,0.100,3.69,1098,0.076,97.000,24.043,7.692
0.4179,0.005020,1.197,0.040,2.36,1339,0.033,265.000,11.833,1.818
0.8852,0.009793,1.097,0.260,4.52,1804,0.237,297.000,26.172,5.495
1.1919,0.011483,0.952,0.260,3.42,3051,0.273,149.000,27.813,6.122
0.3288,0.004369,1.325,0.080,2.60,817,0.060,281.000,10.297,0.935
0.4668,0.005694,1.215,0.060,2.55,1240,0.049,285.000,11.329,0.980
0.4481,0.005462,1.214,0.100,2.56,1291,0.082,285.000,11.329,0.980
2.3083,0.014286,0.605,0.380,7.47,3726,0.628,145.000,33.981,7.547
2.4085,0.014536,0.589,0.400,7.55,3668,0.679,145.000,33.981,7.547
2.3186,0.014042,0.592,0.400,7.54,3682,0.676,145.000,33.981,7.547
2.3706,0.014316,0.590,0.380,7.55,3810,0.644,145.000,33.981,7.547
2.4183,0.014607,0.590,0.400,7.54,3667,0.679,145.000,33.981,7.547
2.4421,0.014755,0.590,0.400,7.55,3575,0.679,145.000,33.981,7.547
0.2700,0.003601,1.331,0.0001,2.35,1009,0.0001,265.000,18.262,1.786
0.5211,0.006363,1.215,0.180,3.42,1333,0.148,157.000,21.415,1.408
0.5909,0.006504,1.095,0.060,2.98,1590,0.055,213.000,8.607,1.176
0.1634,0.002174,1.329,0.020,2.57,579,0.015,209.000,15.979,2.597
0.3340,0.004186,1.250,0.020,2.54,1010,0.016,209.000,13.483,2.128
0.4007,0.004638,1.153,0.060,2.80,1292,0.052,273.000,12.410,2.041
1.5352,0.013109,0.841,0.620,7.74,2370,0.737,1393.000,24.101,3.226
0.5389,0.006688,1.235,0.020,2.49,1834,0.016,113.000,28.683,5.000
0.5486,0.006779,1.229,0.080,2.50,1860,0.065,113.000,28.683,5.000
0.2670,0.003988,1.490,0.040,2.04,907,0.027,217.000,34.222,4.762
0.3940,0.004986,1.261,0.060,2.06,1105,0.048,217.000,20.272,4.762
1.6288,0.017479,1.056,0.340,7.70,1993,0.322,121.000,38.562,8.108
0.9723,0.011363,1.157,0.340,8.26,1835,0.294,121.000,49.085,8.108
0.2203,0.003399,1.540,0.080,2.26,956,0.052,81.000,34.642,4.000
0.7785,0.009678,1.234,0.100,3.02,2193,0.081,241.000,28.000,3.448
0.7971,0.009629,1.199,0.100,3.19,2082,0.083,241.000,28.000,3.448
0.8189,0.009895,1.199,0.100,3.18,2091,0.083,241.000,28.000,3.448
0.7655,0.008265,1.072,0.200,3.33,1789,0.187,177.000,20.234,3.846
0.4105,0.006000,1.456,0.060,2.00,931,0.041,109.000,29.259,7.692
0.6042,0.009466,1.558,0.040,1.95,838,0.026,109.000,30.299,7.692
0.3039,0.004766,1.564,0.040,1.98,853,0.026,109.000,32.625,7.692
0.0248,0.000348,1.403,0.020,1.48,176,0.014,82.000,15.255,7.692
0.1406,0.002296,1.631,0.020,2.72,509,0.012,325.000,26.411,4.762
0.6119,0.007674,1.247,0.160,4.51,1814,0.128,337.000,25.378,2.128
0.1558,0.003574,2.291,0.0001,2.23,325,0.0001,321.000,40.523,3.333
1.3100,0.012304,0.927,0.340,5.07,2112,0.367,241.000,29.705,2.439
1.2676,0.012094,0.942,0.340,5.05,2075,0.361,241.000,30.485,2.439
1.2361,0.011838,0.946,0.240,5.06,2196,0.254,241.000,30.783,2.439
1.4476,0.011835,0.806,0.380,5.06,2468,0.471,241.000,19.120,2.439
0.6692,0.008101,1.203,0.160,2.53,1560,0.133,217.000,19.259,3.226
0.6481,0.008461,1.298,0.100,3.20,1275,0.077,289.000,19.259,3.226
0.6643,0.008557,1.280,0.140,3.14,1308,0.109,289.000,19.259,3.226
0.6517,0.008516,1.299,0.100,3.19,1262,0.077,289.000,19.259,3.226
0.4603,0.006114,1.322,0.160,3.90,1390,0.121,244.000,31.222,7.692
0.4664,0.006270,1.339,0.180,3.85,1256,0.134,190.000,30.874,6.667
1.3379,0.015340,1.131,0.400,5.81,1570,0.354,190.000,36.536,11.111
1.3095,0.015029,1.133,0.360,5.64,1577,0.318,190.000,36.536,11.111
1.2945,0.014937,1.139,0.400,5.79,1575,0.351,190.000,36.536,11.111
0.1453,0.002601,1.788,0.020,2.04,568,0.011,433.000,31.075,2.857
0.1452,0.002623,1.805,0.020,2.09,571,0.011,433.000,31.812,2.857
0.3073,0.004696,1.524,0.020,2.60,818,0.013,245.000,28.349,2.469
0.3036,0.004971,1.632,0.0001,2.59,774,0.0001,245.000,31.061,2.469
0.9061,0.010133,1.108,0.240,4.64,2172,0.217,325.000,24.353,5.882
1.8943,0.012944,0.671,0.400,5.56,3597,0.597,115.000,17.851,3.030
1.8808,0.012978,0.677,0.420,5.04,3669,0.620,115.000,17.851,3.030
1.7700,0.012488,0.693,0.400,5.13,3438,0.577,115.000,17.851,3.030
1.4130,0.012063,0.842,0.260,4.42,2833,0.309,153.000,17.851,3.030
0.3624,0.006074,1.670,0.100,3.81,813,0.060,257.000,30.537,5.618
0.5742,0.007743,1.341,0.320,3.58,1598,0.239,139.000,27.098,5.128
0.3383,0.005939,1.750,0.120,3.95,798,0.069,257.000,28.659,5.618
0.3596,0.005776,1.601,0.100,3.59,802,0.062,257.000,32.555,5.618
0.2447,0.004289,1.749,0.080,2.89,816,0.046,233.000,30.327,6.024
1.2793,0.015247,1.177,0.400,5.77,1469,0.340,190.000,37.793,11.111
1.3104,0.015535,1.170,0.380,5.66,1534,0.325,190.000,37.793,11.111
1.3159,0.015739,1.181,0.400,5.76,1516,0.339,190.000,37.793,11.111
1.2275,0.014660,1.180,0.320,5.77,1456,0.271,163.000,37.550,10.000
1.3355,0.015870,1.173,0.320,5.77,1502,0.273,190.000,37.793,11.111
0.3489,0.004789,1.368,0.040,3.58,877,0.029,137.000,15.175,1.167
0.1676,0.002884,1.718,0.020,1.76,393,0.012,273.000,30.108,7.273
0.1699,0.002927,1.720,0.020,1.76,388,0.012,273.000,30.108,7.273
0.1855,0.003181,1.712,0.040,1.77,409,0.023,273.000,30.108,7.273
0.3707,0.004620,1.242,0.040,2.67,1020,0.032,377.000,16.861,3.008
1.5342,0.011418,0.733,0.440,8.64,2811,0.600,361.000,23.611,4.145
1.3720,0.010842,0.780,0.320,9.49,2323,0.410,415.000,25.621,5.714
0.0954,0.001869,1.958,0.040,1.99,484,0.020,257.000,39.444,2.459
0.2367,0.003584,1.511,0.040,4.00,644,0.026,280.000,24.041,1.852
0.2705,0.003142,1.159,0.020,3.54,985,0.017,289.000,9.592,1.370
0.1626,0.003573,2.193,0.0001,1.72,280,0.0001,433.000,30.317,8.108
0.2541,0.004419,1.735,0.020,2.40,966,0.012,325.000,39.316,4.575
3.6321,0.015555,0.413,0.640,6.80,5154,1.550,185.000,16.582,2.752
0.0964,0.002177,2.257,0.040,2.34,293,0.018,109.000,42.550,5.556
0.0959,0.002154,2.244,0.060,2.36,275,0.027,109.000,42.550,5.556
0.0859,0.001245,1.448,0.0001,2.19,439,0.0001,313.000,17.713,1.562
0.9173,0.008485,0.917,0.240,5.73,2314,0.262,121.000,28.740,4.348
0.9578,0.008718,0.902,0.260,5.81,2534,0.288,121.000,28.740,4.348
0.9365,0.008537,0.903,0.260,5.81,2530,0.288,121.000,28.740,4.348
0.4927,0.006060,1.224,0.140,5.03,1085,0.114,586.000,16.478,2.857
0.5074,0.006243,1.225,0.140,5.01,1089,0.114,586.000,16.478,2.857
0.5880,0.006725,1.137,0.220,2.77,1838,0.193,237.000,19.184,3.125
0.5360,0.008721,1.619,0.260,3.02,1197,0.161,241.000,40.526,5.000
0.5090,0.006122,1.197,0.060,2.87,1441,0.050,313.000,14.622,2.597
1.4922,0.013821,0.912,0.460,5.94,2774,0.504,121.000,37.601,8.772
0.2779,0.003879,1.392,0.060,2.44,931,0.043,185.000,21.842,3.646
1.5376,0.011234,0.720,0.440,6.66,2528,0.611,175.000,19.445,2.073
1.5391,0.011215,0.718,0.460,6.59,2493,0.641,175.000,18.859,2.073
1.9322,0.014708,0.747,0.380,6.79,3115,0.509,97.000,26.887,3.704
1.7211,0.013791,0.788,0.340,5.02,3204,0.432,113.000,24.928,3.448
0.6083,0.007781,1.272,0.120,2.96,1182,0.094,241.000,8.855,1.613
0.5827,0.007717,1.317,0.140,3.15,1216,0.106,241.000,15.634,1.613
0.5492,0.006402,1.160,0.120,3.91,1610,0.103,481.000,13.396,2.118
0.5314,0.006191,1.159,0.080,2.37,1974,0.069,105.000,24.446,4.167
0.8665,0.010950,1.253,0.160,2.31,2009,0.128,321.000,26.924,4.000
1.3302,0.011700,0.868,0.340,3.89,2664,0.392,161.000,24.869,1.887
0.4272,0.005998,1.398,0.120,2.70,1060,0.086,257.000,25.334,5.556
0.3451,0.005019,1.450,0.020,2.09,844,0.014,257.000,25.866,5.556
0.3679,0.005321,1.441,0.020,2.08,816,0.014,257.000,25.306,5.556
0.3471,0.004966,1.426,0.020,2.19,915,0.014,257.000,26.075,5.556
0.7813,0.009459,1.202,0.140,2.77,1464,0.116,241.000,18.129,3.636
0.9066,0.009968,1.090,0.100,2.98,1835,0.092,241.000,18.190,3.636
0.3002,0.003635,1.208,0.020,3.07,812,0.017,161.000,11.959,1.852
1.7054,0.012679,0.731,0.400,5.03,3476,0.547,125.000,25.448,4.819
0.4711,0.007721,1.631,0.240,4.47,1055,0.147,145.000,40.323,4.255
0.6128,0.008093,1.313,0.240,4.55,1320,0.183,145.000,26.425,4.255
1.1063,0.010644,0.952,0.200,3.57,2766,0.210,193.000,23.014,4.478
1.0478,0.009218,0.871,0.280,2.71,3129,0.322,165.000,6.776,0.917
0.4256,0.005890,1.378,0.060,1.99,1388,0.044,133.000,14.791,3.226
0.5798,0.007655,1.313,0.060,2.21,1499,0.046,217.000,23.676,5.556
0.6023,0.007868,1.299,0.060,2.25,1462,0.046,217.000,23.676,5.556
0.5876,0.007771,1.315,0.040,2.21,1512,0.030,217.000,23.676,5.556
1.2263,0.012284,0.990,0.240,3.89,2285,0.242,193.000,23.676,5.556
1.1935,0.011984,0.992,0.240,3.90,2327,0.242,193.000,23.676,5.556
0.1389,0.003550,2.552,0.040,2.22,323,0.016,161.000,51.001,11.304
0.2259,0.004429,1.957,0.0001,2.20,237,0.0001,337.000,34.228,5.538
0.3330,0.004612,1.381,0.040,2.61,1052,0.029,309.000,24.552,2.459
0.9113,0.009737,1.059,0.120,3.25,2255,0.113,137.000,28.495,2.985
0.3117,0.003974,1.271,0.080,2.71,884,0.063,273.000,18.495,2.778
0.4226,0.005134,1.210,0.140,3.34,1075,0.116,343.000,10.258,1.775
0.0875,0.001587,1.812,0.020,1.66,342,0.011,61.000,25.850,4.348
0.0783,0.001715,2.188,0.020,1.69,308,0.009,61.000,39.609,4.348
0.1610,0.002406,1.493,0.0001,1.97,417,0.0001,465.000,12.077,1.980
0.2774,0.003748,1.347,0.040,2.18,1002,0.030,37.000,25.394,4.167
0.5283,0.006875,1.295,0.120,2.75,1398,0.093,313.000,21.266,3.846
0.4321,0.005253,1.211,0.180,3.48,823,0.149,259.000,11.518,1.786
1.3457,0.016134,1.183,0.260,5.72,1535,0.220,253.000,37.793,11.111
1.2601,0.015151,1.187,0.360,5.57,1434,0.303,190.000,37.793,11.111
1.9048,0.013761,0.709,0.460,5.06,3489,0.649,169.000,18.429,2.105
0.5427,0.006325,1.159,0.100,3.63,1627,0.086,127.000,25.749,2.190
1.2479,0.010068,0.797,0.200,8.14,2401,0.251,601.000,14.198,2.198
1.0072,0.008980,0.883,0.300,4.93,2209,0.340,685.000,10.521,1.626
1.0852,0.015395,1.403,0.180,3.45,1317,0.128,73.000,37.260,9.924
0.4806,0.005665,1.174,0.160,3.37,1073,0.136,273.000,13.301,1.961
0.1844,0.002752,1.490,0.0001,2.28,417,0.0001,385.000,14.416,2.941
0.2832,0.003921,1.381,0.0001,1.87,605,0.0001,313.000,13.495,2.632
0.3118,0.004106,1.313,0.0001,2.29,885,0.0001,225.000,12.626,2.500
0.5366,0.006323,1.172,0.160,3.44,1247,0.136,249.000,14.014,2.083
0.1121,0.004477,3.990,0.020,2.36,270,0.005,59.000,70.374,18.310
0.2326,0.002876,1.234,0.020,1.84,923,0.016,361.000,22.070,4.000
0.6352,0.007081,1.108,0.140,2.91,1901,0.126,337.000,15.344,1.471
1.2750,0.012713,0.985,0.220,3.53,2967,0.223,185.000,28.354,3.571
0.1979,0.002745,1.385,0.040,2.09,594,0.029,297.000,18.156,3.226
1.1974,0.010568,0.872,0.240,2.35,3714,0.275,145.000,28.415,4.762
0.1731,0.003039,1.753,0.040,2.34,569,0.023,151.000,27.843,3.509
0.4926,0.006928,1.400,0.140,2.40,1392,0.100,257.000,33.032,2.857
0.1102,0.004060,3.678,0.020,2.01,280,0.005,121.000,68.159,15.534
0.5072,0.007194,1.411,0.020,2.25,1118,0.014,433.000,24.922,5.714
0.9756,0.010432,1.059,0.220,4.38,1945,0.208,217.000,26.735,2.581
0.7921,0.013962,1.749,0.400,5.29,1302,0.229,16.000,69.054,32.710
0.7990,0.014062,1.746,0.340,5.27,1315,0.195,16.000,69.054,32.710
0.1433,0.001806,1.258,0.040,2.46,568,0.032,397.000,12.174,1.852
0.1822,0.002695,1.477,0.020,2.00,402,0.014,233.000,15.519,2.609
0.5959,0.006830,1.140,0.040,2.33,1534,0.035,73.000,15.255,7.692
0.3645,0.004781,1.307,0.080,2.50,1178,0.061,593.000,12.788,2.151
0.0896,0.001541,1.719,0.020,3.10,394,0.012,397.000,28.353,3.333
0.1916,0.003260,1.699,0.060,2.14,417,0.035,193.000,27.077,5.556
0.1456,0.002130,1.461,0.0001,2.14,433,0.0001,249.000,13.443,2.062
0.3255,0.004642,1.422,0.0001,2.20,925,0.0001,297.000,22.161,2.290
0.4115,0.005396,1.306,0.100,3.32,948,0.077,161.000,21.080,2.098
0.4664,0.005976,1.276,0.040,2.94,1245,0.031,233.000,19.874,3.175
0.7518,0.008580,1.133,0.180,2.80,1766,0.159,209.000,22.706,4.082
0.2596,0.003739,1.437,0.160,3.32,765,0.111,129.000,25.004,3.704
0.7807,0.008979,1.141,0.140,2.78,2347,0.123,113.000,27.880,4.545
0.2906,0.004490,1.541,0.100,2.45,859,0.065,217.000,30.808,6.250
0.7624,0.008501,1.107,0.120,2.62,2371,0.108,161.000,28.244,5.263
0.8988,0.008630,0.952,0.280,3.46,2082,0.294,225.000,13.924,1.961
0.2145,0.003639,1.693,0.080,3.10,504,0.047,129.000,24.268,5.263
0.2077,0.003581,1.721,0.080,3.03,493,0.046,129.000,24.268,5.263
0.2068,0.003520,1.699,0.080,3.07,528,0.047,129.000,24.268,5.263
0.2054,0.003513,1.707,0.060,2.97,507,0.035,129.000,24.268,5.263
0.5328,0.006333,1.183,0.040,3.80,1454,0.034,273.000,14.513,2.439
0.1370,0.001827,1.333,0.040,2.07,529,0.030,369.000,9.130,1.550
0.1185,0.001527,1.288,0.0001,2.04,586,0.0001,369.000,8.596,1.550
1.0989,0.009511,0.856,0.360,6.25,1932,0.420,281.000,12.596,1.802
1.1452,0.009945,0.859,0.200,5.79,2018,0.233,289.000,13.343,2.062
0.1748,0.002922,1.668,0.040,2.45,670,0.024,257.000,28.933,3.030
0.3536,0.004654,1.312,0.100,2.54,857,0.076,417.000,14.956,2.564
0.6611,0.009318,1.400,0.200,4.27,1487,0.143,97.000,26.827,6.977
0.6698,0.009426,1.398,0.260,4.28,1517,0.186,97.000,26.827,6.977
0.0383,0.000496,1.295,0.0001,1.70,353,0.0001,121.000,7.853,2.857
1.4421,0.011701,0.800,0.160,3.59,4230,0.200,181.000,12.174,6.522
0.7762,0.007673,0.981,0.220,3.87,1858,0.224,289.000,9.443,3.546
0.3807,0.004224,1.106,0.020,2.73,1390,0.018,211.000,8.678,2.970
0.3544,0.004414,1.241,0.0001,1.99,1624,0.0001,289.000,15.449,4.000
0.3144,0.003947,1.252,0.0001,1.97,1510,0.0001,289.000,15.449,4.000
0.4333,0.007133,1.639,0.160,3.14,980,0.098,139.000,24.568,5.319
0.5352,0.008389,1.559,0.260,4.56,935,0.167,136.000,25.769,6.098
0.5095,0.008116,1.585,0.260,4.64,975,0.164,139.000,26.357,6.173
0.5182,0.008377,1.608,0.260,4.66,894,0.162,136.000,26.670,6.098
1.0446,0.012987,1.231,0.320,3.54,1689,0.260,209.000,28.030,5.882
1.0441,0.012959,1.229,0.320,3.55,1692,0.260,209.000,28.030,5.882
0.1593,0.002665,1.671,0.060,3.54,609,0.036,145.000,30.681,4.950
0.1683,0.002892,1.715,0.060,3.54,583,0.035,145.000,31.600,4.950
0.2390,0.003674,1.534,0.040,2.08,920,0.026,253.000,30.347,5.882
0.5827,0.007571,1.292,0.120,2.91,1210,0.093,249.000,19.792,3.475
1.1425,0.012908,1.117,0.340,5.36,1747,0.304,118.000,28.431,3.704
0.7838,0.010898,1.380,0.080,4.46,1104,0.058,118.000,28.431,3.704
1.0383,0.012249,1.168,0.260,4.68,1643,0.223,118.000,28.431,3.704
0.2760,0.004404,1.592,0.020,2.36,750,0.013,245.000,26.989,3.158
0.2936,0.004484,1.523,0.020,2.37,861,0.013,245.000,25.001,3.158
0.3049,0.004727,1.546,0.020,2.38,839,0.013,245.000,26.255,3.158
0.2842,0.004462,1.566,0.020,2.37,818,0.013,245.000,26.427,3.158
0.1418,0.002034,1.433,0.040,1.99,506,0.028,225.000,11.318,1.639
0.2102,0.003324,1.578,0.0001,2.89,511,0.0001,241.000,27.684,3.571
0.1412,0.002282,1.614,0.0001,1.90,464,0.0001,241.000,27.072,3.509
0.1876,0.002928,1.559,0.0001,2.75,503,0.0001,241.000,26.211,3.571
0.1947,0.002726,1.398,0.0001,2.49,449,0.0001,265.000,20.489,3.659
0.4581,0.005405,1.175,0.040,2.09,1468,0.034,289.000,9.808,1.527
0.4312,0.006545,1.512,0.040,2.14,798,0.026,321.000,27.448,3.030
0.5876,0.007843,1.327,0.180,3.47,1365,0.136,117.000,15.116,1.695
0.5146,0.007353,1.422,0.120,3.18,1247,0.084,117.000,14.980,1.695
0.5340,0.007477,1.393,0.140,3.24,1252,0.101,117.000,14.550,1.695
0.5644,0.008011,1.412,0.140,3.39,1248,0.099,117.000,15.116,1.695
0.9106,0.010448,1.137,0.200,2.96,2187,0.176,229.000,24.657,5.195
2.0367,0.013089,0.630,0.400,6.04,3448,0.635,425.000,9.810,1.582
1.9268,0.012321,0.627,0.320,5.89,2995,0.510,429.000,9.559,1.529
2.3276,0.013768,0.578,0.340,5.63,3990,0.588,417.000,10.000,1.650
0.1786,0.002680,1.498,0.020,2.08,624,0.013,257.000,26.151,2.655
0.1557,0.002345,1.504,0.060,2.09,578,0.040,257.000,26.151,2.655
0.2963,0.004413,1.486,0.020,2.25,768,0.013,289.000,19.449,3.704
0.2926,0.004400,1.500,0.040,2.22,728,0.027,289.000,19.449,3.704
0.2759,0.004341,1.569,0.040,2.37,539,0.025,193.000,35.280,14.286
0.0574,0.000840,1.461,0.060,1.80,480,0.041,289.000,18.289,1.818
0.2921,0.003727,1.273,0.0001,2.35,1036,0.0001,305.000,11.320,1.695
0.3423,0.004081,1.189,0.100,3.64,736,0.084,157.000,14.976,2.000
1.3672,0.012536,0.905,0.200,3.40,3157,0.221,185.000,18.711,3.571
1.4229,0.012829,0.889,0.240,3.45,3139,0.270,185.000,18.711,3.571
0.3073,0.003998,1.297,0.040,2.66,1088,0.031,217.000,22.236,2.128
0.7787,0.007940,1.012,0.220,3.43,1801,0.217,353.000,10.578,1.639
0.6753,0.008361,1.230,0.220,4.96,1621,0.179,121.000,34.405,3.817
0.7130,0.008868,1.235,0.240,4.95,1623,0.194,121.000,34.518,3.817
0.6975,0.008719,1.242,0.220,4.93,1635,0.177,121.000,34.889,3.817
0.1637,0.003396,2.072,0.100,2.41,552,0.048,145.000,42.577,5.000
0.4212,0.005896,1.394,0.080,2.14,1060,0.057,353.000,16.800,4.000
0.1094,0.002218,2.025,0.060,2.95,249,0.030,241.000,29.467,4.615
0.1093,0.002224,2.033,0.040,2.97,284,0.020,241.000,29.874,4.615
0.1154,0.002248,1.946,0.060,2.99,258,0.031,241.000,27.407,4.615
0.1173,0.002231,1.900,0.020,3.02,262,0.011,241.000,27.497,4.615
0.1105,0.002137,1.932,0.040,2.99,261,0.021,241.000,27.804,4.615
0.1108,0.002182,1.967,0.060,2.96,278,0.031,241.000,28.253,4.615
0.1076,0.002140,1.987,0.040,2.97,286,0.020,241.000,28.370,4.615
0.1013,0.002015,1.986,0.040,3.00,246,0.020,241.000,28.753,4.615
0.1106,0.002198,1.985,0.020,3.00,260,0.010,241.000,28.874,4.615
0.0951,0.001907,2.004,0.040,2.99,245,0.020,241.000,29.129,4.615
0.1067,0.002150,2.013,0.020,2.98,268,0.010,241.000,29.302,4.615
0.4555,0.005777,1.263,0.140,2.78,1101,0.111,225.000,14.479,2.564
0.5789,0.007109,1.221,0.140,3.15,1346,0.115,209.000,16.642,4.918
2.0049,0.014219,0.695,0.460,4.26,3769,0.662,201.000,18.868,3.704
1.3210,0.010530,0.787,0.460,7.21,2431,0.585,226.000,17.161,2.767
1.3097,0.011982,0.903,0.360,5.02,2791,0.399,208.000,27.085,6.667
0.3552,0.004726,1.326,0.0001,2.76,849,0.0001,193.000,15.622,2.381
0.5232,0.008109,1.542,0.020,2.20,936,0.013,305.000,23.821,6.383
0.5583,0.007334,1.306,0.100,2.64,1210,0.077,241.000,19.411,4.545
0.5608,0.006501,1.153,0.060,2.72,1414,0.052,161.000,16.531,2.564
0.9527,0.010767,1.120,0.320,9.07,1767,0.286,529.000,27.282,4.000
0.2034,0.003099,1.521,0.040,2.52,529,0.026,129.000,29.123,2.857
1.6692,0.013265,0.782,0.280,3.97,3813,0.358,181.000,20.795,4.000
0.1922,0.003928,2.040,0.020,2.15,559,0.010,193.000,39.166,4.651
0.1875,0.003843,2.046,0.080,2.23,574,0.039,193.000,39.983,4.651
0.1780,0.003575,2.005,0.080,2.22,601,0.040,193.000,38.913,4.651
0.1714,0.003447,2.008,0.0001,2.22,594,0.0001,193.000,38.913,4.651
1.0190,0.010883,1.057,0.160,4.83,2288,0.151,481.000,20.795,4.000
0.2225,0.003242,1.454,0.040,2.37,850,0.028,321.000,26.354,2.632
0.3417,0.004589,1.339,0.060,2.27,1178,0.045,321.000,25.516,2.439
1.1426,0.011050,0.956,0.200,4.35,2764,0.209,208.000,21.857,4.918
1.3767,0.009946,0.713,0.240,5.02,3889,0.337,241.000,14.685,1.961
0.6669,0.007679,1.144,0.140,2.67,1865,0.122,313.000,19.147,3.306
0.5069,0.006586,1.293,0.040,2.46,1361,0.031,241.000,19.430,3.333
1.1815,0.010974,0.918,0.240,3.35,2816,0.261,165.000,19.764,4.211
1.1499,0.010469,0.900,0.160,3.46,2920,0.178,165.000,21.262,4.167
1.1512,0.010771,0.925,0.180,3.44,2828,0.195,165.000,22.332,4.167
0.2458,0.003550,1.442,0.0001,2.20,842,0.0001,169.000,20.769,3.738
0.1062,0.003239,3.048,0.040,1.87,213,0.013,289.000,55.152,5.882
0.5543,0.007041,1.264,0.180,3.49,1236,0.142,181.000,20.414,2.222
0.6225,0.007208,1.151,0.180,3.36,1381,0.156,181.000,11.139,2.222
0.9865,0.011987,1.203,0.220,4.32,2050,0.183,225.000,44.669,5.714
0.7043,0.009436,1.331,0.200,4.44,1521,0.150,217.000,12.399,3.704
0.7572,0.009717,1.274,0.220,4.53,1560,0.173,217.000,12.399,3.704
0.7172,0.009484,1.313,0.380,4.27,1522,0.289,217.000,12.399,3.704
0.7089,0.009372,1.313,0.140,4.35,1540,0.107,217.000,12.399,3.704
0.3740,0.004802,1.279,0.060,2.50,970,0.047,241.000,12.654,2.174
0.3601,0.004675,1.294,0.120,2.46,940,0.093,233.000,12.627,2.128
0.2382,0.004588,1.921,0.060,2.38,721,0.031,73.000,42.074,11.111
0.2530,0.004872,1.921,0.060,2.42,741,0.031,73.000,42.074,11.111
0.3001,0.005460,1.814,0.080,2.63,875,0.044,73.000,42.074,11.111
0.7730,0.009295,1.193,0.100,3.04,1645,0.084,289.000,8.963,1.754
0.1492,0.002517,1.685,0.020,1.87,494,0.012,217.000,24.304,4.878
0.0849,0.001521,1.790,0.040,2.46,414,0.022,209.000,32.919,3.774
1.3889,0.010990,0.781,0.340,6.02,2869,0.436,559.000,17.536,2.655
0.4002,0.005408,1.346,0.080,2.57,1152,0.059,289.000,18.716,1.923
0.4829,0.006031,1.243,0.080,3.07,1183,0.064,185.000,14.675,2.721
0.6085,0.009542,1.559,0.180,4.07,846,0.115,433.000,24.942,7.692
1.0682,0.011435,1.059,0.140,2.49,2612,0.132,289.000,19.449,3.704
0.5855,0.006827,1.160,0.040,2.23,2107,0.034,289.000,19.449,3.704
1.2379,0.010608,0.847,0.400,4.00,2164,0.472,201.000,9.671,1.493
1.0231,0.009651,0.934,0.280,3.56,1868,0.300,201.000,9.671,1.493
0.6988,0.007625,1.084,0.200,2.82,1534,0.184,401.000,9.671,1.493
0.2270,0.004482,1.970,0.060,2.30,705,0.030,73.000,42.074,11.111
0.2776,0.005255,1.888,0.060,2.45,771,0.032,73.000,42.074,11.111
0.2214,0.004390,1.979,0.060,2.28,668,0.030,73.000,42.074,11.111
0.2512,0.004772,1.895,0.060,2.43,765,0.032,73.000,42.074,11.111
0.4278,0.005443,1.267,0.080,2.44,1140,0.063,369.000,9.662,1.587
0.4055,0.005144,1.264,0.040,2.37,1125,0.032,369.000,9.662,1.587
0.2711,0.003527,1.298,0.060,2.06,974,0.046,353.000,9.240,1.408
0.2372,0.003095,1.302,0.040,2.06,917,0.031,353.000,9.240,1.408
1.3692,0.016536,1.191,0.220,5.54,1935,0.185,225.000,36.214,6.977
0.5290,0.006455,1.214,0.120,3.84,1678,0.099,61.000,27.828,5.645
0.4512,0.006479,1.430,0.140,4.00,1001,0.098,121.000,27.828,5.645
0.7080,0.008621,1.209,0.240,4.56,1686,0.198,145.000,32.625,8.235
0.7068,0.008623,1.211,0.160,4.58,1608,0.132,145.000,32.625,8.235
0.7253,0.008930,1.222,0.120,4.55,1633,0.098,145.000,32.625,8.235
0.9180,0.010607,1.145,0.140,4.61,2008,0.122,145.000,33.884,8.537
0.7502,0.009251,1.224,0.180,4.55,1643,0.147,145.000,32.625,8.235
0.8644,0.007962,0.913,0.360,4.23,1891,0.394,321.000,12.463,1.754
0.6886,0.008801,1.270,0.100,4.22,1343,0.079,457.000,28.723,1.754
0.6101,0.008010,1.305,0.080,3.93,1287,0.061,457.000,28.723,1.754
0.7144,0.008322,1.157,0.200,4.76,1469,0.173,229.000,28.723,1.754
1.2405,0.010876,0.866,0.260,3.59,2528,0.300,289.000,11.369,0.971
0.9153,0.010751,1.164,0.320,3.54,1792,0.275,209.000,26.751,5.882
1.3911,0.013010,0.922,0.380,7.65,2203,0.412,202.000,21.619,5.479
1.5994,0.013372,0.823,0.440,7.84,2289,0.535,214.000,30.056,8.451
0.2921,0.003759,1.283,0.020,2.89,804,0.016,201.000,23.348,2.198
0.6472,0.007273,1.117,0.100,3.09,1614,0.090,297.000,17.824,2.804
0.3858,0.006621,1.710,0.060,3.38,888,0.035,241.000,34.952,3.226
0.3045,0.005188,1.699,0.140,3.83,709,0.082,361.000,32.558,3.004
0.9981,0.010470,1.039,0.240,3.53,2552,0.231,109.000,36.034,4.545
0.7938,0.008648,1.081,0.120,2.72,2010,0.111,289.000,12.207,2.273
0.3573,0.004550,1.269,0.0001,2.96,942,0.0001,185.000,6.857,1.258
1.2169,0.011142,0.905,0.200,4.40,2403,0.221,101.000,15.365,1.316
1.1739,0.010959,0.923,0.200,4.35,2375,0.217,101.000,15.913,1.316
1.0213,0.009707,0.941,0.260,3.05,2509,0.276,177.000,18.086,2.857
0.2960,0.005299,1.785,0.120,2.16,765,0.067,137.000,26.043,6.000
0.4934,0.005326,1.075,0.120,2.44,1913,0.112,193.000,12.931,1.754
0.4910,0.006105,1.238,0.040,2.15,1289,0.032,241.000,13.095,2.326
0.7253,0.008312,1.138,0.180,4.28,1381,0.158,223.000,13.615,1.042
0.4099,0.005189,1.261,0.080,2.99,1221,0.063,214.000,12.651,0.820
0.1864,0.003219,1.724,0.060,2.04,602,0.035,293.000,22.078,2.083
0.2690,0.004815,1.786,0.020,1.98,470,0.011,97.000,26.085,5.769
1.3286,0.014830,1.102,0.140,3.59,1842,0.127,209.000,22.152,5.882
1.2726,0.014225,1.104,0.140,3.60,1846,0.127,209.000,22.152,5.882
1.2862,0.014321,1.099,0.140,3.63,1959,0.127,209.000,22.152,5.882
1.3098,0.014605,1.101,0.140,3.58,1922,0.127,209.000,22.152,5.882
1.5069,0.014095,0.921,0.380,3.12,2943,0.412,121.000,29.377,4.000
0.2667,0.003865,1.446,0.040,2.09,710,0.028,337.000,19.606,3.226
0.1646,0.003487,2.114,0.040,2.08,437,0.019,145.000,42.954,4.082
0.1808,0.003836,2.118,0.040,2.08,403,0.019,145.000,42.954,4.082
0.5791,0.005634,0.968,0.140,3.33,1651,0.145,277.000,9.643,1.408
0.3341,0.004941,1.474,0.060,1.87,1084,0.041,385.000,29.216,5.882
0.4971,0.005916,1.184,0.220,3.94,1355,0.186,65.000,24.604,4.000
0.4579,0.006180,1.344,0.040,1.88,1160,0.030,385.000,19.982,5.882
0.3547,0.004554,1.280,0.020,2.92,909,0.016,305.000,16.354,2.913
0.0834,0.002247,2.694,0.0001,2.06,291,0.0001,209.000,52.890,5.556
0.1343,0.003784,2.815,0.100,2.48,430,0.036,209.000,61.981,8.333
0.2267,0.004128,1.817,0.0001,2.51,395,0.0001,289.000,27.945,9.091
0.2253,0.004107,1.819,0.040,2.51,404,0.022,193.000,27.945,9.091
0.2261,0.004271,1.885,0.040,2.50,424,0.021,189.000,29.018,8.955
0.2297,0.003806,1.653,0.060,2.47,592,0.036,253.000,16.014,5.469
0.3571,0.004819,1.345,0.140,2.57,1141,0.104,193.000,23.176,4.110
0.6511,0.008156,1.245,0.120,2.70,1580,0.096,577.000,23.398,4.348
0.8173,0.008822,1.071,0.220,3.05,2097,0.205,401.000,16.789,3.030
0.2259,0.003081,1.361,0.060,2.36,686,0.044,205.000,14.270,2.532
1.1128,0.010163,0.903,0.180,5.32,2367,0.199,469.000,14.016,2.500
0.2303,0.003848,1.668,0.040,2.93,741,0.024,265.000,31.306,7.368
0.0859,0.001156,1.346,0.0001,1.79,595,0.0001,305.000,11.320,1.695
3.1637,0.015858,0.486,0.560,14.72,3444,1.153,199.000,25.344,3.529
3.1636,0.015963,0.489,0.560,14.59,3495,1.146,199.000,25.344,3.529
0.0600,0.001417,2.360,0.040,2.12,309,0.017,193.000,44.444,4.545
0.8938,0.010614,1.177,0.160,2.90,1998,0.136,137.000,15.718,3.390
0.8718,0.008548,0.972,0.240,4.94,1920,0.247,169.000,19.664,3.125
0.9353,0.010333,1.095,0.240,3.34,2264,0.219,225.000,23.341,4.762
0.5389,0.006635,1.225,0.100,3.64,1445,0.082,337.000,19.906,3.636
0.1823,0.002871,1.573,0.020,2.36,662,0.013,223.000,22.560,4.225
1.4856,0.012178,0.808,0.320,5.83,3632,0.396,127.000,25.301,5.556
0.4047,0.005168,1.272,0.100,2.19,1124,0.079,265.000,16.253,3.226
0.1766,0.004365,2.468,0.060,1.98,373,0.024,161.000,47.654,6.173
0.8475,0.010449,1.223,0.200,4.12,2018,0.164,217.000,12.399,3.704
0.5723,0.006819,1.185,0.120,2.71,1353,0.101,233.000,13.714,1.266
0.2567,0.004288,1.667,0.060,2.61,692,0.036,209.000,33.789,2.885
0.2327,0.003952,1.695,0.060,2.61,642,0.035,205.000,34.599,2.857
0.2426,0.004177,1.717,0.060,2.59,669,0.035,209.000,34.942,2.885
0.8669,0.010663,1.219,0.240,4.09,2109,0.197,217.000,12.399,3.704
0.8313,0.010290,1.228,0.240,4.00,2047,0.195,217.000,12.399,3.704
0.8687,0.010697,1.221,0.220,4.05,1998,0.180,217.000,12.399,3.704
0.7774,0.008277,1.057,0.260,3.37,2049,0.246,235.000,18.027,2.791
0.5869,0.007183,1.217,0.080,3.14,1520,0.066,199.000,17.659,1.754
0.8758,0.012864,1.456,0.380,3.27,1989,0.261,209.000,52.369,13.223
1.5870,0.013961,0.866,0.500,6.11,2884,0.578,133.000,45.279,8.696
0.1220,0.001958,1.603,0.020,1.84,862,0.012,337.000,24.108,5.128
0.7049,0.009385,1.322,0.120,4.34,1547,0.091,217.000,12.399,3.704
0.6007,0.007618,1.261,0.120,2.46,1426,0.095,417.000,17.919,3.125
0.4348,0.007755,1.776,0.100,3.24,1190,0.056,305.000,47.387,4.545
0.2093,0.003116,1.486,0.040,2.27,776,0.027,249.000,18.398,3.704
0.0834,0.002110,2.528,0.020,1.69,224,0.008,241.000,48.375,5.000
1.4710,0.012393,0.830,0.260,4.68,2725,0.313,157.000,15.774,3.093
0.1486,0.003378,2.271,0.020,2.60,372,0.009,217.000,42.720,4.348
0.1472,0.003331,2.259,0.020,2.59,377,0.009,217.000,42.131,4.348
0.1419,0.003157,2.222,0.020,2.60,380,0.009,217.000,41.547,4.348
0.4328,0.006916,1.591,0.180,2.30,951,0.113,253.000,21.707,2.128
0.8412,0.009598,1.132,0.220,5.49,1471,0.194,129.000,21.672,1.653
0.2926,0.005408,1.843,0.060,2.48,668,0.033,249.000,17.730,1.869
0.4862,0.005996,1.228,0.160,3.02,1407,0.130,289.000,22.356,3.704
0.5648,0.006313,1.112,0.080,2.94,1785,0.072,129.000,21.174,2.069
0.6264,0.007788,1.236,0.200,3.35,1734,0.162,161.000,23.318,5.263
0.6355,0.008255,1.291,0.180,2.48,1653,0.139,225.000,29.192,4.000
0.3696,0.005366,1.447,0.0001,2.34,890,0.0001,449.000,25.818,3.448
0.4600,0.005720,1.238,0.140,2.43,1386,0.113,209.000,21.127,3.509
1.2426,0.012051,0.958,0.340,5.09,2894,0.355,235.000,26.751,5.882
1.1641,0.011532,0.979,0.140,2.96,3177,0.143,209.000,25.904,5.714
0.6586,0.008924,1.346,0.120,3.09,1320,0.089,225.000,15.198,2.000
0.4759,0.005572,1.166,0.120,3.68,1177,0.103,121.000,28.634,2.439
0.6395,0.007738,1.202,0.160,4.42,1355,0.133,97.000,27.188,2.857
0.6688,0.007214,1.072,0.180,4.51,1547,0.168,97.000,30.464,2.857
0.0858,0.001705,1.987,0.040,1.99,342,0.020,249.000,39.380,5.747
0.7648,0.009403,1.220,0.160,2.69,1421,0.131,217.000,19.386,3.704
0.8425,0.011793,1.388,0.160,2.24,1475,0.115,417.000,34.130,5.455
0.8263,0.012214,1.466,0.120,2.16,1380,0.082,417.000,34.130,5.455
0.8300,0.012106,1.447,0.160,2.18,1387,0.111,417.000,34.130,5.455
0.0666,0.000895,1.343,0.0001,1.72,643,0.0001,209.000,20.489,1.754
1.1460,0.010810,0.933,0.260,5.33,2310,0.279,577.000,19.519,3.125
1.1630,0.011312,0.962,0.440,4.47,2575,0.458,385.000,36.225,2.344
0.3054,0.005076,1.657,0.080,2.54,835,0.048,241.000,29.098,6.667
0.3293,0.005489,1.662,0.040,2.59,808,0.024,241.000,29.098,6.667
0.1608,0.003185,1.978,0.0001,1.63,162,0.0001,209.000,25.286,6.000
0.1623,0.003197,1.967,0.0001,1.64,170,0.0001,209.000,25.286,6.000
0.1063,0.001592,1.496,0.060,2.00,426,0.040,337.000,36.413,8.571
1.9720,0.013595,0.676,0.340,4.73,3941,0.503,209.000,16.703,3.226
0.7368,0.008015,1.080,0.080,2.38,1942,0.074,289.000,13.356,2.041
0.3402,0.004088,1.198,0.040,2.54,962,0.033,181.000,11.278,1.887
0.7608,0.008287,1.081,0.240,6.68,1498,0.222,1297.000,24.620,1.657
3.9261,0.015553,0.381,0.660,14.97,4360,1.733,613.000,20.244,2.609
0.3293,0.004975,1.506,0.060,2.11,794,0.040,289.000,20.657,3.704
0.3154,0.004792,1.515,0.060,2.09,759,0.040,289.000,20.657,3.704
0.3166,0.004788,1.508,0.020,2.10,759,0.013,289.000,20.657,3.704
0.2539,0.003921,1.541,0.020,2.07,680,0.013,289.000,20.657,3.704
0.3898,0.004137,1.058,0.080,2.46,1296,0.076,169.000,14.718,1.887
0.4593,0.006352,1.377,0.080,2.45,1203,0.058,449.000,29.134,4.348
0.1069,0.001992,1.862,0.020,1.79,595,0.011,217.000,31.524,6.667
0.1130,0.002077,1.836,0.0001,1.84,601,0.0001,217.000,31.524,6.667
0.1040,0.001907,1.831,0.020,1.84,628,0.011,217.000,31.524,6.667
0.3820,0.004658,1.215,0.100,3.15,872,0.082,337.000,9.933,1.639
0.1623,0.002158,1.328,0.020,2.02,655,0.015,241.000,12.352,2.000
0.5880,0.007451,1.260,0.100,2.52,1476,0.079,457.000,23.058,3.371
0.5305,0.006043,1.133,0.100,2.82,1397,0.088,157.000,8.885,1.600
0.2029,0.004137,2.035,0.040,2.33,727,0.020,217.000,42.203,5.714
0.2494,0.004901,1.960,0.060,2.33,817,0.031,217.000,42.471,5.714
0.1900,0.003795,1.994,0.040,2.32,735,0.020,217.000,41.374,5.714
0.5977,0.007176,1.194,0.220,2.72,1648,0.184,193.000,18.602,3.226
0.4168,0.006223,1.487,0.0001,2.23,871,0.0001,385.000,17.696,3.175
0.1620,0.003287,2.026,0.060,2.37,335,0.030,283.000,40.261,11.111
0.6663,0.007442,1.110,0.080,3.22,1752,0.072,113.000,18.574,2.857
0.4422,0.006192,1.395,0.040,2.18,955,0.029,361.000,14.928,2.703
0.5263,0.006454,1.220,0.100,2.64,1223,0.082,217.000,15.627,2.667
0.2812,0.004278,1.518,0.020,2.55,810,0.013,313.000,24.835,3.125
0.1003,0.001909,1.903,0.0001,3.13,290,0.0001,145.000,41.411,2.439
1.2288,0.011503,0.925,0.280,4.13,2459,0.303,369.000,9.599,1.923
0.1143,0.001722,1.505,0.040,1.72,518,0.027,217.000,13.331,7.143
0.2048,0.002870,1.399,0.100,1.90,1185,0.071,145.000,22.247,3.704
0.0743,0.000971,1.306,0.0001,1.69,572,0.0001,161.000,14.197,2.128
0.6715,0.007919,1.172,0.100,4.24,1636,0.085,352.000,15.516,2.871
0.8901,0.009144,1.018,0.200,3.32,2358,0.196,193.000,16.915,3.226
0.2523,0.003390,1.341,0.0001,2.97,669,0.0001,177.000,15.011,2.174
1.4215,0.013689,0.949,0.300,6.44,1694,0.316,172.000,26.839,7.692
0.2190,0.002993,1.364,0.100,2.40,581,0.073,321.000,11.108,1.639
0.5277,0.006654,1.255,0.100,2.26,1363,0.080,193.000,15.180,2.632
0.2137,0.003229,1.508,0.020,1.92,492,0.013,433.000,15.651,3.158
0.8279,0.010461,1.253,0.160,2.23,2024,0.128,209.000,22.583,5.128
0.6798,0.008301,1.213,0.120,2.39,2013,0.099,201.000,22.506,2.500
0.1792,0.002530,1.409,0.0001,2.32,548,0.0001,209.000,17.766,2.632
1.0860,0.012606,1.148,0.160,3.06,2104,0.139,209.000,21.923,4.762
0.2408,0.003339,1.384,0.040,2.32,709,0.029,217.000,15.736,2.564
0.2552,0.004181,1.634,0.040,2.44,1189,0.024,37.000,30.462,4.878
0.3864,0.005957,1.536,0.040,2.32,1180,0.026,73.000,31.002,5.000
0.0962,0.001352,1.406,0.020,2.49,413,0.014,253.000,13.342,2.041
0.6673,0.008489,1.264,0.160,3.55,1777,0.127,81.000,37.147,3.846
0.1360,0.001749,1.284,0.020,2.27,615,0.016,25.000,16.462,2.222
1.6021,0.012600,0.774,0.320,5.10,3304,0.413,151.000,16.537,3.000
0.2748,0.003736,1.357,0.020,2.50,759,0.015,289.000,10.724,1.562
0.6136,0.007610,1.233,0.020,2.08,1496,0.016,289.000,18.876,3.125
0.7028,0.008344,1.179,0.080,2.79,1675,0.068,289.000,19.696,3.448
0.6268,0.007443,1.180,0.080,2.82,1724,0.068,289.000,20.150,3.448
0.6072,0.007549,1.236,0.080,2.57,1378,0.065,289.000,18.876,3.125
0.5527,0.006793,1.223,0.080,2.61,1446,0.065,289.000,19.316,3.125
0.4893,0.006277,1.277,0.080,2.52,1162,0.063,289.000,18.122,2.857
0.4607,0.005959,1.288,0.120,3.11,1281,0.093,241.000,23.102,1.852
0.4505,0.005906,1.305,0.120,3.13,1262,0.092,241.000,23.848,1.852
0.4737,0.006276,1.319,0.120,3.12,1340,0.091,241.000,24.042,1.852
0.4695,0.006219,1.319,0.120,3.12,1267,0.091,241.000,24.042,1.852
0.4452,0.005901,1.320,0.120,3.13,1266,0.091,241.000,24.672,1.852
0.8523,0.008834,1.028,0.160,5.70,1471,0.156,172.000,9.811,1.639
0.2603,0.004304,1.650,0.020,2.28,862,0.012,241.000,27.704,4.054
3.5273,0.015712,0.430,0.620,9.39,4320,1.442,337.000,22.771,3.093
1.8069,0.013114,0.713,0.560,9.68,2055,0.785,865.000,31.652,2.362
2.2141,0.014845,0.656,0.460,6.53,3744,0.702,139.000,23.724,4.918
1.6454,0.012736,0.761,0.300,4.55,3643,0.394,163.000,23.480,4.167
0.3811,0.008086,2.114,0.180,2.58,984,0.085,193.000,51.941,5.455
0.2497,0.005327,2.129,0.100,2.82,688,0.047,201.000,47.644,4.274
0.7738,0.008521,1.093,0.200,3.62,1767,0.183,225.000,18.051,1.613
0.8479,0.008692,1.017,0.100,3.60,1870,0.098,225.000,9.719,1.613
0.8101,0.008413,1.031,0.220,3.62,1885,0.213,225.000,9.863,1.613
0.8143,0.008671,1.057,0.220,3.61,1822,0.208,225.000,10.352,1.613
0.4660,0.006192,1.323,0.160,4.35,1399,0.121,73.000,30.547,3.947
0.5730,0.006417,1.114,0.080,2.60,1979,0.072,177.000,14.702,1.299
0.2380,0.002813,1.180,0.040,2.34,759,0.034,153.000,8.074,1.010
0.2674,0.003116,1.162,0.060,2.34,722,0.052,153.000,7.337,1.010
0.8670,0.008823,1.009,0.120,2.60,2046,0.119,321.000,23.260,4.587
0.4485,0.005575,1.238,0.260,3.61,1166,0.210,369.000,17.493,1.695
0.2615,0.003444,1.314,0.020,1.95,603,0.015,289.000,11.352,1.818
0.4228,0.005371,1.265,0.120,2.50,1104,0.095,281.000,14.176,2.521
0.2066,0.002619,1.265,0.0001,2.17,684,0.0001,257.000,10.246,1.493
0.7085,0.008695,1.219,0.100,3.03,1638,0.082,193.000,22.511,4.167
0.6778,0.009132,1.338,0.200,4.16,1526,0.149,217.000,12.399,3.704
0.8407,0.009742,1.149,0.200,2.56,2396,0.174,241.000,28.002,5.882
0.5130,0.007499,1.455,0.100,2.58,1410,0.069,141.000,34.105,4.688
0.4689,0.006939,1.473,0.060,2.36,1100,0.041,145.000,31.534,3.704
1.3340,0.010944,0.810,0.160,3.34,3493,0.198,121.000,20.335,3.390
0.4991,0.006268,1.250,0.100,3.14,1180,0.080,193.000,19.544,3.175
0.3708,0.006483,1.742,0.080,2.57,979,0.046,211.000,35.382,9.615
0.3446,0.005999,1.735,0.020,2.45,924,0.012,145.000,35.421,9.804
0.9479,0.010802,1.129,0.220,4.11,2156,0.195,241.000,29.839,7.317
1.2955,0.010451,0.797,0.220,3.25,3766,0.276,253.000,14.007,2.083
0.0768,0.001767,2.297,0.020,1.99,247,0.009,289.000,39.679,5.000
0.1665,0.003508,2.104,0.020,1.85,612,0.010,253.000,42.932,6.250
0.2759,0.004284,1.549,0.040,2.01,718,0.026,265.000,18.280,3.333
0.2924,0.004572,1.560,0.040,2.02,774,0.026,265.000,18.280,3.333
0.2834,0.004369,1.537,0.060,2.03,817,0.039,265.000,18.280,3.333
0.2905,0.004511,1.549,0.040,2.01,743,0.026,265.000,18.280,3.333
0.2866,0.004620,1.608,0.040,2.22,655,0.025,289.000,15.513,3.636
0.5437,0.006364,1.165,0.280,3.31,1623,0.240,213.000,15.302,1.389
0.1981,0.002466,1.243,0.040,2.47,548,0.032,169.000,12.932,1.887
0.0826,0.002400,2.902,0.020,2.21,237,0.007,189.000,54.758,5.825
2.3431,0.014526,0.606,0.400,7.46,3593,0.661,145.000,33.981,7.547
2.2126,0.017116,0.756,0.440,7.73,2606,0.582,214.000,21.057,5.797
2.2221,0.017186,0.756,0.440,7.71,2597,0.582,214.000,21.057,5.797
2.2559,0.017217,0.746,0.440,7.73,2626,0.590,214.000,21.057,5.797
2.2630,0.017510,0.756,0.440,7.68,2597,0.582,214.000,21.057,5.797
2.2661,0.017298,0.746,0.440,7.73,2634,0.590,214.000,21.057,5.797
0.1859,0.002668,1.433,0.0001,2.13,775,0.0001,273.000,21.349,2.174
2.1781,0.017248,0.775,0.460,7.77,2446,0.594,214.000,21.057,5.797
0.1781,0.002298,1.289,0.020,2.23,694,0.016,369.000,15.555,1.235
2.1821,0.016875,0.757,0.440,7.73,2574,0.582,214.000,21.057,5.797
2.2100,0.017503,0.775,0.460,7.78,2454,0.594,214.000,21.057,5.797
0.1381,0.002365,1.711,0.040,2.42,534,0.023,229.000,29.484,5.405
6.0873,0.016069,0.248,0.720,17.00,4375,2.903,793.000,30.569,1.709
0.5598,0.009211,1.636,0.100,3.05,1260,0.061,241.000,41.610,5.000
0.4131,0.006488,1.564,0.080,2.22,1158,0.051,169.000,31.776,2.564
2.7080,0.015565,0.559,0.400,9.36,3154,0.715,297.000,25.926,6.173
0.0717,0.001677,2.337,0.040,2.32,286,0.017,109.000,43.648,5.556
0.2299,0.003594,1.561,0.020,2.27,522,0.013,321.000,11.644,3.333
0.2481,0.003904,1.570,0.040,2.44,555,0.025,321.000,11.644,3.333
0.8226,0.008513,1.027,0.100,3.47,1969,0.097,189.000,14.610,2.290
1.0146,0.009624,0.939,0.160,3.31,2461,0.170,169.000,11.479,1.695
0.0978,0.001508,1.541,0.020,1.86,406,0.013,257.000,20.625,2.041
0.3357,0.004380,1.301,0.100,2.39,1022,0.077,185.000,19.969,1.786
1.1520,0.012227,1.049,0.440,4.80,2644,0.419,289.000,38.314,3.529
0.3057,0.004122,1.344,0.120,2.57,957,0.089,241.000,22.369,2.273
0.5801,0.007070,1.212,0.160,2.63,1423,0.132,161.000,16.063,3.226
4.1810,0.015603,0.358,0.580,9.21,4834,1.622,153.000,18.045,1.714
3.7961,0.015211,0.386,0.560,8.36,4808,1.452,153.000,18.045,1.714
0.1148,0.003182,2.768,0.020,2.14,309,0.007,161.000,56.877,10.714
0.1605,0.003302,2.054,0.0001,2.12,383,0.0001,241.000,34.063,3.704
0.6653,0.006893,1.030,0.080,2.82,1714,0.078,211.000,13.086,1.724
0.2146,0.003383,1.574,0.040,2.46,483,0.025,193.000,14.221,1.064
0.1433,0.001806,1.259,0.020,2.26,564,0.016,241.000,9.642,1.290
1.7959,0.013755,0.752,0.320,4.24,3438,0.425,181.000,18.683,3.509
1.6923,0.013171,0.765,0.460,4.16,3264,0.601,181.000,18.265,3.448
0.1391,0.002569,1.845,0.020,2.20,419,0.011,217.000,33.381,3.279
0.9818,0.010097,1.019,0.220,4.11,2244,0.216,305.000,23.222,4.000
0.5445,0.006877,1.256,0.120,4.02,1048,0.096,305.000,23.222,4.000
0.4043,0.006520,1.607,0.060,2.33,833,0.037,2113.000,24.289,5.263
0.4117,0.006639,1.606,0.080,2.32,831,0.050,2113.000,24.289,5.263
0.5100,0.007902,1.542,0.120,3.83,898,0.078,2081.000,25.288,5.455
0.3877,0.006251,1.606,0.080,2.33,775,0.050,2113.000,24.289,5.263
0.9478,0.010616,1.110,0.180,4.12,1818,0.162,217.000,17.572,3.448
0.2687,0.003827,1.421,0.040,2.38,725,0.028,233.000,20.082,3.797
0.2026,0.002799,1.379,0.080,1.95,982,0.058,529.000,11.195,1.852
1.2876,0.012660,0.971,0.200,3.48,2843,0.206,289.000,25.926,3.030
1.2991,0.012245,0.931,0.180,3.55,3070,0.193,145.000,25.926,3.030
0.6408,0.007620,1.182,0.180,4.27,1060,0.152,217.000,21.128,3.704
0.6245,0.007417,1.181,0.180,4.25,1039,0.152,217.000,21.128,3.704
1.7053,0.012231,0.705,0.320,4.78,3615,0.454,233.000,11.809,1.987
1.5948,0.012216,0.754,0.260,5.38,3041,0.345,233.000,20.345,1.987
0.1483,0.001746,1.176,0.0001,1.97,533,0.0001,217.000,7.175,1.000
0.5148,0.008310,1.606,0.220,4.73,981,0.137,142.000,26.626,6.250
3.7265,0.014687,0.379,0.560,6.73,4894,1.476,117.000,15.889,2.564
3.9030,0.014883,0.366,0.560,7.01,4963,1.528,117.000,15.889,2.564
3.0898,0.014771,0.463,0.400,5.35,4682,0.863,161.000,12.731,1.961
2.9920,0.014158,0.459,0.380,5.53,4850,0.828,161.000,12.731,1.961
2.7812,0.014145,0.495,0.560,4.78,4788,1.132,161.000,12.731,1.961
0.7689,0.008418,1.087,0.140,2.97,1966,0.129,281.000,16.724,2.857
0.5129,0.006259,1.215,0.060,2.30,1705,0.049,257.000,17.555,3.030
0.5516,0.006291,1.135,0.160,4.52,1193,0.141,961.000,16.121,1.034
0.7757,0.009555,1.222,0.180,2.89,2203,0.147,201.000,32.142,3.030
0.1284,0.002133,1.659,0.020,2.09,618,0.012,241.000,25.595,5.263
0.3812,0.005554,1.452,0.040,2.23,887,0.028,205.000,19.453,3.846
0.7697,0.008011,1.033,0.100,2.88,2164,0.097,153.000,15.473,2.703
0.2077,0.002872,1.380,0.100,2.22,607,0.072,201.000,22.795,1.786
0.2043,0.002861,1.398,0.100,2.21,619,0.072,201.000,22.894,1.786
0.2299,0.003449,1.498,0.120,2.47,569,0.080,201.000,26.721,1.786
0.7405,0.008004,1.073,0.080,2.60,1985,0.075,169.000,19.112,3.371
0.3819,0.007188,1.875,0.060,2.61,909,0.032,205.000,41.799,8.333
0.5771,0.008017,1.381,0.200,3.85,1452,0.145,244.000,32.037,9.091
1.3250,0.015862,1.181,0.400,5.72,1520,0.339,190.000,37.793,11.111
1.3268,0.015759,1.172,0.400,5.74,1580,0.341,190.000,37.793,11.111
1.3048,0.015538,1.175,0.400,5.75,1421,0.340,190.000,37.793,11.111
1.3090,0.015595,1.176,0.340,5.71,1446,0.289,190.000,37.793,11.111
1.3145,0.015830,1.189,0.340,5.66,1503,0.286,190.000,37.793,11.111
0.6237,0.007031,1.120,0.080,3.94,1421,0.071,257.000,14.044,2.128
0.8692,0.008524,0.972,0.220,3.72,2185,0.226,197.000,13.826,2.013
2.8305,0.014965,0.514,0.600,6.06,3548,1.168,253.000,37.243,2.339
0.4703,0.005467,1.157,0.100,3.19,1226,0.086,157.000,13.094,0.719
0.2608,0.003423,1.310,0.060,3.02,772,0.046,161.000,11.676,0.671
0.2762,0.003622,1.309,0.080,3.03,732,0.061,165.000,11.685,0.676
0.0660,0.001477,2.237,0.040,1.74,411,0.018,313.000,50.482,6.250
0.0954,0.002098,2.198,0.0001,2.02,355,0.0001,289.000,46.285,5.882
0.6126,0.007032,1.141,0.140,3.06,1613,0.123,165.000,17.255,1.282
0.0970,0.001709,1.761,0.0001,1.91,470,0.0001,217.000,32.072,3.571
0.2491,0.003832,1.535,0.100,3.09,819,0.065,385.000,32.072,3.571
0.2315,0.003376,1.456,0.080,2.88,734,0.055,385.000,21.544,3.571
0.2046,0.003002,1.465,0.040,2.78,497,0.027,457.000,20.517,1.974
1.1891,0.010595,0.881,0.120,5.08,2601,0.136,313.000,5.608,2.128
1.4143,0.011581,0.808,0.320,3.75,3217,0.396,305.000,13.425,2.439
0.1224,0.002298,1.874,0.020,2.02,571,0.011,49.000,39.792,4.167
0.1377,0.002379,1.726,0.020,1.99,579,0.012,49.000,33.704,4.167
0.1200,0.002347,1.954,0.040,2.33,448,0.020,17.000,34.053,4.545
0.1358,0.002722,2.002,0.020,2.33,468,0.010,17.000,34.992,4.545
0.1184,0.002385,2.011,0.040,2.28,459,0.020,17.000,35.233,4.545
0.1201,0.002473,2.057,0.040,2.30,443,0.019,17.000,36.018,4.545
0.3914,0.006588,1.677,0.140,2.74,934,0.083,273.000,33.190,4.000
0.3765,0.006380,1.689,0.140,2.76,961,0.083,289.000,33.395,4.167
0.4587,0.007764,1.685,0.180,2.75,1067,0.107,257.000,37.143,3.846
0.3735,0.006433,1.716,0.140,2.77,945,0.082,289.000,33.917,4.167
0.3819,0.006797,1.773,0.140,2.82,928,0.079,289.000,35.096,4.167
0.9384,0.010201,1.077,0.380,4.31,1881,0.353,169.000,32.909,3.571
0.9554,0.010486,1.087,0.140,3.12,2265,0.129,169.000,32.414,3.529
0.5874,0.006812,1.153,0.040,2.21,1685,0.035,217.000,19.982,5.556
0.1362,0.001830,1.342,0.020,1.94,610,0.015,409.000,12.466,2.083
0.7643,0.013692,1.778,0.260,3.36,1517,0.146,241.000,59.087,8.824
0.2319,0.003241,1.394,0.080,2.57,986,0.057,209.000,23.152,2.299
0.2309,0.003208,1.386,0.0001,2.57,965,0.0001,209.000,23.152,2.299
0.2866,0.003887,1.353,0.160,2.38,942,0.118,329.000,10.584,2.000
0.2385,0.004391,1.837,0.0001,2.47,923,0.0001,61.000,41.133,4.762
2.2132,0.013321,0.589,0.480,5.57,3917,0.815,99.000,27.830,5.128
2.5117,0.014400,0.559,0.540,6.73,3914,0.966,197.000,29.134,5.797
0.0877,0.001149,1.308,0.040,2.13,450,0.031,145.000,14.074,1.075
0.7829,0.008077,1.024,0.160,3.26,1732,0.156,345.000,12.536,1.852
0.6215,0.006982,1.117,0.060,3.46,1346,0.054,329.000,11.748,1.754
0.7243,0.007564,1.037,0.080,2.81,1776,0.077,281.000,6.700,0.926
0.4014,0.004986,1.238,0.120,2.52,1009,0.097,257.000,13.110,2.326
1.1181,0.013218,1.169,0.460,9.13,1460,0.393,289.000,56.874,8.108
2.3394,0.014128,0.590,0.400,7.54,3693,0.678,145.000,33.981,7.547
2.3708,0.014365,0.592,0.400,7.54,3694,0.676,145.000,33.981,7.547
0.4649,0.007219,1.546,0.080,2.51,1123,0.052,233.000,28.300,3.371
0.9465,0.009889,1.035,0.140,3.00,2301,0.135,289.000,18.949,3.636
0.8676,0.009238,1.056,0.140,2.96,2141,0.133,289.000,18.949,3.636
0.8743,0.009235,1.047,0.180,2.97,2246,0.172,289.000,18.949,3.636
0.8290,0.008950,1.071,0.160,2.82,2168,0.149,289.000,18.949,3.636
0.8989,0.009420,1.039,0.220,2.96,2341,0.212,289.000,18.949,3.636
0.9078,0.009523,1.040,0.180,2.96,2268,0.173,289.000,18.949,3.636
0.2698,0.004136,1.529,0.020,2.61,599,0.013,257.000,18.661,2.128
0.5835,0.006593,1.124,0.080,3.84,1296,0.071,273.000,12.894,2.222
2.7185,0.017251,0.617,0.500,12.30,3089,0.810,865.000,28.329,6.122
1.8488,0.014891,0.791,0.500,12.27,2435,0.632,865.000,43.611,6.122
0.2579,0.003280,1.269,0.060,2.12,773,0.047,369.000,10.778,1.538
0.1912,0.002640,1.378,0.020,2.47,495,0.015,445.000,13.023,1.942
0.1954,0.003110,1.589,0.020,1.82,352,0.013,385.000,14.978,2.439
0.1368,0.001832,1.338,0.020,2.32,498,0.015,289.000,11.051,1.515
0.2411,0.003250,1.345,0.020,2.56,755,0.015,289.000,17.769,1.575
0.1715,0.002487,1.448,0.0001,2.32,479,0.0001,177.000,22.728,1.961
1.4727,0.012740,0.853,0.380,5.05,3210,0.446,406.000,24.002,5.263
0.7655,0.009233,1.197,0.220,3.19,1981,0.184,147.000,30.588,6.294
0.5148,0.006118,1.183,0.200,3.93,1068,0.169,199.000,16.785,2.439
0.4360,0.005680,1.297,0.100,3.14,1143,0.077,401.000,19.820,3.704
0.5586,0.007285,1.297,0.200,4.36,1688,0.154,89.000,39.948,4.819
0.0931,0.001969,2.112,0.080,1.84,294,0.038,41.000,43.197,10.526
2.0540,0.014528,0.693,0.540,5.73,3403,0.779,1009.000,29.898,6.149
0.4610,0.005589,1.207,0.100,3.25,1304,0.083,121.000,32.779,5.882
0.4389,0.005302,1.203,0.100,3.26,1323,0.083,121.000,32.779,5.882
1.0780,0.010039,0.921,0.420,3.28,2895,0.456,161.000,32.779,5.882
1.0380,0.009742,0.929,0.240,3.20,2782,0.258,161.000,32.779,5.882
0.4008,0.004878,1.212,0.180,2.62,1477,0.148,161.000,32.779,5.882
0.4076,0.005100,1.246,0.040,2.57,1267,0.032,161.000,32.779,5.882
0.2770,0.004018,1.447,0.060,2.38,740,0.041,321.000,32.779,5.882
0.3652,0.004607,1.257,0.040,2.49,1292,0.032,161.000,32.779,5.882
0.2702,0.004127,1.524,0.060,2.26,640,0.039,321.000,32.779,5.882
0.2551,0.004046,1.582,0.020,2.20,576,0.013,321.000,32.779,5.882
0.2896,0.004114,1.417,0.0001,2.40,770,0.0001,161.000,32.779,5.882
0.1211,0.001871,1.543,0.0001,1.93,518,0.0001,241.000,34.609,4.950
0.4071,0.004987,1.221,0.040,2.82,984,0.033,397.000,20.111,3.448
1.4264,0.010960,0.758,0.300,4.23,2998,0.396,155.000,14.422,2.113
0.4955,0.005912,1.188,0.060,2.80,1485,0.051,305.000,15.883,2.857
0.3976,0.004953,1.241,0.040,2.79,931,0.032,397.000,21.831,3.448
0.4637,0.005949,1.278,0.100,3.02,1184,0.078,233.000,16.815,2.970
0.0501,0.001133,2.262,0.0001,1.89,209,0.0001,369.000,40.714,6.173
0.8105,0.010132,1.240,0.200,2.56,1833,0.161,257.000,24.941,5.660
3.0990,0.014873,0.465,0.600,6.74,4421,1.290,157.000,24.660,2.752
0.4329,0.006376,1.467,0.080,2.81,1145,0.055,265.000,24.015,5.155
0.1518,0.002188,1.440,0.0001,2.44,662,0.0001,265.000,16.898,1.622
0.9516,0.009213,0.959,0.240,4.54,2327,0.250,205.000,14.786,2.290
1.0647,0.009913,0.921,0.160,3.28,2543,0.174,125.000,16.224,2.521
0.2626,0.003484,1.324,0.020,2.34,743,0.015,265.000,9.915,1.562
0.2805,0.003713,1.321,0.080,3.17,886,0.061,213.000,16.811,1.706
0.3338,0.005050,1.508,0.060,2.40,916,0.040,127.000,12.936,2.703
4.6405,0.015643,0.322,0.740,8.63,5463,2.301,265.000,11.885,1.852
1.1491,0.011092,0.954,0.260,3.31,2992,0.272,153.000,23.061,2.000
0.3544,0.005082,1.429,0.020,2.78,988,0.014,449.000,19.578,1.389
0.3819,0.005113,1.334,0.020,2.83,1079,0.015,443.000,18.335,1.375
0.2220,0.003661,1.646,0.040,2.50,662,0.024,217.000,34.135,3.030
0.1909,0.003126,1.635,0.060,2.60,615,0.037,217.000,33.751,2.857
0.2299,0.003749,1.628,0.040,2.44,707,0.025,433.000,34.200,2.959
1.4654,0.013939,0.937,0.520,5.98,2472,0.555,577.000,29.479,10.000
1.2445,0.011274,0.895,0.320,4.59,2656,0.358,369.000,17.769,3.252
1.4700,0.010732,0.720,0.380,5.16,3095,0.528,222.000,10.912,1.748
0.8794,0.009279,1.046,0.180,3.33,2211,0.172,249.000,18.712,1.840
0.6079,0.006871,1.124,0.300,3.41,1734,0.267,156.000,14.282,2.465
0.6164,0.006965,1.123,0.300,3.59,1792,0.267,156.000,14.577,2.509
0.1782,0.003226,1.807,0.0001,2.12,399,0.0001,229.000,23.337,3.571
0.9230,0.009240,0.992,0.160,2.95,2647,0.161,241.000,17.304,1.493
0.7641,0.008312,1.080,0.140,3.05,1893,0.130,241.000,13.408,2.273
0.2102,0.003542,1.682,0.020,1.91,385,0.012,305.000,16.697,3.846
0.3407,0.005158,1.509,0.080,2.56,895,0.053,193.000,27.820,8.974
0.3383,0.004241,1.250,0.040,2.18,1267,0.032,217.000,15.257,2.326
1.2731,0.013359,1.036,0.460,6.86,1490,0.444,273.000,20.141,3.226
0.2964,0.003895,1.311,0.040,2.15,694,0.031,245.000,12.358,2.299
0.1627,0.002379,1.460,0.040,2.92,586,0.027,343.000,21.159,4.918
0.4569,0.006575,1.432,0.020,1.86,1007,0.014,82.000,29.259,7.692
0.3339,0.003933,1.174,0.100,3.66,1084,0.085,184.000,19.213,2.067
0.6469,0.007674,1.179,0.160,2.71,1844,0.136,369.000,18.763,3.448
0.8752,0.009172,1.039,0.100,3.66,1865,0.096,265.000,13.316,2.247
0.3168,0.004195,1.320,0.100,2.65,868,0.076,297.000,11.581,1.852
0.3185,0.005353,1.676,0.080,2.96,889,0.048,305.000,31.698,10.577
0.2286,0.004399,1.920,0.080,2.52,836,0.042,193.000,41.373,4.878
0.2598,0.005116,1.965,0.140,2.27,935,0.071,209.000,42.559,5.263
0.1099,0.002570,2.337,0.080,2.66,319,0.034,217.000,42.613,5.405
1.2759,0.012622,0.977,0.440,7.41,2029,0.450,217.000,38.942,5.556
1.2563,0.012474,0.981,0.440,7.39,2042,0.449,217.000,38.942,5.556
1.2541,0.012442,0.980,0.440,7.40,2032,0.449,217.000,38.942,5.556
1.2915,0.012807,0.979,0.440,7.41,2034,0.449,217.000,38.942,5.556
1.2839,0.012687,0.976,0.440,7.42,2052,0.451,217.000,38.942,5.556
1.2734,0.012612,0.978,0.440,7.41,2035,0.450,217.000,38.942,5.556
0.1665,0.002262,1.356,0.040,2.18,493,0.030,151.000,13.211,2.062
0.2144,0.002726,1.269,0.080,2.58,634,0.063,545.000,12.583,1.754
0.2465,0.003595,1.455,0.080,2.41,922,0.055,145.000,23.691,4.712
0.2428,0.004479,1.840,0.060,2.46,782,0.033,189.000,41.485,4.255
0.2480,0.004771,1.920,0.080,2.34,677,0.042,189.000,42.990,4.255
0.2548,0.004764,1.865,0.100,2.43,779,0.054,189.000,42.284,4.255
0.9112,0.009484,1.032,0.340,4.84,1657,0.330,221.000,13.362,2.260
0.2229,0.003243,1.452,0.0001,2.48,492,0.0001,361.000,15.088,1.047
0.2411,0.003616,1.496,0.040,2.64,518,0.027,361.000,16.984,1.047
0.9792,0.011443,1.157,0.400,4.67,2033,0.346,177.000,22.171,5.405
0.4174,0.005579,1.331,0.040,3.49,1124,0.030,155.000,19.752,4.155
0.4489,0.006052,1.342,0.060,2.54,1148,0.045,205.000,21.005,4.425
0.2110,0.003293,1.558,0.040,1.92,310,0.026,385.000,13.906,3.846
0.8050,0.008542,1.053,0.100,2.82,2620,0.095,253.000,36.207,6.250
0.2063,0.003582,1.733,0.0001,3.05,499,0.0001,369.000,31.592,2.941
0.3442,0.004451,1.289,0.0001,2.05,1101,0.0001,193.000,14.769,2.632
0.2347,0.003352,1.426,0.040,2.28,452,0.028,265.000,14.115,2.381
0.7693,0.008033,1.037,0.180,4.54,1627,0.174,261.000,10.307,1.695
0.4176,0.005862,1.398,0.060,2.00,1070,0.043,109.000,28.921,7.692
0.4115,0.006258,1.514,0.040,1.97,947,0.026,109.000,30.386,7.692
0.3755,0.006153,1.633,0.080,2.42,692,0.049,241.000,35.775,9.677
0.4823,0.006858,1.415,0.140,2.93,1251,0.099,89.000,34.445,4.225
0.3893,0.006197,1.586,0.060,2.17,1160,0.038,73.000,23.971,4.762
0.1602,0.002565,1.599,0.040,2.50,396,0.025,121.000,29.670,5.882
0.1692,0.003246,1.915,0.060,1.95,650,0.031,265.000,53.243,8.108
2.9389,0.015614,0.516,0.600,7.63,3896,1.163,265.000,24.658,3.371
2.8564,0.015284,0.520,0.600,7.35,3939,1.154,265.000,24.658,3.371
0.7176,0.007345,1.017,0.260,5.37,1751,0.256,271.000,17.824,1.449
0.2840,0.004592,1.613,0.040,2.24,698,0.025,241.000,28.044,5.405
0.8533,0.009917,1.153,0.240,3.64,1857,0.208,209.000,28.717,3.030
0.5323,0.008087,1.512,0.200,3.47,1191,0.132,313.000,31.097,3.158
0.5633,0.008661,1.529,0.120,3.47,1167,0.078,313.000,32.065,3.158
0.5437,0.008242,1.508,0.120,3.49,1223,0.080,313.000,30.871,3.158
0.5329,0.008340,1.557,0.080,3.44,1183,0.051,313.000,32.552,3.158
0.0941,0.002182,2.316,0.0001,2.02,251,0.0001,225.000,40.372,4.255
0.0868,0.002045,2.353,0.040,2.36,270,0.017,109.000,43.909,5.556
0.0752,0.001809,2.405,0.040,2.32,256,0.017,109.000,44.458,5.556
3.2483,0.014711,0.438,0.580,8.44,4610,1.323,379.000,21.870,3.687
0.1263,0.002346,1.856,0.0001,1.98,480,0.0001,253.000,31.201,3.125
0.4330,0.005627,1.294,0.120,2.45,1339,0.093,241.000,13.915,2.439
0.4619,0.005960,1.285,0.140,2.49,1311,0.109,241.000,13.915,2.439
0.4711,0.006060,1.281,0.100,2.50,1358,0.078,241.000,13.915,2.439
0.3778,0.004880,1.287,0.060,2.67,1074,0.047,257.000,13.165,2.222
1.3783,0.010835,0.776,0.160,4.14,2848,0.206,249.000,1.821,2.439
0.3701,0.005531,1.489,0.040,2.22,827,0.027,325.000,16.451,3.158
0.7256,0.007397,1.012,0.200,3.23,2024,0.198,381.000,13.811,2.326
0.6597,0.008735,1.316,0.080,2.74,1403,0.061,181.000,24.487,9.524
0.9928,0.012379,1.235,0.200,3.74,1496,0.162,241.000,25.890,10.000
0.9803,0.012201,1.233,0.260,3.74,1433,0.211,241.000,25.890,10.000
0.9889,0.012295,1.231,0.200,3.74,1500,0.162,241.000,25.890,10.000
0.9954,0.012377,1.231,0.200,3.74,1529,0.162,241.000,25.890,10.000
0.9855,0.012277,1.234,0.200,3.74,1480,0.162,241.000,25.890,10.000
0.9989,0.012446,1.234,0.200,3.74,1527,0.162,241.000,25.890,10.000
0.3916,0.006695,1.703,0.0001,2.09,953,0.0001,225.000,33.976,7.692
0.3922,0.006685,1.698,0.020,2.11,970,0.012,225.000,33.976,7.692
0.3909,0.006674,1.701,0.0001,2.09,1004,0.0001,225.000,33.976,7.692
0.4263,0.007243,1.692,0.0001,2.11,1015,0.0001,225.000,33.976,7.692
0.4021,0.006908,1.711,0.120,2.09,943,0.070,225.000,33.976,7.692
0.5194,0.006265,1.200,0.100,2.27,1363,0.083,229.000,10.466,1.923
0.2923,0.005314,1.813,0.060,2.14,725,0.033,329.000,32.942,3.636
1.5116,0.011454,0.746,0.340,4.27,3038,0.455,249.000,11.352,2.041
2.3541,0.014491,0.601,0.300,6.47,4030,0.499,221.000,17.216,3.175
1.0730,0.010542,0.972,0.220,3.42,2053,0.226,193.000,8.547,3.797
1.0191,0.010231,0.994,0.140,3.53,1954,0.141,193.000,8.547,3.797
1.0871,0.010781,0.981,0.220,3.43,2098,0.224,193.000,8.547,3.797
1.8105,0.012781,0.693,0.260,4.98,3328,0.375,253.000,7.010,2.752
1.6058,0.012640,0.775,0.260,3.82,3184,0.336,145.000,17.962,3.175
0.7924,0.008703,1.090,0.160,2.85,2097,0.147,217.000,11.685,2.174
1.1943,0.011282,0.934,0.360,5.96,2467,0.386,190.000,26.583,4.878
0.7186,0.010421,1.440,0.120,2.61,1377,0.083,133.000,30.353,9.677
0.3228,0.004260,1.316,0.080,2.00,813,0.061,169.000,17.188,2.439
0.3785,0.004507,1.186,0.100,2.10,1365,0.084,173.000,14.634,2.151
0.1216,0.001675,1.376,0.0001,1.95,503,0.0001,249.000,19.236,2.941
1.0690,0.008487,0.786,0.200,4.03,3022,0.255,257.000,10.369,0.719
0.5090,0.009362,1.830,0.220,4.01,1156,0.120,61.000,57.206,15.238
0.1116,0.001749,1.565,0.0001,2.17,615,0.0001,151.000,30.882,3.279
1.8142,0.012713,0.688,0.400,5.15,3058,0.581,297.000,16.235,3.030
0.1347,0.002604,1.931,0.0001,2.09,299,0.0001,181.000,35.368,4.082
1.8832,0.013395,0.698,0.500,4.97,2922,0.716,235.000,30.165,3.145
1.8754,0.013293,0.696,0.540,4.90,2973,0.776,235.000,29.942,3.145
1.3152,0.011741,0.881,0.260,7.19,2864,0.295,469.000,22.563,2.941
2.4612,0.013926,0.552,0.520,8.19,3856,0.942,937.000,18.132,2.899
0.1271,0.001911,1.502,0.040,2.32,468,0.027,205.000,17.918,3.030
1.6019,0.011987,0.737,0.460,5.23,2798,0.624,305.000,13.411,2.128
1.4008,0.013848,0.975,0.280,3.50,2285,0.287,145.000,13.034,5.556
1.6769,0.014559,0.854,0.360,4.70,2960,0.422,121.000,27.653,4.000
0.4919,0.006605,1.337,0.160,3.16,1472,0.120,177.000,33.980,3.947
1.6574,0.014386,0.854,0.460,4.78,3179,0.539,121.000,27.856,4.000
0.4567,0.005605,1.222,0.120,2.70,1265,0.098,281.000,13.302,2.041
2.1334,0.015784,0.724,0.260,8.61,3329,0.359,417.000,24.481,5.085
0.2253,0.002903,1.286,0.040,2.21,926,0.031,353.000,18.932,1.609
0.3550,0.004486,1.260,0.080,2.51,1142,0.064,229.000,16.368,2.778
0.2273,0.003154,1.385,0.100,2.08,689,0.072,229.000,16.368,2.778
0.3058,0.004462,1.456,0.0001,2.62,647,0.0001,289.000,16.002,3.030
0.1729,0.002693,1.555,0.0001,2.16,513,0.0001,89.000,25.507,8.333
0.5400,0.006137,1.131,0.140,2.79,1346,0.124,369.000,9.274,1.515
0.4700,0.005724,1.213,0.200,2.78,1116,0.165,353.000,9.220,1.587
0.4151,0.005570,1.337,0.120,2.62,1032,0.090,231.000,21.227,3.902
0.3360,0.004264,1.265,0.160,3.25,1082,0.126,343.000,17.961,1.775
1.0885,0.010765,0.978,0.160,3.47,2402,0.164,153.000,9.214,1.695
0.8484,0.009196,1.075,0.140,3.37,1797,0.130,229.000,9.214,1.695
0.9023,0.009663,1.062,0.120,3.34,1859,0.113,229.000,9.214,1.695
0.2283,0.003274,1.431,0.020,2.12,712,0.014,297.000,17.579,3.390
0.3332,0.005113,1.530,0.020,2.87,937,0.013,169.000,31.261,3.636
0.3816,0.006469,1.689,0.080,2.43,922,0.047,229.000,31.011,3.030
0.3589,0.006211,1.725,0.040,2.42,888,0.023,229.000,31.977,3.030
1.0055,0.009924,0.977,0.180,4.17,2416,0.184,109.000,20.891,3.540
1.2250,0.011200,0.903,0.180,4.39,2943,0.199,105.000,22.396,4.040
1.4614,0.012802,0.863,0.280,4.64,3267,0.324,109.000,23.568,4.706
1.4476,0.011999,0.817,0.420,5.14,3297,0.514,217.000,22.453,4.082
0.8980,0.009147,1.010,0.280,3.81,2303,0.277,217.000,21.688,3.557
1.2546,0.011334,0.892,0.280,4.64,2958,0.314,217.000,25.299,4.762
0.1921,0.002789,1.449,0.0001,2.33,551,0.0001,25.000,4.531,1.818
1.1126,0.010733,0.954,0.100,3.00,2512,0.105,169.000,7.524,1.333
1.1388,0.011086,0.963,0.100,3.08,2480,0.104,169.000,7.496,1.333
0.7102,0.007694,1.076,0.120,2.94,1852,0.112,385.000,16.176,1.695
0.5445,0.007160,1.308,0.160,2.84,1396,0.122,369.000,13.223,1.639
0.2124,0.002689,1.264,0.040,2.33,727,0.032,385.000,8.941,1.429
0.2666,0.003297,1.234,0.020,2.65,847,0.016,385.000,8.386,1.429
0.6081,0.007058,1.154,0.160,2.60,1744,0.139,409.000,15.875,1.695
0.8693,0.013430,1.531,0.260,4.32,1773,0.170,181.000,60.305,18.935
0.1546,0.002182,1.409,0.0001,2.31,506,0.0001,505.000,9.619,1.714
0.3648,0.005683,1.552,0.040,2.29,992,0.026,241.000,22.163,5.172
0.5194,0.009347,1.790,0.160,2.37,1422,0.089,121.000,46.493,6.897
0.5306,0.009817,1.840,0.140,2.38,1386,0.076,113.000,47.276,6.667
0.5394,0.008585,1.583,0.080,2.38,1630,0.051,113.000,42.771,6.667
0.5410,0.008907,1.638,0.080,2.33,1586,0.049,113.000,43.791,6.667
0.5328,0.008900,1.662,0.160,2.39,1433,0.096,113.000,44.052,6.667
0.4920,0.008383,1.696,0.140,2.37,1523,0.083,113.000,44.897,6.667
0.5255,0.009054,1.714,0.140,2.38,1496,0.082,121.000,45.224,6.897
0.5043,0.008873,1.750,0.140,2.37,1374,0.080,113.000,45.710,6.667
0.5071,0.009019,1.770,0.180,2.37,1411,0.102,113.000,46.079,6.667
0.3628,0.004549,1.250,0.060,2.68,971,0.048,193.000,8.421,10.000
0.9138,0.009996,1.084,0.120,2.75,2037,0.111,145.000,10.298,14.286
0.1529,0.002622,1.713,0.020,2.45,356,0.012,201.000,9.761,3.030
0.4643,0.006615,1.418,0.140,2.31,1245,0.099,193.000,18.390,3.371
0.2226,0.003374,1.513,0.020,3.12,733,0.013,217.000,23.397,4.167
0.1263,0.002040,1.613,0.060,2.46,431,0.037,257.000,22.547,4.000
0.2040,0.003143,1.538,0.080,3.67,506,0.052,175.000,20.389,1.835
0.1952,0.003088,1.579,0.080,3.66,488,0.051,175.000,21.642,1.835
0.1947,0.003109,1.595,0.080,3.67,497,0.050,175.000,22.228,1.835
0.1993,0.003205,1.605,0.080,3.66,487,0.050,175.000,22.411,1.835
0.1891,0.003112,1.643,0.080,3.63,462,0.049,175.000,22.801,1.835
0.5955,0.007172,1.198,0.220,2.89,1314,0.184,369.000,18.471,1.695
0.5511,0.008108,1.463,0.120,3.00,1251,0.082,257.000,29.189,3.896
0.4001,0.006438,1.603,0.020,1.98,757,0.012,109.000,31.584,7.692
0.4045,0.006507,1.602,0.020,1.97,769,0.012,109.000,31.584,7.692
0.3926,0.006366,1.615,0.020,1.98,703,0.012,109.000,31.584,7.692
0.4061,0.006524,1.600,0.020,2.00,775,0.013,109.000,31.584,7.692
0.4431,0.007049,1.584,0.040,2.00,789,0.025,109.000,31.584,7.692
0.4213,0.006716,1.588,0.040,1.99,781,0.025,109.000,31.584,7.692
0.6518,0.009804,1.495,0.180,2.13,1180,0.120,289.000,24.631,5.000
1.1015,0.009864,0.886,0.180,3.08,3384,0.203,241.000,11.017,2.703
2.2599,0.014710,0.636,0.400,6.00,3511,0.629,109.000,24.504,6.818
0.8194,0.007639,0.925,0.060,3.93,2078,0.065,317.000,12.656,1.639
0.9215,0.008588,0.924,0.040,3.99,2111,0.043,317.000,9.752,1.639
0.9487,0.009365,0.978,0.040,4.09,1967,0.041,317.000,15.937,1.639
0.8494,0.007609,0.889,0.040,3.93,2307,0.045,317.000,9.048,1.639
1.1810,0.009765,0.818,0.080,4.10,2977,0.098,305.000,11.388,1.840
0.8500,0.008718,1.017,0.140,3.02,2524,0.138,133.000,24.381,2.326
0.1587,0.002435,1.532,0.0001,2.12,713,0.0001,305.000,24.416,4.412
0.1667,0.002526,1.513,0.0001,2.20,592,0.0001,257.000,18.926,3.448
0.3044,0.005089,1.667,0.080,4.02,742,0.048,97.000,36.255,5.618
0.3571,0.005721,1.597,0.080,4.22,847,0.050,97.000,35.768,5.618
0.7989,0.009509,1.181,0.220,3.29,1670,0.186,149.000,29.701,3.390
1.2835,0.014961,1.151,0.160,4.17,1790,0.139,361.000,16.882,8.451
0.0606,0.001108,1.828,0.0001,1.96,364,0.0001,329.000,37.813,5.797
0.4618,0.005904,1.273,0.140,2.92,1158,0.110,341.000,13.688,2.564
0.4727,0.006064,1.277,0.300,3.44,1322,0.235,313.000,20.727,3.774
1.0657,0.009620,0.893,0.180,3.94,2325,0.201,235.000,12.572,1.818
1.0216,0.009194,0.891,0.140,3.94,2350,0.157,235.000,12.572,1.818
0.1766,0.002216,1.254,0.060,2.51,490,0.048,433.000,11.244,1.695
0.3877,0.005635,1.448,0.180,4.37,896,0.124,49.000,33.856,5.618
0.4820,0.007533,1.555,0.080,2.53,881,0.051,97.000,29.259,7.692
0.8482,0.012272,1.435,0.080,2.42,830,0.056,97.000,16.655,7.692
0.5382,0.009577,1.770,0.080,2.44,680,0.045,97.000,34.054,7.692
0.4175,0.007737,1.846,0.100,2.66,830,0.054,97.000,45.957,7.692
0.4126,0.006678,1.612,0.120,2.49,988,0.074,73.000,37.901,11.111
0.6472,0.007087,1.088,0.120,3.71,1694,0.110,221.000,15.235,1.361
0.5625,0.006608,1.168,0.080,3.10,1314,0.068,233.000,14.289,1.299
0.5172,0.006111,1.176,0.060,2.83,1289,0.051,233.000,14.587,1.299
0.6644,0.007270,1.087,0.180,3.71,1627,0.166,221.000,15.235,1.361
0.1735,0.003400,1.957,0.020,2.70,394,0.010,379.000,38.858,3.846
0.3959,0.006159,1.550,0.040,3.49,1149,0.026,97.000,41.305,6.173
0.2020,0.003067,1.516,0.060,2.33,539,0.040,313.000,26.396,2.609
0.2058,0.002959,1.436,0.080,2.11,798,0.056,353.000,24.093,2.222
0.3286,0.004550,1.381,0.080,2.71,1241,0.058,321.000,27.250,2.857
0.4399,0.005620,1.273,0.080,3.06,1233,0.063,353.000,24.093,2.222
0.2727,0.005452,1.993,0.040,5.01,670,0.020,97.000,48.682,9.091
0.5717,0.007487,1.302,0.100,2.35,1355,0.077,401.000,18.653,3.226
0.5241,0.006766,1.285,0.160,2.37,1158,0.125,301.000,18.653,3.226
0.7086,0.007937,1.113,0.060,2.39,1819,0.054,337.000,14.266,2.128
0.5855,0.006753,1.147,0.080,2.27,1665,0.070,337.000,14.266,2.128
0.4776,0.005590,1.165,0.080,3.03,1340,0.069,337.000,14.266,2.128
0.6562,0.007089,1.074,0.180,3.03,1803,0.168,405.000,12.730,2.260
0.6734,0.007157,1.056,0.120,3.06,1782,0.114,421.000,13.140,2.247
2.3154,0.014099,0.595,0.700,10.43,3311,1.176,1513.000,25.769,2.410
0.6831,0.012249,1.781,0.120,2.11,850,0.067,193.000,30.893,9.091
0.4133,0.006690,1.612,0.200,2.49,1047,0.124,73.000,37.901,11.111
0.4036,0.006524,1.610,0.080,2.49,1015,0.050,73.000,37.901,11.111
0.2192,0.002990,1.362,0.100,2.71,671,0.073,247.000,15.886,1.389
0.6056,0.008801,1.445,0.120,3.36,1236,0.083,169.000,32.405,6.667
1.5713,0.012787,0.801,0.360,3.55,3864,0.449,190.000,19.822,4.000
1.6169,0.012223,0.744,0.340,4.93,2999,0.457,185.000,17.093,2.667
2.3882,0.013313,0.544,0.540,6.27,3422,0.992,177.000,20.778,3.401
0.1431,0.002687,1.876,0.0001,1.90,463,0.0001,289.000,35.151,2.222
0.1080,0.001611,1.490,0.0001,2.87,434,0.0001,253.000,24.485,3.846
0.3433,0.004672,1.356,0.080,3.21,1117,0.059,55.000,29.996,4.494
0.2706,0.003253,1.199,0.040,2.95,812,0.033,105.000,4.902,1.613
0.3992,0.005382,1.343,0.060,2.33,1287,0.045,229.000,24.507,4.225
2.5918,0.013201,0.496,0.440,6.48,3790,0.886,305.000,6.175,0.962
0.7989,0.007468,0.928,0.180,3.84,2046,0.194,165.000,9.981,2.273
0.9896,0.010980,1.099,0.100,3.19,1796,0.091,281.000,16.032,3.093
0.0515,0.000842,1.632,0.060,1.80,420,0.037,257.000,21.148,2.222
0.7756,0.008155,1.044,0.160,5.33,1557,0.153,305.000,5.914,1.111
0.2043,0.003476,1.698,0.040,2.52,593,0.024,113.000,35.900,2.564
0.4424,0.005380,1.211,0.160,2.84,1131,0.132,369.000,17.225,1.515
0.1758,0.003458,1.964,0.020,2.06,412,0.010,229.000,32.544,3.571
0.6525,0.008386,1.277,0.160,3.24,1486,0.125,269.000,25.367,2.083
0.7430,0.008593,1.148,0.220,3.42,1888,0.192,553.000,27.208,2.941
0.1126,0.001686,1.496,0.020,2.08,552,0.013,289.000,20.134,3.636
0.8901,0.009121,1.016,0.220,4.04,2101,0.217,181.000,17.897,1.370
1.1704,0.010550,0.891,0.180,3.65,2934,0.202,271.000,12.244,1.370
0.3296,0.004709,1.425,0.060,2.60,855,0.042,269.000,21.124,4.211
1.0281,0.010413,1.002,0.180,3.54,2471,0.180,109.000,32.166,3.846
0.6965,0.010177,1.451,0.120,3.26,1320,0.083,257.000,37.474,9.302
0.3872,0.006102,1.570,0.100,2.69,923,0.064,313.000,27.657,6.061
0.7621,0.008465,1.103,0.280,3.53,2082,0.254,109.000,29.197,3.030
0.3416,0.004068,1.187,0.140,3.09,1039,0.118,223.000,12.668,1.818
0.7183,0.007528,1.041,0.100,3.89,1678,0.096,205.000,14.166,2.128
0.8813,0.009441,1.062,0.140,3.08,2326,0.132,241.000,14.648,3.226
0.8751,0.009416,1.067,0.220,2.94,2085,0.206,241.000,16.231,3.665
0.7680,0.008592,1.111,0.140,2.88,1872,0.126,289.000,19.648,2.041
0.1472,0.003184,2.160,0.020,2.36,343,0.009,305.000,38.201,3.030
0.1558,0.002016,1.292,0.060,2.04,1049,0.046,25.000,19.258,2.740
0.1607,0.002772,1.723,0.020,2.83,502,0.012,469.000,29.938,3.279
0.3714,0.005706,1.531,0.020,2.00,857,0.013,109.000,29.259,7.692
0.6667,0.008503,1.267,0.140,5.25,1354,0.111,235.000,24.668,5.263
1.4508,0.012791,0.869,0.380,7.07,2290,0.437,217.000,23.676,5.556
0.4456,0.006501,1.453,0.060,2.88,1240,0.041,365.000,31.116,2.685
0.4684,0.006754,1.436,0.140,2.96,1264,0.098,369.000,31.131,2.703
0.5807,0.007576,1.297,0.140,2.44,1798,0.108,241.000,27.502,6.452
0.3283,0.005117,1.554,0.060,2.03,661,0.039,257.000,21.211,4.545
0.5285,0.007916,1.490,0.060,2.07,944,0.040,257.000,19.914,4.545
0.4092,0.005126,1.248,0.020,2.50,976,0.016,257.000,14.105,2.041
0.4868,0.005875,1.202,0.060,2.52,1226,0.050,273.000,14.166,2.128
0.1278,0.002197,1.717,0.020,1.81,651,0.012,145.000,33.215,1.818
0.2016,0.004022,1.992,0.0001,2.20,454,0.0001,217.000,38.914,3.030
3.6952,0.014578,0.380,0.720,6.72,4954,1.895,117.000,15.889,2.564
3.8322,0.014918,0.374,0.640,6.98,5120,1.709,117.000,15.889,2.564
3.8260,0.014844,0.373,0.680,6.67,5221,1.822,117.000,14.550,2.564
3.8420,0.015257,0.382,0.580,6.69,5233,1.519,117.000,15.513,2.564
4.3076,0.015414,0.343,0.560,11.88,4927,1.635,233.000,15.513,2.564
0.1207,0.002357,1.951,0.020,2.31,357,0.010,151.000,27.948,2.632
0.0757,0.001361,1.796,0.0001,1.78,386,0.0001,181.000,29.571,2.632
0.1476,0.002699,1.826,0.040,3.00,518,0.022,235.000,38.508,5.882
0.4590,0.008334,1.808,0.080,2.82,876,0.044,145.000,31.191,8.333
0.4641,0.008359,1.793,0.080,2.82,881,0.045,145.000,31.191,8.333
0.0861,0.001967,2.282,0.0001,2.94,357,0.0001,235.000,29.322,5.882
0.3180,0.005818,1.824,0.060,2.56,698,0.033,145.000,29.924,8.000
0.3022,0.005506,1.817,0.060,2.55,710,0.033,145.000,29.924,8.000
0.3064,0.005642,1.836,0.060,2.54,701,0.033,145.000,29.924,8.000
3.7349,0.015147,0.391,0.680,6.18,5334,1.741,185.000,16.351,2.632
4.0099,0.015567,0.373,0.680,7.15,4752,1.824,193.000,17.671,3.226
5.1770,0.016037,0.294,0.680,8.13,5161,2.314,289.000,13.825,2.326
7.8815,0.015899,0.186,0.760,10.77,5870,4.088,313.000,11.752,1.724
8.4557,0.016242,0.176,0.760,11.00,5833,4.320,321.000,12.419,1.961
0.9838,0.012667,1.275,0.100,2.22,2061,0.078,313.000,35.190,9.091
1.2991,0.011646,0.885,0.360,4.29,2966,0.407,265.000,24.435,2.564
1.2841,0.011025,0.848,0.220,3.86,3056,0.260,121.000,18.459,1.587
0.2228,0.002804,1.256,0.080,2.59,726,0.064,301.000,9.998,1.290
0.2663,0.003545,1.328,0.060,2.68,767,0.045,257.000,14.806,2.158
0.9210,0.008969,0.965,0.260,3.04,2613,0.269,201.000,15.070,2.299
0.0910,0.001853,2.035,0.0001,1.81,371,0.0001,97.000,41.974,5.556
0.8719,0.008334,0.948,0.120,6.03,2006,0.127,425.000,15.890,2.655
0.5192,0.005575,1.069,0.100,4.42,1400,0.094,425.000,14.167,2.143
0.9466,0.008964,0.938,0.200,5.92,2144,0.213,425.000,16.561,2.885
0.9775,0.009084,0.921,0.140,6.09,2137,0.152,425.000,16.561,2.885
0.8524,0.008165,0.950,0.240,6.07,1953,0.253,425.000,15.890,2.655
0.8475,0.008203,0.960,0.280,6.07,1883,0.292,425.000,15.890,2.655
0.8468,0.008153,0.955,0.120,6.05,1968,0.126,425.000,15.890,2.655
0.5188,0.005539,1.063,0.180,4.39,1417,0.169,425.000,14.167,2.143
0.4770,0.005202,1.086,0.120,4.15,1332,0.111,425.000,14.167,2.143
0.4879,0.005281,1.078,0.080,4.26,1398,0.074,425.000,14.167,2.143
0.5232,0.005561,1.058,0.080,4.36,1396,0.076,425.000,14.167,2.143
1.7211,0.013112,0.749,0.500,5.13,3105,0.668,118.000,22.667,4.286
3.1948,0.014918,0.452,0.520,6.70,4837,1.150,289.000,12.782,2.198
1.2971,0.012801,0.974,0.220,3.93,2804,0.226,193.000,24.279,2.703
2.8751,0.016314,0.551,0.400,9.34,3267,0.726,297.000,24.379,6.173
1.2287,0.014666,1.179,0.240,6.10,1684,0.204,177.000,32.358,9.804
1.6435,0.013869,0.830,0.260,8.28,2825,0.313,385.000,22.408,4.762
1.6174,0.013734,0.836,0.140,8.17,2941,0.168,385.000,22.408,4.762
1.4311,0.013828,0.953,0.320,5.58,3112,0.336,241.000,29.209,7.143
1.4409,0.013954,0.955,0.320,5.55,3128,0.335,241.000,29.209,7.143
1.4450,0.014048,0.958,0.320,5.54,3102,0.334,241.000,29.209,7.143
1.4104,0.013582,0.950,0.320,5.58,3147,0.337,241.000,29.209,7.143
1.3497,0.013583,0.993,0.320,5.36,3020,0.322,241.000,29.209,7.143
1.4454,0.014170,0.966,0.320,5.47,3097,0.331,241.000,29.209,7.143
1.4046,0.013579,0.953,0.320,5.54,3196,0.336,241.000,29.209,7.143
1.4747,0.014130,0.944,0.320,5.61,3201,0.339,241.000,29.209,7.143
0.7753,0.007934,1.016,0.120,4.24,1858,0.118,233.000,17.282,3.158
0.7809,0.007545,0.959,0.160,2.77,2336,0.167,173.000,9.447,1.724
3.6251,0.014354,0.382,0.600,11.15,4876,1.572,244.000,20.268,3.084
6.2064,0.015279,0.231,0.700,12.66,5707,3.030,244.000,18.767,2.662
2.4542,0.014274,0.567,0.660,6.56,3898,1.163,197.000,29.134,5.797
0.5254,0.008575,1.624,0.200,3.61,986,0.123,229.000,11.200,2.778
0.5180,0.008586,1.649,0.200,3.51,998,0.121,229.000,11.200,2.778
0.5295,0.008688,1.632,0.220,3.57,1092,0.135,229.000,11.200,2.778
0.7655,0.011333,1.469,0.140,4.06,1275,0.095,181.000,12.330,3.571
0.2065,0.002645,1.278,0.0001,1.71,513,0.0001,321.000,11.378,1.852
1.3249,0.014955,1.114,0.140,3.66,1975,0.126,209.000,22.152,5.882
0.8602,0.010511,1.212,0.260,4.10,2024,0.215,217.000,12.399,3.704
0.9012,0.010910,1.200,0.220,4.20,2035,0.183,217.000,12.399,3.704
0.1086,0.002411,2.217,0.0001,2.10,342,0.0001,397.000,47.093,9.137
0.2956,0.005764,1.944,0.080,3.80,638,0.041,285.000,47.587,9.697
0.3120,0.003931,1.257,0.120,2.72,988,0.096,193.000,18.869,2.778
0.4086,0.005774,1.408,0.020,2.38,922,0.014,353.000,21.963,4.348
0.4414,0.005840,1.318,0.100,3.97,1059,0.076,481.000,20.276,3.704
0.5338,0.007184,1.339,0.100,2.94,1005,0.075,289.000,13.073,2.439
1.1790,0.011843,0.993,0.140,6.76,2871,0.141,181.000,30.799,7.377
0.6782,0.008475,1.241,0.160,4.12,1445,0.129,241.000,28.051,5.769
0.7237,0.008633,1.184,0.280,3.34,1741,0.236,161.000,29.388,3.509
0.4153,0.005553,1.332,0.080,3.04,1122,0.060,233.000,20.316,3.659
1.4315,0.011612,0.800,0.180,4.15,3435,0.225,177.000,16.961,2.778
1.0236,0.009459,0.915,0.340,3.63,2373,0.372,201.000,15.414,2.479
1.4585,0.014723,0.995,0.300,3.91,2234,0.302,145.000,22.056,5.556
1.1556,0.010256,0.878,0.340,5.10,2866,0.387,241.000,19.785,3.297
1.1345,0.010349,0.902,0.240,6.14,2240,0.266,361.000,21.335,3.846
2.9764,0.014878,0.485,0.520,4.85,4671,1.072,101.000,17.099,2.941
1.7425,0.012267,0.692,0.480,5.43,3329,0.694,217.000,17.666,1.190
0.2584,0.004457,1.721,0.040,2.12,690,0.023,109.000,38.159,4.167
1.2871,0.012750,0.978,0.280,2.98,2824,0.286,161.000,23.739,5.455
0.9777,0.011132,1.128,0.080,2.35,2557,0.071,289.000,21.643,4.167
1.0007,0.011163,1.105,0.120,2.16,2827,0.109,289.000,21.643,4.167
1.0205,0.011406,1.107,0.140,2.39,2433,0.127,289.000,20.657,3.704
0.5486,0.006537,1.185,0.060,2.19,1998,0.051,289.000,20.657,3.704
0.6148,0.007056,1.141,0.120,2.77,1949,0.105,289.000,19.757,3.333
0.7716,0.011705,1.505,0.080,2.43,1483,0.053,129.000,26.251,3.846
0.2775,0.004237,1.523,0.020,2.25,568,0.013,465.000,23.759,2.564
0.4568,0.005951,1.297,0.120,2.25,1341,0.093,225.000,26.438,2.778
0.7201,0.012316,1.698,0.100,2.14,1122,0.059,65.000,50.893,6.122
0.4360,0.007658,1.749,0.160,2.24,913,0.091,161.000,45.914,5.882
2.9174,0.014601,0.486,0.540,5.06,4644,1.111,101.000,17.099,2.941
0.6394,0.007598,1.181,0.120,2.66,1616,0.102,257.000,20.212,3.448
0.1069,0.002749,2.569,0.0001,2.51,211,0.0001,81.000,20.020,7.143
0.1088,0.001891,1.736,0.020,1.71,405,0.012,193.000,29.048,5.556
0.3338,0.003997,1.194,0.140,2.68,993,0.117,154.000,11.201,1.702
0.3047,0.003707,1.214,0.060,2.67,929,0.049,154.000,12.868,1.702
0.6899,0.007493,1.079,0.120,3.39,1836,0.111,227.000,20.694,1.987
0.1666,0.002017,1.209,0.040,2.50,616,0.033,133.000,10.828,1.786
0.6777,0.008241,1.208,0.160,3.23,1499,0.132,121.000,24.909,4.580
0.8115,0.008466,1.035,0.100,5.46,1977,0.097,217.000,22.203,4.000
0.3235,0.005799,1.787,0.120,2.40,750,0.067,321.000,24.734,7.143
0.3995,0.006010,1.499,0.020,3.33,912,0.013,145.000,26.855,5.000
0.2710,0.003785,1.393,0.060,3.09,1071,0.043,169.000,26.993,3.659
0.3187,0.004456,1.394,0.080,3.30,936,0.057,193.000,24.622,2.353
0.7305,0.008375,1.139,0.100,2.35,1786,0.088,369.000,11.602,1.754
1.8343,0.012445,0.666,0.380,5.10,3662,0.570,137.000,14.610,2.273
0.4725,0.006429,1.354,0.100,2.78,1187,0.074,169.000,16.846,1.316
0.6039,0.007678,1.264,0.120,3.10,1393,0.095,169.000,16.846,1.316
0.5322,0.006962,1.301,0.140,2.98,1456,0.108,169.000,16.846,1.316
0.6483,0.007992,1.225,0.160,3.05,1669,0.131,169.000,16.846,1.316
0.6238,0.007868,1.254,0.060,3.42,1427,0.048,169.000,16.846,1.316
0.4145,0.005973,1.435,0.100,2.60,1046,0.070,201.000,16.254,1.299
0.6726,0.008190,1.210,0.180,3.32,1548,0.149,201.000,16.254,1.299
0.7782,0.008537,1.089,0.220,5.52,1343,0.202,181.000,20.277,3.704
0.1617,0.002343,1.447,0.0001,2.40,513,0.0001,337.000,20.196,1.961
0.2950,0.004471,1.512,0.020,2.70,788,0.013,241.000,13.362,2.778
0.2872,0.004480,1.556,0.020,2.63,728,0.013,241.000,13.745,2.778
0.4291,0.004876,1.132,0.100,4.06,1225,0.088,48.000,20.397,5.303
0.0725,0.001817,2.505,0.0001,1.63,197,0.0001,193.000,42.559,11.111
0.0817,0.002049,2.505,0.0001,1.63,191,0.0001,193.000,42.559,11.111
0.3849,0.005421,1.403,0.040,2.38,1104,0.029,97.000,21.261,11.111
0.4032,0.005633,1.392,0.040,2.45,1150,0.029,97.000,21.261,11.111
0.4453,0.005969,1.335,0.080,2.62,1270,0.060,97.000,21.261,11.111
0.3814,0.005394,1.409,0.040,2.41,1094,0.028,97.000,21.261,11.111
0.3942,0.005595,1.414,0.040,2.39,1081,0.028,97.000,21.261,11.111
0.4003,0.005580,1.388,0.040,2.37,1166,0.029,97.000,21.261,11.111
0.8251,0.008468,1.018,0.200,4.16,2088,0.196,409.000,12.739,1.969
1.0091,0.011026,1.082,0.220,2.95,2540,0.203,121.000,24.150,5.455
1.3497,0.011910,0.871,0.400,3.56,3011,0.459,241.000,12.961,2.439
0.3808,0.005103,1.335,0.060,2.66,1082,0.045,241.000,14.289,2.439
0.3902,0.005154,1.316,0.120,2.71,925,0.091,241.000,13.805,2.439
0.1538,0.002905,1.886,0.0001,2.15,444,0.0001,289.000,31.819,4.762
0.1666,0.003117,1.868,0.0001,2.15,460,0.0001,289.000,31.347,4.762
0.1555,0.002970,1.908,0.0001,2.14,433,0.0001,289.000,31.973,4.762
0.1630,0.002993,1.834,0.040,2.17,449,0.022,289.000,30.657,4.762
0.1639,0.003042,1.854,0.040,2.15,447,0.022,289.000,31.155,4.762
0.4549,0.005503,1.205,0.100,2.31,1159,0.083,353.000,16.089,3.704
0.1228,0.002771,2.255,0.0001,2.52,281,0.0001,361.000,36.260,7.143
0.2957,0.004614,1.556,0.120,2.17,687,0.077,217.000,21.991,4.348
0.1971,0.003069,1.554,0.0001,2.06,593,0.0001,209.000,20.905,4.000
0.2821,0.004122,1.457,0.100,2.05,1021,0.069,301.000,21.890,4.110
0.1947,0.003966,2.032,0.080,2.24,581,0.039,193.000,39.166,4.651
0.9635,0.010336,1.063,0.100,2.43,2827,0.094,289.000,22.130,4.167
0.0737,0.002175,2.948,0.060,1.87,285,0.020,201.000,55.071,6.250
0.2498,0.003208,1.282,0.0001,2.69,795,0.0001,205.000,15.169,2.299
0.3750,0.005097,1.355,0.060,2.11,1034,0.044,273.000,12.866,2.273
0.7644,0.008447,1.097,0.120,2.66,2063,0.109,273.000,11.890,2.247
0.8896,0.007753,0.864,0.240,3.92,2554,0.278,153.000,8.650,1.176
0.3916,0.004640,1.180,0.100,3.40,881,0.085,209.000,8.328,1.923
0.3814,0.004590,1.199,0.100,3.32,835,0.083,209.000,8.328,1.923
1.2442,0.013633,1.082,0.180,4.69,1979,0.166,181.000,20.202,7.407
0.3243,0.003738,1.150,0.040,2.24,1246,0.035,433.000,9.578,1.333
0.2133,0.002881,1.348,0.060,2.50,462,0.045,313.000,11.645,1.852
0.3348,0.004347,1.294,0.080,2.27,848,0.062,289.000,9.056,3.704
0.3284,0.004282,1.300,0.060,2.25,871,0.046,289.000,9.056,3.704
0.2546,0.003603,1.412,0.040,2.21,829,0.028,481.000,20.644,2.000
0.1287,0.003120,2.422,0.040,2.50,453,0.017,163.000,61.409,6.250
0.6964,0.008534,1.217,0.220,4.93,1137,0.181,37.000,13.862,6.250
0.6513,0.007995,1.220,0.220,4.96,1112,0.180,37.000,13.862,6.250
0.6006,0.008182,1.354,0.220,5.04,1061,0.162,37.000,26.674,6.250
0.4307,0.006999,1.618,0.080,4.22,864,0.049,37.000,28.920,6.667
0.5287,0.007553,1.421,0.200,4.76,914,0.141,37.000,26.995,6.250
0.5851,0.008598,1.461,0.200,4.90,967,0.137,37.000,28.069,6.250
0.1710,0.002454,1.433,0.020,2.29,408,0.014,417.000,14.918,2.632
0.3764,0.004580,1.213,0.080,2.92,1019,0.066,273.000,12.950,2.128
1.1883,0.012436,1.034,0.060,3.43,2503,0.058,73.000,15.778,6.667
0.6316,0.007300,1.149,0.260,4.29,1617,0.226,49.000,26.990,2.674
0.3403,0.005177,1.516,0.080,3.42,1016,0.053,65.000,28.687,5.000
0.6961,0.008666,1.237,0.280,4.01,1366,0.226,257.000,23.792,2.778
0.5904,0.007368,1.241,0.180,3.52,1381,0.145,257.000,15.367,2.778
0.6792,0.008047,1.177,0.160,3.61,1585,0.136,257.000,15.367,2.778
0.8028,0.009068,1.121,0.160,4.19,1679,0.143,257.000,15.367,2.778
0.9358,0.009958,1.055,0.200,4.80,1732,0.190,257.000,15.367,2.778
0.6966,0.009904,1.412,0.260,3.12,1823,0.184,129.000,24.852,7.895
0.1419,0.003037,2.138,0.040,2.34,567,0.019,193.000,29.534,10.363
0.7137,0.008108,1.128,0.220,3.46,1655,0.195,253.000,24.353,4.000
0.8319,0.009053,1.079,0.300,3.06,2108,0.278,157.000,22.700,1.613
1.1957,0.011750,0.971,0.180,3.46,2953,0.185,217.000,19.693,2.857
0.6083,0.007205,1.178,0.040,2.95,1489,0.034,193.000,14.592,2.564
0.4551,0.006314,1.382,0.160,2.01,992,0.116,233.000,22.325,2.222
1.6870,0.012013,0.700,0.480,9.01,2420,0.685,2065.000,12.746,2.077
0.4011,0.006649,1.651,0.020,1.97,697,0.012,109.000,31.741,7.692
0.4121,0.006758,1.634,0.020,1.99,706,0.012,109.000,31.741,7.692
2.0693,0.012856,0.609,0.440,6.91,4572,0.723,149.000,15.288,2.400
1.6910,0.012478,0.726,0.260,6.14,3637,0.358,169.000,18.333,3.030
0.5587,0.008465,1.507,0.160,3.55,1181,0.106,313.000,31.097,3.158
0.3318,0.004389,1.319,0.020,2.57,781,0.015,209.000,14.442,2.381
0.4002,0.006695,1.667,0.0001,2.21,1090,0.0001,321.000,36.881,3.846
0.3496,0.005885,1.678,0.080,2.22,1022,0.048,321.000,37.023,3.846
0.1682,0.003434,2.038,0.0001,2.28,405,0.0001,193.000,37.635,7.692
1.4086,0.012451,0.872,0.240,3.95,3140,0.275,223.000,21.915,2.222
0.4369,0.005445,1.241,0.080,2.38,939,0.064,313.000,6.214,1.124
1.5275,0.014208,0.916,0.380,3.12,3202,0.415,121.000,29.377,4.000
0.3970,0.007030,1.764,0.040,2.48,942,0.023,97.000,39.567,11.111
0.3550,0.006485,1.820,0.020,2.33,863,0.011,97.000,39.567,11.111
0.3844,0.006680,1.731,0.080,2.50,963,0.046,97.000,39.567,11.111
0.3663,0.006649,1.809,0.060,2.36,838,0.033,97.000,39.567,11.111
0.3419,0.006280,1.831,0.020,2.36,831,0.011,97.000,39.567,11.111
1.0541,0.010384,0.975,0.220,2.93,2691,0.226,225.000,22.167,4.167
0.7472,0.008544,1.135,0.120,4.15,1491,0.106,81.000,17.280,1.370
0.3642,0.004775,1.307,0.100,3.44,933,0.077,115.000,5.589,0.667
0.7984,0.009147,1.137,0.160,2.22,2069,0.141,385.000,17.550,1.754
0.0961,0.002539,2.641,0.0001,2.05,453,0.0001,121.000,56.667,6.061
0.1292,0.003984,3.080,0.100,3.73,473,0.032,85.000,67.137,9.375
0.6453,0.006572,1.012,0.180,2.71,1885,0.178,193.000,10.319,1.471
0.3041,0.003778,1.239,0.020,2.34,708,0.016,385.000,8.827,1.379
0.2246,0.002856,1.269,0.080,2.57,604,0.063,545.000,12.583,1.754
0.9199,0.009348,1.007,0.220,4.89,1836,0.218,145.000,18.639,3.297
0.2721,0.003499,1.283,0.080,2.67,939,0.062,321.000,14.796,2.113
0.4572,0.005606,1.221,0.040,2.54,1170,0.033,217.000,15.548,2.353
0.4223,0.005487,1.295,0.040,2.51,1102,0.031,433.000,17.005,2.778
0.1093,0.001921,1.756,0.020,1.86,350,0.011,385.000,22.280,4.110
0.5411,0.006687,1.229,0.040,2.46,2408,0.033,73.000,57.657,8.696
1.2033,0.010385,0.853,0.380,3.65,3778,0.446,169.000,36.207,6.250
1.3723,0.011280,0.811,0.280,3.89,4033,0.345,169.000,36.207,6.250
1.3380,0.011484,0.847,0.380,5.64,2908,0.449,257.000,19.262,3.774
0.4360,0.005284,1.207,0.060,2.89,1200,0.050,337.000,9.902,1.667
0.1385,0.001803,1.300,0.020,1.79,701,0.015,209.000,14.807,2.041
1.2878,0.012171,0.933,0.300,4.58,2910,0.322,53.000,34.512,6.383
1.4543,0.011800,0.800,0.460,7.57,2644,0.575,163.000,18.620,3.704
1.7012,0.012550,0.725,0.380,4.47,3341,0.524,141.000,10.578,1.852
1.7259,0.013015,0.741,0.320,4.48,3148,0.432,141.000,10.539,1.852
1.7974,0.014228,0.778,0.240,7.74,3369,0.309,389.000,22.838,4.918
1.0784,0.009751,0.895,0.220,4.72,2915,0.246,154.000,18.444,2.857
0.2255,0.003558,1.575,0.020,2.15,531,0.013,337.000,19.906,3.636
0.2483,0.003915,1.573,0.0001,2.16,524,0.0001,337.000,19.906,3.636
1.0483,0.009870,0.932,0.220,5.13,2729,0.236,154.000,17.743,2.632
0.2190,0.003548,1.617,0.120,2.96,776,0.074,481.000,51.184,7.895
0.4231,0.005866,1.381,0.240,3.71,1302,0.174,97.000,38.293,3.922
0.8479,0.009621,1.125,0.180,3.01,1817,0.160,145.000,23.676,5.556
0.1436,0.002126,1.479,0.040,2.71,447,0.027,161.000,24.329,2.222
1.3450,0.011016,0.808,0.320,4.73,2795,0.396,193.000,17.252,2.878
0.9414,0.012428,1.308,0.320,3.72,1721,0.245,209.000,39.075,5.882
0.2298,0.003293,1.430,0.040,2.29,737,0.028,19.000,23.267,3.571
0.1190,0.002533,2.126,0.020,1.84,398,0.009,409.000,37.064,4.348
0.1145,0.002493,2.175,0.0001,1.86,408,0.0001,409.000,37.833,4.348
0.3810,0.007760,2.029,0.100,2.05,1476,0.049,129.000,49.579,7.692
0.3979,0.005853,1.466,0.040,2.23,1638,0.027,241.000,37.723,4.444
1.3815,0.012552,0.896,0.300,3.07,3553,0.335,241.000,16.592,3.529
0.2279,0.004612,2.019,0.0001,1.81,340,0.0001,353.000,26.843,2.941
0.2256,0.004616,2.042,0.0001,1.81,338,0.0001,353.000,27.520,2.941
0.2136,0.004403,2.058,0.0001,1.80,329,0.0001,353.000,27.732,2.941
0.2118,0.004418,2.082,0.0001,1.79,321,0.0001,353.000,28.180,2.941
0.2363,0.003650,1.541,0.020,2.30,679,0.013,313.000,24.026,7.407
0.4611,0.006344,1.370,0.120,3.66,1635,0.088,169.000,35.893,4.762
0.5914,0.006534,1.099,0.080,3.02,1712,0.073,273.000,19.230,1.786
0.2496,0.003295,1.318,0.040,2.63,691,0.030,313.000,12.784,2.239
0.1181,0.002107,1.783,0.0001,2.14,454,0.0001,361.000,35.598,4.688
0.0720,0.001421,1.974,0.020,1.59,305,0.010,385.000,33.581,5.882
0.0598,0.001178,1.969,0.040,1.87,436,0.020,271.000,37.464,4.878
0.3174,0.004157,1.306,0.020,2.25,822,0.015,257.000,14.480,2.273
0.6498,0.007237,1.107,0.100,2.77,1828,0.090,305.000,13.036,2.000
0.7219,0.009258,1.273,0.120,5.25,1882,0.094,481.000,29.822,7.283
0.5420,0.007184,1.319,0.120,4.11,1224,0.091,187.000,28.035,2.381
1.6235,0.013264,0.804,0.460,5.09,3303,0.572,209.000,28.253,5.797
1.1606,0.011488,0.979,0.160,2.81,3150,0.164,193.000,17.988,3.448
0.1051,0.001595,1.518,0.020,2.70,425,0.013,265.000,20.195,1.961
0.2604,0.005745,2.201,0.060,2.52,604,0.027,353.000,47.227,9.259
0.1616,0.002912,1.799,0.040,2.08,290,0.022,241.000,37.620,9.677
0.1630,0.003757,2.301,0.040,2.83,439,0.017,217.000,46.371,8.333
0.5474,0.009143,1.661,0.100,3.06,1239,0.060,241.000,42.151,5.000
0.5961,0.008920,1.488,0.200,4.85,937,0.134,37.000,27.987,6.250
0.5471,0.009756,1.774,0.180,3.05,1262,0.101,417.000,46.663,3.846
0.1007,0.001994,1.978,0.060,2.12,347,0.030,193.000,43.041,11.429
0.1525,0.002364,1.549,0.0001,2.27,372,0.0001,281.000,17.284,2.804
0.3591,0.005059,1.404,0.060,3.19,943,0.043,49.000,28.504,6.667
0.6064,0.008594,1.409,0.220,4.34,1392,0.156,337.000,44.155,3.509
0.5980,0.007206,1.198,0.020,2.83,1821,0.017,307.000,20.459,3.846
0.5026,0.006016,1.191,0.080,2.79,1375,0.067,233.000,14.842,2.273
0.6456,0.009857,1.517,0.120,3.23,1355,0.079,33.000,31.710,4.950
0.6123,0.009234,1.499,0.100,3.17,1436,0.067,33.000,32.243,4.950
0.8590,0.009555,1.103,0.200,5.73,1742,0.181,169.000,22.588,4.762
0.9255,0.010563,1.131,0.220,5.78,1726,0.195,169.000,22.588,4.762
0.8814,0.010264,1.154,0.220,5.67,1779,0.191,169.000,22.588,4.762
0.8405,0.009377,1.106,0.200,5.75,1792,0.181,169.000,22.588,4.762
0.9059,0.010152,1.111,0.220,5.75,1719,0.198,169.000,22.588,4.762
0.8964,0.010578,1.170,0.220,5.62,1754,0.188,169.000,22.588,4.762
0.8461,0.010085,1.182,0.180,5.56,1734,0.152,169.000,22.588,4.762
0.8869,0.010228,1.143,0.220,5.71,1723,0.192,169.000,22.588,4.762
0.9198,0.010452,1.126,0.200,5.80,1747,0.178,169.000,22.588,4.762
1.3460,0.011896,0.872,0.360,4.47,3147,0.413,133.000,17.733,3.409
0.1860,0.002130,1.143,0.0001,2.29,450,0.0001,163.000,15.282,1.818
0.6205,0.010046,1.609,0.120,3.13,1063,0.075,289.000,53.419,7.143
1.5435,0.011354,0.725,0.420,6.58,3147,0.580,673.000,20.001,3.465
2.2372,0.014572,0.637,0.500,6.50,4284,0.785,709.000,21.133,4.118
0.3931,0.006046,1.532,0.080,2.09,832,0.052,109.000,29.259,7.692
0.6951,0.007647,1.093,0.100,3.10,1622,0.091,529.000,13.951,1.266
2.6859,0.014441,0.523,0.580,6.55,3567,1.108,265.000,13.951,1.266
0.1504,0.002265,1.504,0.040,2.40,667,0.027,133.000,17.895,1.493
2.4292,0.013811,0.555,0.360,8.91,4589,0.649,337.000,18.820,1.987
1.4174,0.015123,1.052,0.140,3.48,1986,0.133,209.000,13.098,5.882
0.5929,0.008246,1.383,0.100,2.62,1318,0.072,193.000,30.756,3.333
0.6126,0.009825,1.594,0.100,3.15,1158,0.063,289.000,53.419,7.143
0.6273,0.007300,1.157,0.080,3.17,1753,0.069,145.000,19.259,3.448
0.6778,0.007906,1.159,0.140,3.88,1926,0.121,217.000,23.905,4.167
0.1085,0.002060,1.897,0.0001,1.86,355,0.0001,81.000,28.926,3.175
0.5210,0.006098,1.165,0.100,2.98,1442,0.086,289.000,20.576,3.704
0.4032,0.005000,1.236,0.020,3.05,1335,0.016,289.000,26.564,3.704
0.4007,0.005066,1.260,0.0001,2.98,1309,0.0001,289.000,26.533,3.704
0.3975,0.005577,1.398,0.140,3.13,1190,0.100,175.000,18.385,2.174
0.4181,0.005970,1.422,0.100,2.73,1493,0.070,741.000,26.545,3.986
0.1809,0.002913,1.608,0.040,2.33,472,0.025,241.000,25.460,2.500
0.3136,0.004439,1.411,0.060,2.39,619,0.043,241.000,13.494,2.564
0.3723,0.004263,1.141,0.020,2.61,1093,0.018,233.000,8.240,1.266
2.4189,0.014037,0.566,0.460,5.79,3625,0.812,265.000,13.951,1.266
0.2182,0.004626,2.116,0.020,2.64,522,0.009,97.000,54.920,4.348
0.4164,0.005723,1.369,0.060,2.40,1028,0.044,249.000,23.437,1.667
0.3631,0.005106,1.402,0.040,2.41,968,0.029,249.000,24.446,1.667
0.3903,0.005539,1.414,0.060,2.40,889,0.042,249.000,24.859,1.667
0.7183,0.009858,1.363,0.140,2.83,1326,0.103,401.000,36.209,6.250
0.8331,0.008539,1.017,0.220,3.40,2175,0.216,145.000,22.468,1.754
0.1339,0.002201,1.642,0.040,2.01,361,0.024,265.000,19.430,2.000
0.1360,0.002198,1.614,0.040,2.07,378,0.025,265.000,19.430,2.000
0.8553,0.008868,1.028,0.300,3.14,2315,0.292,257.000,7.606,1.333
0.5390,0.006443,1.189,0.080,2.84,1478,0.067,225.000,14.479,2.564
0.0420,0.000672,1.600,0.0001,1.59,355,0.0001,257.000,24.173,5.263
0.3751,0.004503,1.196,0.020,2.29,1159,0.017,185.000,12.725,1.905
1.8627,0.013784,0.726,0.520,4.64,3386,0.716,49.000,33.125,10.000
1.9073,0.014281,0.734,0.500,4.78,3448,0.681,49.000,33.125,10.000
1.8300,0.013487,0.723,0.500,4.64,3369,0.691,49.000,33.125,10.000
1.8519,0.013629,0.722,0.480,4.65,3278,0.665,49.000,33.125,10.000
1.9019,0.013432,0.693,0.500,5.78,3405,0.722,127.000,23.544,4.813
0.4233,0.005253,1.236,0.080,2.89,1235,0.065,155.000,21.028,1.829
0.3268,0.004534,1.383,0.100,2.40,1019,0.072,265.000,32.441,3.448
1.1950,0.011345,0.938,0.220,4.75,2720,0.234,433.000,19.280,3.704
1.1986,0.011452,0.944,0.240,4.78,2661,0.254,433.000,19.280,3.704
1.1634,0.011471,0.975,0.240,4.58,2623,0.246,433.000,19.280,3.704
0.2056,0.002923,1.419,0.0001,2.65,539,0.0001,265.000,14.001,2.564
0.2112,0.002967,1.402,0.040,2.79,490,0.029,249.000,14.293,2.609
0.2381,0.003360,1.409,0.0001,2.63,575,0.0001,245.000,14.636,2.727
0.1870,0.002766,1.477,0.060,2.40,486,0.041,489.000,14.210,2.825
0.1742,0.002613,1.498,0.040,2.22,396,0.027,249.000,15.204,3.030
0.8515,0.009605,1.119,0.080,3.52,1696,0.072,217.000,15.495,2.857
0.8155,0.009197,1.119,0.080,3.52,1697,0.072,217.000,15.495,2.857
0.8194,0.009182,1.112,0.080,3.57,1703,0.072,217.000,15.495,2.857
0.8342,0.009347,1.112,0.080,3.57,1697,0.072,217.000,15.495,2.857
0.4953,0.006530,1.312,0.100,3.08,1274,0.076,289.000,15.873,2.804
0.1501,0.002441,1.624,0.020,1.82,448,0.012,307.000,19.259,3.846
0.0675,0.001400,2.074,0.020,2.03,273,0.010,353.000,34.140,4.762
0.8363,0.008440,1.001,0.120,3.83,1817,0.120,249.000,12.846,3.261
0.6669,0.007471,1.113,0.160,2.80,1672,0.144,445.000,11.839,2.222
0.1125,0.002527,2.244,0.0001,1.80,358,0.0001,145.000,40.016,6.061
0.1099,0.002468,2.243,0.0001,1.75,349,0.0001,109.000,40.016,6.061
0.1030,0.002316,2.246,0.020,1.80,351,0.009,109.000,40.016,6.061
0.1024,0.002301,2.244,0.0001,1.76,353,0.0001,109.000,40.016,6.061
0.0964,0.001315,1.362,0.0001,2.09,630,0.0001,329.000,12.051,1.852
0.2257,0.002909,1.286,0.040,2.41,794,0.031,313.000,11.245,1.887
0.2500,0.003492,1.394,0.060,2.68,713,0.043,257.000,14.676,2.410
0.1177,0.002007,1.704,0.040,2.02,317,0.023,449.000,22.775,2.564
0.5295,0.006492,1.220,0.100,2.43,1825,0.082,235.000,23.020,1.639
0.2464,0.004387,1.777,0.020,2.32,387,0.011,337.000,32.340,7.500
0.3891,0.005130,1.314,0.140,2.86,1102,0.107,161.000,24.290,2.027
0.7776,0.008481,1.083,0.160,2.71,2077,0.148,289.000,21.029,1.961
0.2635,0.003586,1.358,0.060,2.16,891,0.044,265.000,13.956,2.381
0.2620,0.003453,1.315,0.020,2.13,1026,0.015,337.000,12.051,1.923
0.2668,0.004847,1.812,0.0001,3.03,670,0.0001,235.000,29.806,4.545
0.5841,0.005990,1.020,0.140,3.11,1817,0.137,289.000,17.187,2.222
0.3017,0.005272,1.743,0.100,2.37,726,0.057,211.000,36.553,3.922
0.2875,0.005135,1.782,0.100,2.38,730,0.056,211.000,37.598,3.922
0.7693,0.009151,1.181,0.080,2.74,1706,0.068,193.000,21.800,2.439
0.4903,0.006589,1.337,0.040,2.19,1211,0.030,193.000,21.800,2.439
0.6601,0.008531,1.284,0.100,2.10,1430,0.078,193.000,21.800,2.439
0.2246,0.003607,1.603,0.0001,1.99,380,0.0001,193.000,21.800,2.439
0.7139,0.008916,1.240,0.160,2.57,1553,0.129,217.000,21.257,2.439
0.4767,0.006556,1.369,0.040,2.17,1118,0.029,217.000,21.257,2.439
0.5491,0.007817,1.416,0.080,2.30,1297,0.056,177.000,19.507,2.326
0.5241,0.006914,1.313,0.080,2.16,1148,0.061,217.000,21.441,2.273
0.5232,0.007259,1.381,0.080,2.26,1112,0.058,217.000,19.364,2.273
0.4147,0.006833,1.641,0.160,4.00,758,0.097,241.000,35.520,4.545
0.4096,0.006799,1.653,0.240,3.97,708,0.145,241.000,35.520,4.545
1.2752,0.012332,0.955,0.300,3.39,2511,0.314,321.000,16.366,2.857
0.8443,0.008868,1.042,0.240,3.79,1860,0.230,253.000,18.560,3.896
0.7286,0.008930,1.217,0.100,2.27,1619,0.082,229.000,19.514,3.846
1.0780,0.010448,0.959,0.160,3.68,2404,0.167,217.000,15.590,2.778
0.2715,0.003612,1.327,0.080,2.36,809,0.060,337.000,15.474,2.500
1.2009,0.012571,1.034,0.160,4.06,2074,0.155,249.000,21.748,4.651
1.4242,0.011670,0.808,0.280,4.82,3043,0.347,273.000,19.037,3.279
0.2102,0.003516,1.670,0.040,2.88,394,0.024,241.000,25.748,4.878
1.3180,0.010895,0.816,0.300,4.85,3010,0.368,273.000,19.860,3.279
0.1521,0.002066,1.356,0.0001,2.50,463,0.0001,433.000,10.726,1.587
0.4992,0.009048,1.804,0.220,4.11,1498,0.122,145.000,54.007,8.108
0.5344,0.008096,1.507,0.140,2.96,1657,0.093,133.000,36.928,7.229
1.5286,0.011746,0.757,0.320,4.71,3012,0.423,237.000,10.932,1.840
1.6012,0.012182,0.749,0.320,4.61,3433,0.427,165.000,14.652,2.479
2.1817,0.013417,0.602,0.320,5.55,3802,0.532,181.000,13.567,2.190
0.2941,0.006355,2.155,0.100,2.61,713,0.046,65.000,53.977,14.754
0.3093,0.006654,2.145,0.100,2.64,715,0.047,65.000,54.198,14.754
0.2657,0.004088,1.535,0.040,2.42,955,0.026,209.000,29.969,5.036
2.1387,0.012094,0.554,0.580,6.83,2941,1.048,205.000,14.459,2.222
1.0536,0.009242,0.868,0.320,4.54,2230,0.369,307.000,16.132,2.591
0.9653,0.009708,0.996,0.200,5.35,1798,0.201,129.000,25.529,4.688
0.4579,0.006088,1.324,0.0001,2.61,1057,0.0001,209.000,13.467,2.326
0.5702,0.006913,1.206,0.180,4.16,1332,0.149,217.000,22.193,2.222
0.7815,0.010522,1.336,0.260,3.51,1663,0.195,97.000,26.413,4.110
0.2604,0.004074,1.561,0.020,2.49,780,0.013,97.000,23.792,3.158
0.6239,0.007362,1.173,0.120,3.35,2048,0.102,305.000,20.645,2.703
0.2749,0.003935,1.428,0.0001,2.20,972,0.0001,193.000,27.074,4.545
0.2856,0.004047,1.413,0.0001,2.22,1012,0.0001,193.000,27.074,4.545
0.2780,0.003977,1.427,0.0001,2.21,974,0.0001,193.000,27.074,4.545
0.3110,0.004290,1.375,0.0001,2.25,1114,0.0001,193.000,27.074,4.545
0.1516,0.002752,1.813,0.0001,2.01,404,0.0001,241.000,27.615,5.263
0.2881,0.004491,1.555,0.0001,2.52,669,0.0001,129.000,12.728,2.439
0.4588,0.005887,1.278,0.080,2.63,1572,0.063,187.000,23.787,1.695
0.0531,0.002047,3.851,0.020,2.02,277,0.005,41.000,70.585,14.433
0.2726,0.004471,1.637,0.060,2.44,542,0.037,225.000,30.897,4.878
0.3047,0.004560,1.492,0.020,2.25,663,0.013,465.000,22.950,2.500
0.2651,0.004369,1.644,0.060,2.44,520,0.036,225.000,30.897,4.878
0.7479,0.009439,1.253,0.120,2.94,1456,0.096,193.000,26.089,5.556
0.1456,0.002246,1.542,0.080,2.68,478,0.052,249.000,22.414,2.326
0.8537,0.009051,1.051,0.100,3.55,2119,0.095,161.000,21.092,1.818
1.1546,0.010397,0.890,0.300,4.70,2563,0.337,255.000,18.777,1.897
0.3297,0.004705,1.423,0.080,2.61,895,0.056,181.000,25.343,1.905
0.3276,0.004776,1.453,0.080,2.59,890,0.055,181.000,25.995,1.905
0.3385,0.004941,1.455,0.060,2.60,860,0.041,181.000,26.200,1.905
2.0169,0.013410,0.651,0.500,4.83,3641,0.767,65.000,30.317,5.714
1.9107,0.013598,0.698,0.480,4.31,3453,0.687,129.000,30.317,5.714
0.6219,0.009548,1.526,0.180,2.40,1266,0.118,193.000,25.658,5.263
0.3682,0.006471,1.751,0.160,3.06,853,0.091,129.000,36.239,5.263
0.2413,0.003399,1.406,0.040,2.07,657,0.028,241.000,14.353,2.273
0.2398,0.003655,1.521,0.060,2.15,664,0.039,241.000,22.369,2.273
0.5474,0.006850,1.245,0.060,2.55,1664,0.048,205.000,19.723,3.077
0.2802,0.003624,1.290,0.060,3.46,1056,0.047,223.000,16.853,1.190
0.3288,0.004108,1.246,0.100,2.96,1024,0.080,219.000,15.974,1.170
0.3115,0.004159,1.331,0.060,2.66,1039,0.045,225.000,16.864,1.205
0.3222,0.004385,1.357,0.080,2.64,1075,0.059,225.000,17.655,1.205
0.8599,0.009194,1.060,0.260,2.83,2346,0.245,235.000,23.801,2.000
0.8609,0.009205,1.060,0.260,2.83,2335,0.245,235.000,23.801,2.000
0.1220,0.001734,1.420,0.0001,2.43,487,0.0001,285.000,15.125,1.075
0.3855,0.004715,1.219,0.080,2.68,1245,0.066,289.000,16.861,1.075
0.3277,0.004083,1.242,0.080,2.66,1103,0.064,289.000,16.552,1.075
0.2158,0.004228,1.955,0.020,2.22,421,0.010,289.000,12.571,3.636
0.2265,0.003296,1.452,0.080,2.56,573,0.055,233.500,20.817,3.556
0.1373,0.002869,2.087,0.020,2.55,351,0.010,433.000,31.799,5.263
0.1309,0.002675,2.041,0.020,2.56,359,0.010,433.000,30.930,5.263
0.1435,0.002954,2.055,0.040,2.55,355,0.019,433.000,31.239,5.263
0.1404,0.002296,1.633,0.020,1.94,461,0.012,225.000,35.162,8.333
1.5494,0.011714,0.745,0.340,5.98,2527,0.457,226.000,13.439,2.041
1.0253,0.011715,1.131,0.140,3.64,1866,0.124,209.000,23.778,5.882
0.3560,0.006495,1.818,0.100,3.75,735,0.055,721.000,39.963,5.556
0.3419,0.006058,1.766,0.100,3.57,752,0.057,181.000,39.963,5.556
0.3300,0.004248,1.283,0.100,2.69,885,0.078,241.000,10.771,1.796
0.3793,0.004731,1.243,0.100,2.48,1132,0.080,217.000,11.470,1.935
0.7129,0.007918,1.103,0.220,5.70,1593,0.199,298.000,22.743,3.448
1.4342,0.012393,0.852,0.260,3.97,3218,0.305,281.000,21.983,4.348
0.3816,0.006486,1.694,0.140,3.32,876,0.083,361.000,40.599,3.774
0.3377,0.005783,1.707,0.120,3.18,863,0.070,361.000,40.956,3.846
0.3678,0.005953,1.613,0.160,3.23,928,0.099,361.000,40.258,3.846
0.2366,0.004699,1.982,0.0001,1.99,348,0.0001,209.000,27.150,8.889
0.5809,0.007134,1.221,0.160,2.59,1923,0.131,153.000,26.700,2.703
0.1821,0.002601,1.427,0.080,2.10,939,0.056,289.000,24.630,4.255
0.3350,0.004273,1.272,0.080,2.07,1182,0.063,193.000,16.786,2.703
0.3027,0.005466,1.800,0.060,2.73,766,0.033,129.000,36.239,5.263
0.9662,0.011313,1.160,0.260,5.00,2164,0.224,433.000,14.582,4.225
0.2349,0.003412,1.450,0.020,2.36,534,0.014,289.000,15.693,2.778
0.8225,0.008663,1.045,0.120,3.06,2157,0.115,337.000,11.135,1.786
0.2777,0.006230,2.237,0.160,2.32,788,0.072,193.000,65.770,11.111
0.1804,0.002781,1.540,0.060,2.16,698,0.039,473.000,18.717,2.469
0.1575,0.002740,1.737,0.100,2.20,572,0.058,473.000,29.160,2.469
0.1573,0.002793,1.773,0.100,2.18,561,0.056,473.000,29.932,2.469
0.1618,0.002821,1.741,0.0001,2.19,599,0.0001,481.000,29.649,2.500
0.2423,0.003802,1.565,0.040,2.24,539,0.026,321.000,11.644,3.333
0.5283,0.005848,1.102,0.040,2.56,1639,0.036,217.000,16.467,1.408
0.5398,0.005896,1.087,0.100,2.60,1588,0.092,217.000,16.467,1.408
1.1274,0.010509,0.922,0.240,3.50,2336,0.260,177.000,8.675,3.333
0.4129,0.005056,1.220,0.040,3.05,967,0.033,265.000,14.105,2.128
0.4066,0.004962,1.216,0.040,3.07,988,0.033,265.000,14.105,2.128
0.6270,0.007163,1.136,0.220,3.69,1293,0.194,265.000,14.105,2.128
0.0629,0.001508,2.395,0.040,2.19,304,0.017,193.000,45.257,4.545
0.0724,0.001715,2.368,0.040,2.19,307,0.017,193.000,44.706,4.545
0.0705,0.001605,2.277,0.040,2.21,322,0.018,97.000,43.602,4.545
0.0699,0.001524,2.180,0.020,2.19,362,0.009,97.000,42.324,4.545
0.6474,0.009150,1.404,0.220,4.05,1372,0.157,145.000,25.754,2.703
0.6324,0.008813,1.385,0.240,4.05,1433,0.173,142.000,24.887,2.667
0.6154,0.008638,1.395,0.240,4.05,1405,0.172,145.000,25.552,2.703
1.5992,0.011076,0.682,0.480,4.78,3050,0.704,625.000,8.498,1.266
1.0170,0.008797,0.857,0.060,3.45,2910,0.070,577.000,7.238,1.156
1.4002,0.013668,0.963,0.280,3.85,2428,0.291,313.000,32.109,3.704
0.3694,0.005095,1.375,0.100,2.76,1034,0.073,385.000,19.740,3.947
0.8349,0.010097,1.200,0.240,5.90,1447,0.200,397.000,40.692,3.361
0.6620,0.007342,1.102,0.080,2.72,1822,0.073,273.000,12.511,2.083
0.9307,0.009975,1.062,0.380,4.79,2131,0.358,241.000,29.220,2.367
0.5333,0.005377,1.003,0.080,2.65,1996,0.080,241.000,11.404,1.724
0.7077,0.006624,0.930,0.100,2.87,2388,0.108,241.000,11.404,1.724
0.7594,0.007075,0.925,0.100,2.77,2377,0.108,241.000,11.404,1.724
0.7380,0.006903,0.929,0.120,2.58,2369,0.129,241.000,11.404,1.724
0.7628,0.007123,0.927,0.120,2.59,2378,0.129,241.000,11.404,1.724
0.7683,0.007141,0.923,0.100,2.76,2427,0.108,241.000,11.404,1.724
1.0760,0.009552,0.879,0.260,3.98,2517,0.296,233.000,10.127,1.449
0.7971,0.008969,1.117,0.200,3.30,1729,0.179,465.000,20.234,1.905
0.7932,0.007560,0.946,0.160,4.01,1878,0.169,209.000,7.768,1.186
0.7561,0.007647,1.004,0.060,3.19,2322,0.060,353.000,7.669,1.389
0.7508,0.007689,1.017,0.220,3.15,2203,0.216,353.000,7.669,1.389
2.1856,0.013550,0.607,0.320,5.35,3718,0.528,193.000,14.141,4.688
0.2599,0.003817,1.465,0.120,2.81,734,0.082,257.000,26.670,4.918
0.2489,0.003773,1.513,0.060,2.63,733,0.040,233.000,25.726,1.923
0.2659,0.004027,1.511,0.080,2.58,693,0.053,233.000,25.303,1.923
0.2639,0.003978,1.504,0.040,2.63,779,0.027,233.000,25.104,1.923
0.2824,0.004142,1.463,0.120,2.61,812,0.082,241.000,24.506,1.961
0.1405,0.002750,1.954,0.0001,2.28,302,0.0001,289.000,31.002,4.167
1.3474,0.010786,0.790,0.300,3.55,3198,0.380,113.000,14.487,3.922
0.2722,0.003741,1.371,0.060,2.67,593,0.044,369.000,11.202,2.098
0.2446,0.003853,1.572,0.080,2.18,505,0.051,337.000,19.906,3.636
0.5985,0.008102,1.346,0.160,3.24,1194,0.119,241.000,18.071,3.571
0.3064,0.004713,1.534,0.060,2.12,1008,0.039,205.000,26.612,2.439
0.3407,0.005251,1.536,0.040,2.17,967,0.026,205.000,27.496,2.439
2.3631,0.019335,0.799,0.380,6.41,3081,0.476,241.000,27.365,7.692
0.5979,0.009396,1.562,0.0001,1.81,763,0.0001,82.000,30.299,7.692
0.4158,0.005475,1.312,0.120,2.94,1295,0.091,241.000,23.520,1.754
0.4269,0.005610,1.309,0.100,3.06,1341,0.076,241.000,24.042,1.852
0.9024,0.010142,1.114,0.220,3.64,2098,0.197,245.000,26.132,2.273
0.4521,0.006381,1.406,0.120,2.71,1169,0.085,249.000,24.678,2.128
0.4685,0.006596,1.402,0.120,2.69,1174,0.086,249.000,24.482,2.128
0.4824,0.006694,1.381,0.100,2.68,1180,0.072,249.000,23.663,2.128
0.4606,0.006591,1.425,0.060,2.71,1084,0.042,249.000,25.094,2.128
0.4603,0.006365,1.377,0.100,2.64,1189,0.073,249.000,22.921,2.128
0.2334,0.003613,1.545,0.020,1.88,628,0.013,289.000,18.254,4.000
0.2812,0.003697,1.312,0.020,1.99,750,0.015,457.000,11.353,1.840
0.4139,0.005305,1.277,0.040,3.09,1306,0.031,329.000,19.966,3.390
0.8523,0.009913,1.153,0.160,2.92,2034,0.139,281.000,15.223,3.158
0.9871,0.010206,1.024,0.120,2.91,2779,0.117,205.000,21.034,3.846
0.4642,0.007085,1.519,0.080,3.36,1157,0.053,273.000,34.070,4.651
0.1696,0.002862,1.685,0.0001,2.22,497,0.0001,273.000,30.674,3.636
0.3490,0.003978,1.136,0.080,2.07,1338,0.070,193.000,11.397,1.754
1.0665,0.009993,0.927,0.220,4.58,2132,0.237,273.000,12.950,2.128
0.5770,0.006387,1.101,0.080,3.08,1390,0.073,369.000,10.485,1.538
2.1209,0.014215,0.656,0.400,4.65,4116,0.610,161.000,20.360,3.704
0.4107,0.005770,1.400,0.020,2.29,859,0.014,385.000,16.234,3.175
0.4531,0.006005,1.320,0.020,2.36,962,0.015,385.000,15.302,3.175
1.5814,0.014156,0.881,0.280,4.67,3372,0.318,225.000,24.488,3.030
1.5594,0.013107,0.828,0.280,8.22,2897,0.338,385.000,22.907,4.762
1.4988,0.012748,0.838,0.220,3.66,3639,0.263,205.000,21.461,4.255
0.1272,0.002480,1.947,0.0001,2.00,281,0.0001,181.000,29.576,6.818
0.8710,0.008436,0.960,0.220,4.68,2141,0.229,379.000,13.419,1.176
0.9703,0.009200,0.939,0.220,4.11,2354,0.234,241.000,20.790,1.987
0.2122,0.003084,1.450,0.020,2.10,504,0.014,229.000,17.237,3.125
0.5907,0.006812,1.147,0.080,3.85,1513,0.070,173.000,15.736,2.985
0.2689,0.006120,2.270,0.060,2.28,460,0.026,289.000,43.306,6.250
0.2530,0.003575,1.410,0.060,2.35,638,0.043,625.000,15.346,2.759
0.2001,0.002552,1.273,0.060,2.16,721,0.047,513.000,7.692,1.190
0.3529,0.004291,1.212,0.080,2.79,1002,0.066,417.000,8.639,1.370
0.6552,0.006441,0.977,0.120,2.47,2311,0.123,209.000,13.865,1.887
0.1503,0.002866,1.905,0.020,2.20,377,0.011,313.000,31.873,5.882
0.2563,0.002970,1.156,0.080,3.92,598,0.069,145.000,9.378,3.279
0.1684,0.002585,1.533,0.060,2.48,479,0.039,201.000,24.548,2.222
0.1743,0.002776,1.590,0.060,2.49,433,0.038,401.000,25.770,2.222
0.1521,0.002467,1.620,0.040,2.47,384,0.025,401.000,26.636,2.222
